latitude,longitude,acq_date,incendie,t_max,wind_max,precip_sum,h_mean,ndvi,ndwi
35.9677,9.61158,2017-07-13,1,39.2,19.0,0.0,41.2,0.281,-0.104
34.8062349483136,8.607153814073493,2018-06-10,0,34.8,29.2,0.0,47.8,0.094,-0.112
34.93578,8.53103,2019-11-29,1,19.0,14.8,0.0,71.5,0.085,0.023
36.16621697923448,9.146258410711647,2024-07-11,0,38.1,19.2,0.0,42.85,0.094,-0.129
36.76592195180087,8.913457132192384,2021-07-26,0,40.2,20.5,0.0,39.7,0.164,-0.145
37.19864937826784,9.433200380992943,2023-09-10,0,30.6,18.0,0.0,54.1,0.444,0.16
36.96735,11.03749,2024-08-19,1,30.2,23.7,6.1,54.7,0.14,-0.149
33.29294,8.66275,2019-03-15,1,22.1,20.6,0.0,66.85,0.058,-0.06
35.04103045872183,8.815720658343277,2021-06-03,0,28.3,12.1,0.4,57.55,0.101,-0.154
36.68687539283108,8.780716468565094,2017-10-08,0,24.5,8.9,0.0,63.25,0.313,-0.09
34.93644,8.52761,2016-04-19,1,28.8,15.8,0.0,56.8,0.25,0.05
36.288574270646144,8.97811762746377,2018-09-16,0,34.6,9.7,0.0,48.1,0.125,-0.234
36.36334558123881,10.536990840635871,2024-09-24,0,27.2,13.5,0.2,59.2,0.016,-0.025
36.49485405326732,10.456463775739769,2019-07-21,0,30.6,17.9,0.0,54.1,0.483,-0.001
35.4521835386832,8.641857192993948,2018-05-23,0,22.8,12.9,0.0,65.8,0.417,-0.032
36.5413134285,8.395618602464372,2019-08-02,0,40.6,13.0,0.0,39.1,0.201,-0.097
34.914302669926954,8.30650526561222,2021-06-24,0,37.7,21.8,0.0,43.45,0.126,-0.137
35.182933440682696,9.038383707430429,2020-10-23,0,28.7,11.2,0.0,56.95,0.194,-0.147
36.07871709052239,9.835248692359484,2021-10-02,0,27.2,8.7,1.4,59.2,-0.0,0.185
37.08908,9.37055,2022-07-13,1,33.7,13.6,0.0,49.45,0.303,0.028
36.8950807695176,10.802438478908226,2021-06-03,0,26.1,25.6,0.0,60.85,0.39,0.021
36.637832979203,10.408312314116747,2023-10-21,0,25.6,15.9,1.9,61.6,0.268,0.003
36.93511963033461,9.562530364273616,2016-06-12,0,27.8,26.3,0.0,58.3,0.259,-0.199
36.79627447258426,10.891310389670076,2016-10-24,0,26.1,22.1,0.0,60.85,0.25,0.05
32.28707,10.9738,2016-10-27,1,32.2,21.8,0.0,51.7,0.07,-0.107
35.28542550373935,8.444033460728043,2019-10-12,0,26.7,15.3,0.0,59.95,0.275,-0.093
35.61002424058334,8.727587498131486,2023-07-27,0,35.6,17.3,0.0,46.6,0.083,-0.102
35.12276275195685,8.748319969652162,2021-06-17,0,33.3,17.4,0.0,50.05,0.134,-0.128
37.07151,9.1516,2017-08-01,1,42.1,22.8,0.0,36.85,0.619,0.102
37.01140981910173,9.881384223095392,2023-07-08,0,45.5,25.8,0.0,31.75,0.099,-0.036
33.3653,8.54698,2022-02-02,1,16.7,25.7,0.0,74.95,0.062,-0.013
35.50740617327603,8.502035556460829,2018-09-07,0,34.5,21.7,0.0,48.25,0.12,-0.172
35.231623727413584,8.997082942241637,2025-06-18,0,33.1,19.2,0.0,50.35,0.1,-0.123
31.64688,9.17111,2022-09-04,1,41.5,26.3,0.0,37.75,0.049,-0.123
37.044181405537536,9.875381846445975,2025-08-11,0,33.5,19.2,0.0,49.75,0.132,-0.149
31.40284,9.8555,2019-07-26,1,38.6,20.9,0.0,42.1,0.086,-0.105
36.93081368620725,9.376171825556527,2021-07-19,0,28.4,24.2,0.0,57.400000000000006,0.182,-0.086
36.13101745829727,9.550333048940692,2019-07-05,0,36.2,14.7,0.0,45.7,0.134,-0.177
36.60804,9.07731,2018-07-17,1,33.5,16.8,0.0,49.75,0.214,-0.12
33.3042,9.2337,2016-04-12,1,35.5,31.4,0.0,46.75,0.064,-0.074
35.01320626370911,8.9652746167352,2020-08-08,0,33.1,14.0,0.0,50.35,0.125,-0.134
36.90676988519184,9.365647862372567,2022-05-04,0,26.9,24.9,0.0,59.650000000000006,0.509,0.295
36.79961726929324,10.74982086480873,2020-08-26,0,30.9,13.9,0.0,53.650000000000006,0.167,0.043
35.67696476159375,8.907355501775331,2019-09-02,0,22.8,22.9,3.8,65.8,0.187,-0.121
36.17368193732923,9.688694351620416,2021-07-10,0,35.8,15.0,0.0,46.3,0.174,-0.136
34.841641979255535,8.857808939804617,2025-09-10,0,35.8,33.3,0.0,46.3,0.085,-0.109
36.28496,8.77391,2016-07-27,1,30.7,14.2,0.0,53.95,0.406,-0.007
36.9688540746976,8.852659638394861,2019-05-05,0,17.2,29.3,2.5,74.2,0.678,0.236
35.56463867855246,9.267341476636132,2022-05-01,0,20.3,18.8,1.1,69.55,0.157,-0.001
37.24870023420567,9.914600737462989,2021-09-22,0,30.4,12.6,0.0,54.400000000000006,-0.015,0.168
36.85056919398297,10.583071376004582,2018-08-01,0,29.3,14.3,0.0,56.05,0.163,-0.198
36.509791895260896,8.930795907182874,2020-05-06,0,31.3,16.1,0.0,53.05,0.3,-0.112
36.5192414075656,10.171026931564938,2017-07-26,0,30.0,22.5,0.0,55.0,0.139,-0.136
37.06748540491367,9.973064798758012,2022-10-22,0,31.6,15.2,0.0,52.6,0.208,-0.104
33.36512,8.5479,2024-04-21,1,22.8,47.3,0.0,65.8,0.064,-0.027
34.74822275254737,8.651369036442286,2016-07-27,0,34.3,12.6,0.0,48.55,0.089,-0.138
36.15841,10.28465,2018-05-09,1,24.1,20.6,0.0,63.85,0.082,-0.164
35.60927045519369,9.3388032498902,2017-09-07,0,28.9,11.1,1.1,56.650000000000006,0.112,-0.142
36.48522272359682,10.039674610433998,2017-06-12,0,31.4,16.2,0.0,52.900000000000006,0.198,-0.162
31.49207,9.4923,2025-05-29,1,33.6,17.1,0.0,49.6,0.06,-0.092
35.48323022678925,9.278088221443516,2017-05-07,0,28.6,15.8,0.0,57.1,0.125,-0.132
34.96781,10.88351,2021-10-17,1,24.8,14.7,1.5,62.8,0.006,0.053
36.49884,10.02536,2017-05-23,1,30.2,16.2,0.0,54.7,0.106,-0.112
36.19125761019258,10.099868174272592,2020-08-02,0,42.1,17.3,0.0,36.85,0.148,-0.154
36.25942424886245,10.12245605091966,2019-09-14,0,28.7,13.1,0.0,56.95,0.247,-0.145
36.08988560578309,9.652454496571208,2022-06-10,0,24.0,30.2,0.0,64.0,0.359,0.074
36.21625697551087,9.165286024915414,2018-10-19,0,24.0,6.5,0.0,64.0,0.157,-0.221
37.12571575193747,9.280334661852535,2022-10-26,0,31.5,17.2,0.0,52.75,0.344,0.012
36.75378,9.26881,2017-08-07,1,41.4,18.5,0.0,37.900000000000006,0.125,-0.165
36.925125935935405,10.905485670763658,2025-08-24,0,29.5,15.4,0.0,55.75,0.12,-0.173
37.03036489950608,9.294180844911835,2021-05-22,0,28.4,21.0,0.0,57.400000000000006,0.499,0.091
31.70426,9.24448,2021-07-18,1,36.0,21.3,0.0,46.0,0.076,-0.116
37.151248723237885,9.225831345373468,2024-05-13,0,28.6,19.7,0.6,57.1,0.409,0.097
35.773215265409384,8.67048237215172,2020-09-03,0,24.7,10.0,1.8,62.95,0.076,-0.18
36.49034916699304,8.49716198212105,2019-06-01,0,23.1,11.7,0.0,65.35,0.25,0.05
31.48531,9.54112,2018-11-11,1,18.2,18.6,0.0,72.7,0.074,-0.116
35.32238,8.79493,2017-08-05,1,36.4,14.3,0.0,45.400000000000006,0.252,-0.106
36.05947475852903,9.334412213710554,2025-05-06,0,22.3,13.8,4.6,66.55,0.221,-0.034
31.40326,9.85435,2019-07-22,1,35.4,32.9,0.0,46.900000000000006,0.084,-0.111
35.54756945742451,9.09833236099376,2016-06-04,0,29.5,16.0,0.1,55.75,0.369,0.073
36.21465603738075,9.04860814258372,2024-07-22,0,30.7,25.9,0.0,53.95,0.087,-0.124
36.93999047851086,10.81896902100086,2023-08-22,0,31.3,17.7,0.0,53.05,0.269,-0.039
36.844,9.93433,2022-09-14,1,40.4,20.8,0.2,39.400000000000006,0.152,-0.072
34.9477565759347,8.813659228145438,2016-09-04,0,32.8,13.7,0.0,50.8,0.093,-0.147
31.70411,9.24198,2025-10-06,1,29.3,24.3,0.0,56.05,0.049,-0.092
36.51118375943656,10.744512816043326,2021-05-15,0,24.4,27.0,0.0,63.400000000000006,0.263,-0.097
36.5290046313996,8.923041011256263,2024-05-26,0,32.4,11.6,0.0,51.400000000000006,0.097,-0.131
36.7705598427451,10.628697836574752,2022-10-14,0,24.1,26.6,2.2,63.85,0.379,0.06
36.99789,9.71694,2025-09-05,1,31.8,13.6,0.0,52.3,0.093,-0.12
36.5374,8.66863,2025-09-13,1,33.6,12.6,0.0,49.6,0.124,-0.103
36.980976774791934,9.762552608947964,2024-10-01,0,33.6,17.1,0.0,49.6,0.055,-0.18
35.040429401237,8.725401718785555,2020-07-01,0,38.5,19.5,0.0,42.25,0.136,-0.131
36.1581,10.2822,2016-10-31,1,22.5,11.6,0.0,66.25,0.214,-0.064
36.84780907016381,9.51754782327565,2019-05-04,0,16.5,29.4,6.0,75.25,0.672,0.285
35.77589,9.89245,2022-02-22,1,17.5,35.7,0.0,73.75,0.057,-0.105
35.85155,8.59206,2021-08-23,1,35.6,13.7,0.0,46.6,0.044,-0.153
36.54369,8.86014,2019-07-20,1,39.7,15.8,0.0,40.45,0.211,-0.1
36.03197709047597,9.55482449419253,2025-10-27,0,18.4,25.6,0.1,72.4,0.214,-0.057
36.27857288391947,10.33848078783759,2019-06-08,0,36.1,14.0,0.0,45.85,0.203,-0.135
37.05886200072525,9.909786175154622,2019-07-10,0,31.3,27.3,0.0,53.05,0.248,-0.104
36.50242,10.02739,2016-11-13,1,21.3,10.4,0.0,68.05,0.111,-0.143
31.64731,9.16945,2023-02-19,1,19.5,18.0,0.0,70.75,0.073,-0.091
35.9978254137968,9.520805808370175,2018-07-08,0,36.7,11.4,0.0,44.95,0.128,-0.153
37.113369029815416,9.175058351897295,2022-07-26,0,36.8,12.6,0.0,44.8,0.392,0.087
36.44634108519404,10.649056355345952,2022-06-10,0,28.2,30.4,0.0,57.7,0.152,-0.078
36.97179164397925,8.906759908571338,2021-06-16,0,35.5,30.1,0.0,46.75,0.613,0.144
36.50618567522689,8.272021051366174,2019-07-07,0,33.8,13.2,0.0,49.3,0.836,0.331
31.65176,9.16952,2024-01-18,1,24.0,19.9,0.0,64.0,0.069,-0.089
37.26885531592004,9.482063292966815,2016-07-12,0,30.9,10.5,0.0,53.650000000000006,0.247,-0.031
35.20577,11.10647,2024-12-21,1,16.2,25.2,0.0,75.7,0.084,0.048
31.40343,9.85383,2016-02-14,1,27.0,37.2,0.0,59.5,0.25,0.05
36.319158266049726,10.32311379174007,2025-08-07,0,34.8,17.9,0.0,47.8,0.13,-0.152
35.84947,8.59022,2016-05-18,1,27.0,12.0,0.8,59.5,0.153,-0.076
35.3239,8.82526,2020-06-20,1,26.2,21.7,0.0,60.7,0.247,-0.107
37.20602767194188,9.39826540093758,2018-08-03,0,31.2,13.1,0.0,53.2,0.589,0.028
36.26750238894553,10.334733838487145,2024-05-07,0,29.4,18.9,4.2,55.900000000000006,0.17,-0.084
36.61115261871806,10.794957593692567,2024-06-19,0,30.1,17.7,0.0,54.85,0.25,-0.04
35.41513,9.26019,2021-06-28,1,38.0,21.3,0.0,43.0,0.216,-0.101
36.03444,9.24275,2019-08-21,1,32.3,19.8,0.0,51.55,0.127,-0.126
36.42530538768158,8.474040338519698,2017-10-13,0,24.9,9.9,0.0,62.650000000000006,0.184,-0.226
36.04695234995228,9.333801379143113,2017-05-01,0,25.9,17.0,0.9,61.150000000000006,0.367,0.009
36.55307790172813,8.318759266335324,2022-09-27,0,24.0,19.5,0.6,64.0,0.504,0.172
36.34620419273004,9.55036703339068,2022-09-12,0,35.7,14.3,0.0,46.45,0.082,-0.15
35.1239,8.92894,2021-06-19,1,37.3,14.7,0.0,44.05,0.308,-0.133
36.93981675220879,9.280289207713434,2020-08-14,0,38.3,20.1,0.0,42.55,0.162,-0.247
35.42935,9.24592,2021-06-22,1,35.8,18.4,0.0,46.3,0.219,-0.093
33.36639,8.55103,2023-03-19,1,22.8,46.6,0.1,65.8,0.096,-0.006
35.453876710977966,8.689398739441321,2024-09-20,0,24.0,10.9,0.6,64.0,0.217,-0.033
34.87072028940269,8.359219850968323,2022-06-20,0,33.0,14.3,0.0,50.5,0.069,-0.111
35.67065701162017,8.761495866073771,2023-09-03,0,31.9,21.0,0.1,52.150000000000006,0.083,-0.145
36.451911830926456,8.328892358173373,2017-08-12,0,27.4,14.7,0.1,58.900000000000006,0.281,-0.151
33.91486,10.06948,2024-01-05,1,21.5,20.9,0.0,67.75,0.097,-0.011
34.72069770098084,8.494811409838986,2024-08-16,0,35.0,25.9,0.0,47.5,0.095,-0.103
35.179204460551226,9.208381084561053,2020-05-22,0,28.9,15.1,0.0,56.650000000000006,0.2,-0.112
36.920967317103546,9.432269923679888,2022-05-26,0,24.4,21.6,5.2,63.400000000000006,0.414,0.176
36.29512909620781,10.23940018805065,2020-09-20,0,32.5,7.8,0.0,51.25,0.244,-0.134
36.53231,10.82422,2020-07-29,1,33.6,14.0,0.0,49.6,0.265,-0.13
36.58061802659981,10.414359563670134,2017-07-04,0,29.4,10.3,0.0,55.900000000000006,0.491,0.09
36.94690410945788,10.903476936818382,2022-07-26,0,34.9,16.1,0.0,47.650000000000006,0.195,-0.097
36.8537841519789,8.655637673645291,2022-10-02,0,24.5,10.0,0.0,63.25,0.406,0.084
36.47139347380429,8.175452376923912,2024-05-17,0,30.3,15.6,0.0,54.55,0.365,0.02
35.2421116785781,8.851384781725795,2021-10-03,0,27.6,14.6,0.0,58.6,0.102,-0.154
36.4619635181071,10.50687654495498,2017-06-27,0,38.1,11.9,0.0,42.85,0.189,-0.139
35.8057358308964,9.250234836324166,2022-10-27,0,26.6,11.4,0.0,60.1,0.111,-0.115
35.19004,8.59907,2021-06-25,1,35.3,22.7,0.0,47.05,0.263,-0.099
35.03793,9.88597,2025-07-17,1,35.8,20.5,0.0,46.3,0.139,-0.126
31.64736,9.17096,2024-02-22,1,17.3,14.1,0.0,74.05,0.067,-0.114
35.46313,9.00104,2020-07-30,1,30.7,12.8,0.0,53.95,0.296,-0.108
35.03582072626822,8.880971443786459,2020-08-12,0,34.5,12.4,0.0,48.25,0.118,-0.161
36.99477908060993,10.948895722030288,2016-05-23,0,21.6,26.0,0.0,67.6,0.308,-0.122
37.19082319237755,9.361506706129472,2020-10-04,0,27.2,18.1,0.0,59.2,0.268,-0.056
36.18274671196715,9.777181259003743,2021-08-27,0,34.7,12.6,0.0,47.95,0.227,-0.032
36.48582348588496,10.5674793305291,2019-08-26,0,30.9,13.1,0.0,53.650000000000006,0.091,0.086
37.11997439157192,9.599485384205112,2020-07-22,0,35.0,18.5,0.0,47.5,0.141,-0.165
36.43289558179794,10.264666786502142,2020-07-25,0,35.5,14.8,0.0,46.75,0.122,-0.191
36.15668,10.28424,2022-10-08,1,31.3,14.8,0.0,53.05,0.064,-0.131
35.51539594577196,9.219167025405476,2020-09-19,0,33.3,13.8,0.0,50.05,0.061,-0.016
35.398532015567575,8.389463156848597,2022-05-19,0,29.3,16.3,0.0,56.05,0.129,-0.123
36.22289,9.89706,2022-05-07,1,18.7,30.8,2.9,71.95,0.311,0.022
31.65165,10.24224,2016-03-21,1,31.9,35.3,0.0,52.150000000000006,0.092,-0.101
35.64208451323344,9.299945226317764,2018-07-20,0,37.0,16.3,0.1,44.5,0.114,-0.163
36.72112779720538,10.870979973621036,2025-09-11,0,28.9,23.7,0.0,56.650000000000006,0.141,-0.143
36.67637,9.92053,2020-05-22,1,28.2,19.6,0.0,57.7,0.114,-0.068
35.46758,8.54508,2017-08-03,1,35.4,12.1,0.0,46.900000000000006,0.346,-0.032
36.70569293415549,10.798115929701364,2022-08-04,0,35.6,13.5,0.0,46.6,0.159,-0.119
34.4341,8.72515,2017-07-13,1,43.2,22.1,0.0,35.19999999999999,0.097,-0.153
35.23966914984123,8.809352734311013,2022-05-20,0,27.1,12.0,0.0,59.35,0.106,-0.091
35.74798684474547,8.721514778931892,2016-05-10,0,30.4,19.9,0.0,54.400000000000006,0.172,-0.092
36.86950960078038,10.886281751399167,2025-05-18,0,24.9,19.9,0.0,62.650000000000006,0.284,0.01
36.91444562623767,9.48874116983646,2022-07-20,0,39.0,25.1,0.0,41.5,0.157,-0.095
36.30501571744436,10.178107776926224,2024-09-20,0,27.6,11.4,9.0,58.6,0.106,-0.158
36.78556,10.678,2023-07-25,1,42.2,21.7,0.0,36.7,0.189,-0.107
35.88848,8.86778,2023-09-11,1,32.3,15.1,0.0,51.55,0.093,-0.116
36.89889728944361,9.64131049229193,2022-06-17,0,35.2,16.2,0.0,47.2,0.119,-0.122
36.76385,9.28441,2025-08-11,1,32.6,20.0,0.0,51.1,0.134,-0.091
35.24472103363416,8.63841415703905,2017-08-11,0,34.0,14.2,0.2,49.0,0.124,-0.173
36.63253122919495,10.719839625995435,2021-06-25,0,34.4,14.8,0.0,48.400000000000006,0.266,-0.058
37.21790631788966,9.532845513543016,2019-10-11,0,22.7,15.6,0.0,65.95,0.792,0.254
31.40347,9.85298,2016-03-17,1,22.7,14.8,0.0,65.95,0.089,-0.097
36.82692960438413,8.71759373332321,2019-06-16,0,24.0,12.1,0.0,64.0,0.611,0.163
36.77147142859595,10.563295070951188,2024-08-27,0,32.2,15.2,0.0,51.7,0.193,-0.071
36.376068485686815,9.33519157572207,2024-07-25,0,34.0,15.6,0.0,49.0,0.188,-0.072
36.82045,10.64702,2021-07-31,1,41.9,15.3,0.0,37.150000000000006,0.301,-0.076
37.135461472476834,9.94084395258347,2016-09-27,0,23.7,12.4,4.8,64.45,0.236,-0.143
37.17449760169286,9.400520891952109,2025-06-13,0,34.4,20.0,0.0,48.400000000000006,0.478,0.234
35.12792840944915,9.033519253508455,2016-10-05,0,25.5,8.9,9.7,61.75,0.206,-0.123
36.19583367869195,9.429376494495944,2020-05-13,0,33.7,31.4,0.0,49.45,0.26,-0.064
33.87312,9.99154,2019-07-01,1,30.7,23.5,0.0,53.95,0.052,-0.168
35.95273617149465,9.26123156434918,2018-09-15,0,27.5,11.8,0.0,58.75,0.157,-0.203
36.15817,10.28465,2017-06-25,1,35.4,16.5,0.0,46.900000000000006,0.059,-0.149
31.40607,9.85468,2018-12-16,1,15.9,15.5,0.0,76.15,0.071,-0.056
36.99792716335982,9.377050624360765,2021-06-25,0,37.7,20.0,0.0,43.45,0.2,-0.07
32.28811,10.97475,2016-08-13,1,31.9,24.0,0.0,52.150000000000006,0.058,-0.126
36.90099,9.54963,2025-10-03,1,20.5,20.0,0.0,69.25,0.141,-0.163
37.0507974865817,9.892111313101394,2023-05-03,0,21.5,24.7,0.0,67.75,0.406,0.153
31.39905,10.02314,2019-04-24,1,34.5,24.6,0.0,48.25,0.075,-0.101
36.86366631657207,10.889426194549344,2021-09-09,0,27.9,25.1,6.5,58.150000000000006,0.04,0.056
31.39946,10.02028,2022-06-11,1,31.2,25.7,0.0,53.2,0.065,-0.098
35.279456954993016,8.934075731706374,2020-09-26,0,22.9,21.9,0.0,65.65,0.148,-0.144
36.02040573953968,9.468570686568262,2022-08-17,0,41.6,19.5,0.0,37.6,0.096,-0.079
36.97626805744871,8.843340313066854,2016-09-11,0,26.7,15.1,0.0,59.95,0.383,0.035
31.64703,9.16938,2022-05-01,1,22.9,35.9,0.0,65.65,0.069,-0.099
36.101036001934325,9.952592999328996,2024-06-10,0,34.8,20.1,0.0,47.8,0.059,-0.144
36.80264,8.57885,2017-07-31,1,42.4,26.3,0.0,36.400000000000006,0.437,-0.026
35.19844035647193,9.060087716606388,2019-06-15,0,34.9,15.9,0.0,47.650000000000006,0.202,-0.131
35.73009951696724,9.502809506603938,2024-06-13,0,29.9,17.9,0.0,55.150000000000006,0.095,-0.114
36.60234564540113,10.678055583301852,2019-05-25,0,20.6,17.5,17.6,69.1,0.425,0.026
35.047072854850335,9.275824013517012,2018-06-16,0,32.2,15.9,0.0,51.7,0.185,-0.103
34.88912774743971,8.482730770957295,2018-05-01,0,25.6,33.7,1.9,61.6,0.12,-0.111
31.40244,9.85185,2018-09-30,1,28.6,20.5,0.0,57.1,0.102,-0.108
37.14403707708965,9.527581111165354,2018-10-01,0,26.4,17.7,0.0,60.400000000000006,0.283,-0.033
36.35907431945667,10.177339055944676,2020-06-11,0,28.6,15.5,0.9,57.1,0.262,-0.083
34.715514345476215,8.488041339227035,2019-07-20,0,33.4,20.7,0.0,49.900000000000006,0.099,-0.128
35.122122990534784,8.769591556694039,2022-05-10,0,18.8,11.7,2.0,71.8,0.123,-0.043
36.27329,8.7585,2016-07-27,1,31.7,14.2,0.0,52.45,0.38,-0.01
31.70059,9.24346,2023-08-12,1,37.5,29.0,0.0,43.75,0.055,-0.093
34.76403893559521,8.60935339348976,2023-09-13,0,33.4,18.6,0.0,49.900000000000006,0.082,-0.097
36.94212696663607,8.808953168049651,2022-06-23,0,27.9,10.9,0.0,58.150000000000006,0.345,0.092
37.25287,9.59044,2022-10-18,1,26.5,14.5,0.0,60.25,0.253,-0.047
31.64898,9.17377,2023-03-08,1,26.7,15.5,0.0,59.95,0.069,-0.092
36.92594,8.73063,2022-08-19,1,27.5,21.2,0.0,58.75,0.327,0.021
33.3641,8.54788,2022-12-30,1,18.4,9.0,0.0,72.4,0.056,-0.037
37.07262473575477,9.188017833126256,2025-08-04,0,26.3,15.1,0.0,60.55,0.297,-0.026
37.02646544011967,9.29381673847889,2019-06-05,0,31.6,21.1,0.0,52.6,0.383,-0.061
36.26780022832183,9.038750126767573,2018-06-11,0,34.1,24.1,0.0,48.85,0.154,-0.095
36.02306,8.96723,2018-03-16,1,26.5,27.9,1.2,60.25,0.25,0.05
36.56752466464899,10.596276902806196,2024-05-18,0,31.1,15.8,0.1,53.35,0.265,-0.015
35.03853968164966,8.675142267463146,2020-07-27,0,35.6,18.9,0.0,46.6,0.128,-0.158
36.73046,8.88206,2022-09-13,1,32.7,11.5,0.0,50.95,0.475,0.164
36.8359593783151,8.758134246825554,2023-10-01,0,25.0,14.0,1.8,62.5,0.31,-0.016
31.64869,9.17009,2019-03-29,1,19.1,21.3,0.0,71.35,0.092,-0.116
37.03290321536426,9.56628760094578,2016-07-24,0,31.0,18.3,0.0,53.5,0.264,-0.155
36.45933400454226,10.564574318307969,2025-06-01,0,27.2,15.2,0.0,59.2,0.174,-0.094
33.87556,9.99172,2019-06-30,1,33.8,22.5,0.0,49.3,0.055,-0.167
35.12123818142242,8.865015490065055,2020-07-16,0,31.8,12.6,0.3,52.3,0.136,-0.166
37.19858072494305,10.024516852376504,2018-06-13,0,25.3,28.2,0.0,62.05,0.67,0.312
36.48195244327288,9.873446892794998,2017-07-26,0,31.7,27.1,0.0,52.45,0.159,-0.213
36.4925,8.73957,2017-07-09,1,40.1,21.2,1.5,39.85,0.117,-0.152
35.64845675187228,8.616199944140979,2018-09-17,0,30.6,12.4,0.3,54.1,0.116,-0.141
36.58997,10.31999,2020-11-04,1,24.3,11.1,0.0,63.55,0.058,-0.2
36.886089556182704,9.504299397045088,2017-07-18,0,32.2,17.4,0.0,51.7,0.182,-0.136
37.15962648540472,9.459070821303271,2018-10-27,0,25.5,22.8,0.0,61.75,0.811,0.322
33.03117,10.47522,2016-10-23,1,36.3,27.8,0.0,45.55,0.086,-0.141
36.688007272619295,8.774842223568639,2016-07-03,0,30.3,11.2,0.0,54.55,0.25,0.05
36.828,8.7357,2017-08-02,1,37.8,15.4,0.0,43.3,0.712,0.233
36.50051,10.02579,2024-03-13,1,18.1,14.2,0.0,72.85,0.25,0.05
36.9362,8.728,2023-07-25,1,36.9,21.7,0.0,44.650000000000006,0.35,0.074
36.33872558784072,9.135535192837985,2020-05-02,0,25.4,19.1,0.0,61.900000000000006,0.25,0.05
36.74138126860619,9.002265734995383,2019-07-14,0,35.6,21.8,0.0,46.6,0.191,-0.111
36.3117568384886,10.107183186132763,2019-08-21,0,31.8,15.5,0.2,52.3,0.132,-0.131
36.53156,9.20107,2023-04-09,1,17.7,17.7,0.1,73.45,0.3,-0.008
34.93666567887281,8.307412715772056,2019-08-24,0,28.7,8.9,0.1,56.95,0.133,-0.158
35.42098342667189,9.154897750925397,2022-09-23,0,23.5,13.0,0.9,64.75,0.215,-0.029
34.5904,10.38685,2016-03-27,1,22.3,23.8,0.0,66.55,0.102,-0.118
36.03129,9.21893,2020-07-29,1,35.0,17.1,0.0,47.5,0.108,-0.187
36.48389850349925,10.79104111390284,2022-09-06,0,30.9,18.9,0.0,53.650000000000006,0.105,-0.101
31.64691,9.17153,2023-11-21,1,23.0,21.9,0.0,65.5,0.063,-0.103
35.85206,8.59091,2023-02-19,1,20.5,11.3,0.0,69.25,0.25,0.05
36.69817701556239,8.765425617233854,2024-06-02,0,19.4,18.7,0.4,70.9,0.36,0.069
36.93044425176344,9.34940907938265,2023-09-04,0,31.7,18.9,0.0,52.45,0.147,-0.112
37.24136,9.57841,2023-10-04,1,28.2,11.6,0.0,57.7,0.156,-0.155
31.65,9.17127,2023-01-21,1,15.9,21.0,0.0,76.15,0.077,-0.098
31.64622,9.17084,2025-04-01,1,24.1,16.4,0.0,63.85,0.068,-0.079
31.39988,10.02179,2019-08-12,1,36.9,22.4,0.0,44.650000000000006,0.074,-0.157
37.16977206409284,9.305551265026516,2019-05-10,0,24.3,13.6,0.0,63.55,0.49,0.044
36.63674,8.83717,2020-07-31,1,40.7,14.3,0.0,38.95,0.225,-0.105
36.99651280252472,11.020523315244752,2016-08-20,0,31.9,16.8,0.0,52.150000000000006,0.139,-0.196
31.48495,9.54051,2018-07-21,1,43.0,22.9,0.0,35.5,0.072,-0.128
36.67901,9.92048,2021-04-06,1,22.4,21.2,0.0,66.4,0.492,0.235
35.09985031272162,8.606115058656613,2023-09-11,0,31.7,10.0,0.0,52.45,0.086,-0.15
36.059926531827735,9.233748975451029,2019-10-01,0,27.3,15.1,0.0,59.05,0.21,-0.117
36.95913096541056,9.295440732154931,2025-06-14,0,32.9,19.5,0.0,50.650000000000006,0.226,-0.045
36.67925,9.92303,2025-05-05,1,25.9,12.8,0.7,61.150000000000006,0.191,-0.026
35.86457103604973,9.115871539871891,2025-09-22,0,26.8,11.7,16.2,59.8,0.098,-0.1
37.14467289375284,9.573767335678149,2024-07-08,0,35.2,17.3,0.0,47.2,0.139,-0.082
36.590714967081816,8.827879916172396,2016-08-18,0,34.7,10.2,0.0,47.95,0.206,-0.107
36.691114398472685,10.526451203308486,2019-05-09,0,27.5,18.5,0.0,58.75,0.405,0.061
36.15868,10.28373,2019-06-04,1,29.6,18.8,0.0,55.6,0.119,-0.131
36.12792350850741,9.269832963194752,2019-05-09,0,27.2,24.1,0.0,59.2,0.358,0.019
34.76194438778046,8.696551249153814,2021-09-12,0,31.5,26.1,0.0,52.75,0.094,-0.135
35.445299904216846,8.7957065964253,2019-09-21,0,30.8,18.3,0.4,53.8,0.248,-0.18
35.71206,9.9787,2016-06-26,1,39.5,19.5,0.0,40.75,0.084,-0.161
36.94901360294142,9.596763169987543,2023-07-24,0,46.4,22.6,0.0,30.40000000000001,0.114,-0.135
31.39975,10.02212,2016-01-26,1,14.9,11.1,0.0,77.65,0.086,-0.071
36.59905218428368,10.06241877385414,2017-07-07,0,37.6,23.2,0.0,43.6,0.127,-0.179
31.6504,9.17266,2021-09-18,1,36.6,23.8,0.0,45.1,0.082,-0.142
35.58138642553644,8.989226548827316,2016-09-01,0,31.8,11.7,0.0,52.3,0.263,-0.081
34.83490003650199,8.58958454020671,2017-05-13,0,29.3,27.2,0.0,56.05,0.12,-0.122
35.33225,9.15713,2021-08-11,1,40.5,18.0,0.0,39.25,0.159,-0.17
31.70239,9.24555,2019-11-19,1,17.3,12.7,0.0,74.05,0.086,-0.083
36.85559496420521,10.955677686456974,2024-10-02,0,29.8,18.3,0.0,55.3,0.11,-0.154
36.37005,8.43184,2021-07-27,1,37.5,17.2,0.0,43.75,0.459,0.03
36.77516,10.20033,2016-10-11,1,27.1,15.5,0.0,59.35,0.077,-0.097
35.510602812046706,8.418328122816282,2025-08-12,0,30.6,19.6,0.0,54.1,0.141,-0.101
35.245238911846634,8.665652504914952,2023-10-13,0,28.9,8.4,0.0,56.650000000000006,0.088,-0.106
36.40242007866738,8.711521953467283,2019-08-22,0,36.9,16.3,1.3,44.650000000000006,0.226,-0.146
35.47844697560092,8.987720494328531,2025-07-12,0,34.8,15.2,0.4,47.8,0.158,-0.1
35.050537223454214,8.784752998081448,2021-09-25,0,37.8,25.4,0.0,43.3,0.103,-0.134
31.65083,10.24223,2016-08-17,1,36.6,15.4,0.0,45.1,0.067,-0.163
35.44772,9.24352,2017-06-29,1,37.7,21.3,0.0,43.45,0.307,-0.087
37.04115,9.75288,2021-10-22,1,27.4,17.1,0.0,58.900000000000006,0.135,-0.265
33.36656,8.54837,2025-12-30,1,14.3,14.5,0.0,78.55,0.074,-0.009
32.29103,10.97449,2017-09-01,1,38.1,22.7,0.0,42.85,0.076,-0.111
36.56837,8.92515,2016-08-10,1,31.7,18.9,0.0,52.45,0.267,-0.062
34.85135833337634,8.949407134565929,2017-07-08,0,33.6,15.3,0.0,49.6,0.122,-0.136
35.05142652675836,9.261001082009116,2024-10-20,0,23.5,16.3,0.0,64.75,0.108,-0.073
36.69398,10.19452,2021-01-02,1,14.1,16.6,0.0,78.85,0.668,0.287
36.63524530046334,10.717912803538043,2021-06-23,0,33.5,15.7,0.0,49.75,0.326,-0.039
31.49366,9.49279,2023-09-29,1,30.7,20.9,0.0,53.95,0.058,-0.096
33.87341,9.98978,2019-06-05,1,39.1,31.9,0.0,41.35,0.059,-0.111
37.07349480647224,9.460773401426732,2016-08-03,0,30.3,14.4,0.0,54.55,0.158,-0.146
34.69845779764118,8.64066101531036,2017-05-12,0,37.3,33.2,0.0,44.05,0.132,-0.119
36.55233073420556,10.55948472702483,2017-06-06,0,26.8,16.1,7.1,59.8,0.438,0.011
35.91477600455602,9.4514059528377,2018-10-10,0,22.1,17.9,0.0,66.85,0.364,-0.024
34.60448,10.5863,2018-10-14,1,25.8,22.6,0.4,61.3,0.1,-0.102
35.34979984369226,8.954451567425208,2024-07-09,0,40.3,13.7,0.0,39.55,0.091,-0.137
37.23746156765414,9.936923110856196,2019-08-15,0,28.6,25.5,0.0,57.1,0.489,0.065
36.65048895582639,10.774722729457372,2020-05-06,0,30.3,24.2,0.0,54.55,0.459,0.054
31.64823,9.16667,2024-08-09,1,37.8,27.5,0.0,43.3,0.051,-0.086
36.59125,10.31767,2023-11-21,1,23.5,20.5,0.6,64.75,0.044,-0.091
36.45232,9.56303,2023-10-18,1,34.6,17.5,0.0,48.1,0.199,-0.043
31.40653,9.8534,2018-11-07,1,22.7,13.0,0.0,65.95,0.083,-0.126
35.66700592407484,8.623767122177814,2017-08-27,0,35.4,15.2,0.0,46.900000000000006,0.096,-0.15
36.9243609774479,10.945148138728824,2016-08-05,0,31.0,13.8,0.0,53.5,0.232,-0.223
36.98869566854653,9.62259184235159,2019-09-18,0,34.1,16.3,0.0,48.85,0.402,-0.045
31.40047,10.02108,2020-01-30,1,19.6,13.7,0.0,70.6,0.097,-0.113
36.01818438666477,9.259938568523872,2020-05-25,0,29.0,13.8,0.0,56.5,0.227,-0.084
36.71948338599626,8.614383599681432,2025-10-05,0,22.8,17.2,0.5,65.8,0.194,-0.122
36.43648375531741,10.160709202668334,2023-06-14,0,25.1,12.1,21.2,62.35,0.186,-0.059
37.09548892817736,9.702712987200066,2021-08-24,0,36.7,21.3,0.0,44.95,0.134,-0.144
36.57406195276652,10.60737295014736,2017-08-04,0,42.3,10.1,0.0,36.55,0.304,-0.076
33.87204,9.99392,2019-03-01,1,21.3,28.1,0.0,68.05,0.074,-0.142
34.980995704081835,8.98668841121529,2023-05-09,0,21.0,22.7,1.1,68.5,0.084,-0.12
36.22480061307415,9.35074469037908,2025-06-05,0,36.1,15.0,0.3,45.85,0.103,-0.109
36.51124522559433,10.375083390556531,2021-06-26,0,35.6,15.2,0.0,46.6,0.266,-0.048
37.04565,9.59305,2018-08-31,1,33.9,14.8,0.0,49.150000000000006,0.206,-0.249
36.43479643852877,10.363967932098369,2016-05-15,0,24.9,16.9,0.0,62.650000000000006,0.291,-0.132
36.78452,8.60444,2017-07-30,1,39.6,22.6,0.0,40.6,0.799,0.302
36.586655891139344,8.905007561827349,2020-06-02,0,31.6,16.9,0.0,52.6,0.393,0.039
35.63275623463053,8.789918288041983,2021-05-24,0,27.6,18.8,0.0,58.6,0.124,-0.127
36.92173157605252,9.616411746367175,2020-07-26,0,38.7,20.1,0.0,41.95,0.192,-0.156
37.04669838602284,9.247626138830563,2018-10-25,0,20.5,20.4,1.1,69.25,0.662,0.393
35.783573966985514,9.037920590911378,2021-07-20,0,32.0,14.5,0.0,52.0,0.096,-0.152
34.65294274323845,8.562734343274492,2019-10-19,0,26.2,17.1,0.0,60.7,0.129,-0.105
36.29339782537216,9.57716421483172,2024-09-09,0,29.5,21.8,0.8,55.75,0.086,-0.166
35.23712197951391,8.581906320286338,2018-07-19,0,40.1,26.7,0.0,39.85,0.155,-0.117
36.53018,10.8227,2018-06-26,1,27.3,24.3,0.4,59.05,0.37,-0.031
35.771300481958946,8.76324907773947,2016-07-17,0,30.8,18.3,0.0,53.8,0.096,-0.167
35.51149327905836,8.996517883676,2016-07-22,0,35.3,14.0,0.0,47.05,0.212,-0.133
34.99606367120977,8.618005603056956,2025-09-26,0,24.2,32.5,5.0,63.7,0.122,-0.112
34.76558495336368,8.491577410588677,2021-06-07,0,32.0,24.7,0.0,52.0,0.089,-0.152
35.006254301184256,8.94259313015268,2022-08-21,0,34.1,15.9,0.0,48.85,0.082,-0.109
36.8320157209259,10.957726520971985,2016-05-09,0,19.6,32.1,0.0,70.6,0.401,0.038
36.72734,10.10755,2025-08-31,1,34.6,14.8,0.0,48.1,0.117,-0.109
35.9904104659174,9.531914044236032,2017-06-18,0,31.6,14.8,0.0,52.6,0.196,-0.104
31.40175,9.85323,2023-04-17,1,23.1,26.2,0.0,65.35,0.075,-0.09
37.23556344943714,9.739003073715224,2017-09-07,0,29.1,12.6,0.0,56.35,0.132,-0.118
34.934504036955204,8.62083532270743,2021-09-13,0,29.9,17.4,0.0,55.150000000000006,0.095,-0.165
34.954410732273374,8.582998620591278,2021-09-27,0,34.7,20.9,0.0,47.95,0.109,-0.127
36.363140319083605,9.81733378783304,2025-07-18,0,36.4,17.1,0.0,45.400000000000006,0.072,-0.119
36.77918341958389,8.750850923993333,2025-08-25,0,33.3,10.1,0.0,50.05,0.358,0.07
35.96457709843607,9.481266073334693,2017-09-10,0,32.4,25.7,7.2,51.400000000000006,0.152,-0.15
34.99610995408658,8.808777328132187,2022-05-03,0,24.3,24.8,0.1,63.55,0.108,-0.083
35.551475512898485,8.493723291016366,2025-10-17,0,22.1,13.7,5.8,66.85,0.25,0.05
36.963391214390114,10.016721517759892,2018-07-11,0,36.2,19.1,0.0,45.7,0.318,-0.042
31.7063,9.24277,2020-09-04,1,37.0,33.6,0.0,44.5,0.07,-0.105
36.51439,8.2816,2017-07-31,1,38.3,12.5,0.0,42.55,0.702,0.194
34.93188143147032,8.321463504677673,2025-09-15,0,32.7,23.6,0.0,50.95,0.098,-0.117
37.14583122941608,9.597571245396136,2022-05-26,0,26.5,21.9,3.6,60.25,-0.133,0.059
37.06775032686659,9.701270348759564,2019-08-21,0,35.0,21.6,0.0,47.5,0.153,-0.161
36.2402756752921,9.139053925561806,2021-06-17,0,37.8,20.5,0.0,43.3,0.173,-0.131
37.33359860631173,9.859254936012462,2019-08-03,0,31.2,21.0,0.0,53.2,0.042,-0.105
35.391930435827966,8.719612752312441,2016-06-03,0,29.5,13.3,0.9,55.75,0.104,-0.151
36.16013438114993,9.13789497001581,2025-08-22,0,32.9,17.1,0.0,50.650000000000006,0.136,-0.083
36.91890155774065,9.698747526986075,2023-09-02,0,37.3,20.8,0.0,44.05,0.082,-0.172
37.040958264648,9.828997885387295,2019-07-06,0,39.8,13.3,0.0,40.3,0.205,-0.148
36.49951,10.0281,2024-10-05,1,26.1,16.8,0.0,60.85,0.056,-0.125
33.87471,9.99063,2021-01-29,1,23.2,37.5,0.0,65.2,0.076,-0.106
36.95163,8.69829,2023-07-25,1,36.7,24.6,0.0,44.95,0.225,0.033
36.1301377321342,9.726634116919254,2016-10-02,0,27.3,8.5,1.3,59.05,0.222,-0.14
33.92689,10.08152,2018-10-02,1,24.1,31.9,1.7,63.85,0.076,-0.075
36.93793,9.72144,2025-09-13,1,30.1,11.0,0.0,54.85,0.141,-0.124
35.759489252996964,9.502533682284644,2017-09-12,0,32.2,12.8,0.0,51.7,0.134,-0.135
31.48408,9.54297,2018-05-13,1,33.7,21.0,0.0,49.45,0.079,-0.105
35.23929913320451,8.742782447158657,2022-10-02,0,29.0,8.0,0.0,56.5,0.076,-0.133
35.926631382775554,9.383483723260762,2023-05-24,0,18.4,14.5,3.6,72.4,0.253,-0.025
35.35017786993606,8.502709781326098,2019-10-20,0,25.9,17.3,0.0,61.150000000000006,0.181,-0.11
36.231128094967815,9.285664587908023,2025-08-01,0,36.0,21.7,0.0,46.0,0.132,-0.083
35.62781108159312,9.246413022458114,2023-10-17,0,29.6,15.1,0.0,55.6,0.095,-0.099
31.49369,9.49453,2021-09-18,1,36.2,23.4,0.0,45.7,0.075,-0.113
34.82865719620097,8.54855058954748,2020-10-14,0,21.0,35.9,0.0,68.5,0.099,-0.135
35.04996245003538,8.387140051524534,2019-10-19,0,24.0,14.7,0.0,64.0,0.066,-0.008
35.59564590444203,9.325566294800907,2025-09-12,0,27.9,16.3,0.0,58.150000000000006,0.069,-0.083
36.47753,9.1511,2019-09-14,1,29.2,11.7,0.0,56.2,-0.015,0.268
37.05959069209379,10.078483050987252,2022-09-15,0,39.3,22.5,0.0,41.05,0.114,-0.112
36.366901501163326,9.471615664411816,2016-06-25,0,35.8,15.9,0.0,46.3,0.25,0.05
33.36512,8.54929,2022-06-18,1,38.2,27.1,0.0,42.7,0.066,-0.037
37.05300177810216,9.442569489880384,2021-08-14,0,34.7,13.0,0.0,47.95,0.215,-0.019
36.21823041739929,9.046212987174018,2023-07-04,0,36.0,14.4,0.0,46.0,0.103,-0.118
35.40385853127261,8.606596133422093,2017-06-03,0,31.1,14.7,0.6,53.35,0.124,-0.138
36.58946,10.3176,2020-10-29,1,23.7,19.3,0.0,64.45,0.065,-0.193
33.367,8.54722,2024-04-25,1,23.4,17.1,0.0,64.9,0.06,0.004
35.48701,8.53689,2017-08-05,1,37.7,12.6,0.1,43.45,0.287,-0.059
36.74135573232104,8.889738938944603,2024-07-25,0,29.4,15.2,0.0,55.900000000000006,0.255,-0.038
36.77502,10.19938,2017-09-12,1,34.2,14.0,0.0,48.7,0.09,-0.08
31.40574,9.85191,2016-09-25,1,33.0,24.5,0.0,50.5,0.066,-0.129
36.685757907312905,8.56973435825195,2019-10-20,0,30.6,19.5,0.0,54.1,0.356,-0.093
36.31578,8.45736,2021-07-26,1,40.2,18.4,0.0,39.7,0.445,0.011
35.864051639458296,9.154654244660245,2017-06-11,0,27.4,13.7,0.0,58.900000000000006,0.2,-0.06
36.67163,9.58658,2024-06-17,1,40.1,20.9,0.0,39.85,0.131,-0.102
35.063594888396246,9.220702808587138,2017-05-20,0,30.5,15.2,0.0,54.25,0.173,-0.108
31.3982,10.02198,2021-10-03,1,32.0,20.2,0.0,52.0,0.059,-0.119
36.42255044100983,10.656387749173565,2024-09-13,0,28.0,36.2,0.0,58.0,0.134,-0.058
36.12972794988216,9.564452968395726,2023-09-26,0,22.4,19.5,0.0,66.4,0.104,-0.163
36.77614,10.20225,2025-10-17,1,25.6,11.7,0.2,61.6,0.069,-0.092
36.55973514083057,9.04444823727606,2020-07-19,0,30.9,14.5,0.0,53.650000000000006,0.113,-0.14
37.00218296306024,9.620836819339443,2021-09-17,0,35.0,20.5,0.0,47.5,0.287,-0.093
33.92968,9.97349,2017-02-05,1,22.5,34.1,0.0,66.25,0.25,0.05
37.12894196048883,9.364767580617514,2016-07-19,0,32.7,14.4,0.0,50.95,0.552,0.044
36.3436608172238,9.785794618241882,2016-09-16,0,32.0,15.9,0.0,52.0,0.066,-0.189
35.34079,8.90238,2021-07-05,1,36.4,15.5,0.0,45.400000000000006,0.165,-0.191
36.58501067272788,10.000133730192935,2021-10-15,0,21.2,27.0,0.0,68.2,0.138,-0.139
33.90068,9.96542,2020-09-13,1,28.3,15.7,1.7,57.55,0.143,-0.094
36.88147,10.05454,2022-06-27,1,45.9,21.7,0.0,31.15000000000001,0.162,-0.103
37.05078124573751,10.994900683922326,2016-07-19,0,28.7,15.5,0.0,56.95,0.25,0.05
35.67878844221372,8.639228328542355,2016-07-27,0,32.2,14.0,0.0,51.7,0.071,-0.142
36.7283,9.50724,2022-06-18,1,32.6,18.1,0.0,51.1,0.227,-0.024
36.59159673736124,8.525647653647617,2025-10-10,0,25.0,9.5,0.0,62.5,0.13,-0.155
36.83899,9.22252,2018-09-16,1,33.0,12.7,0.9,50.5,0.141,-0.236
36.63555391540668,9.026413012447408,2016-09-02,0,30.0,15.7,0.0,55.0,0.159,-0.19
31.64671,9.16929,2022-05-06,1,27.3,23.2,0.0,59.05,0.075,-0.09
37.1643021577334,9.63383982565333,2019-10-08,0,24.3,24.7,2.1,63.55,-0.75,0.788
36.57833978687039,9.957190719757008,2022-09-18,0,30.3,17.3,0.0,54.55,0.094,-0.172
35.589539593623826,8.801778516210398,2019-05-23,0,22.1,18.9,0.0,66.85,0.376,0.045
37.02029,9.2145,2024-08-01,1,41.7,17.4,0.0,37.45,0.425,0.126
35.29574055711781,8.327970203996498,2016-08-11,0,25.5,10.1,1.7,61.75,0.146,-0.169
36.64748756804247,10.43103476587901,2018-05-06,0,21.5,10.5,4.6,67.75,0.372,0.078
35.79537433210915,9.275034269879155,2021-06-21,0,37.1,24.5,0.0,44.35,0.139,-0.169
36.05360476414052,9.67110872598668,2016-10-26,0,31.6,8.3,0.0,52.6,0.545,0.068
36.07776191133899,9.527508340329906,2020-07-01,0,37.9,10.8,0.0,43.150000000000006,0.134,-0.185
36.39844073539272,10.003282331985366,2024-10-21,0,23.0,8.6,0.3,65.5,0.205,-0.077
36.56183418093746,8.38295304734822,2023-07-20,0,36.1,10.8,0.0,45.85,0.241,-0.064
35.37949925844785,8.474457828126665,2023-09-27,0,23.7,15.0,0.0,64.45,0.115,-0.13
35.04560191809508,9.037615102763835,2019-09-17,0,32.9,11.4,0.4,50.650000000000006,0.127,-0.166
37.02102789079396,9.265541980953705,2024-09-14,0,22.1,30.3,0.0,66.85,0.052,0.062
31.64949,10.23623,2016-06-11,1,39.0,20.0,0.0,41.5,0.098,-0.14
32.00035,10.56526,2017-02-25,1,24.4,32.8,0.0,63.400000000000006,0.059,-0.065
35.52684,9.94668,2024-02-09,1,25.0,30.2,0.0,62.5,0.284,0.026
36.02913613711205,9.23635770044094,2021-09-26,0,34.9,16.1,0.0,47.650000000000006,0.115,-0.129
35.10175297441784,8.839535048315884,2025-09-01,0,35.8,21.0,0.0,46.3,0.104,-0.109
36.70919545945784,10.612703785977692,2016-10-17,0,25.6,9.9,0.0,61.6,0.368,-0.039
35.276378754621184,8.374790382981985,2022-09-22,0,22.5,23.3,13.9,66.25,0.128,-0.119
36.509766850075295,8.218527928750696,2018-07-01,0,32.3,13.3,0.0,51.55,0.727,0.195
36.64185886408359,10.39840580524633,2023-07-01,0,30.7,21.0,0.0,53.95,0.3,0.008
36.22527821572997,10.122235900638447,2023-09-27,0,27.6,25.5,0.1,58.6,0.085,-0.185
37.099143262389234,9.940074144383953,2016-09-09,0,25.7,21.3,0.3,61.45,0.14,-0.214
35.001853640887155,8.993434539203585,2018-07-13,0,40.9,15.1,0.0,38.650000000000006,0.11,-0.169
36.146648759290095,9.228802565876114,2019-05-07,0,21.7,13.0,0.0,67.45,0.576,0.215
36.50193,10.02759,2017-08-21,1,32.6,20.3,0.0,51.1,0.079,-0.172
35.74005821818094,8.755902528474001,2017-07-25,0,31.3,17.1,0.0,53.05,0.084,-0.156
31.64612,9.17078,2024-10-06,1,30.8,12.8,0.0,53.8,0.057,-0.126
34.87585286909565,8.461651187855388,2021-05-11,0,30.0,26.0,0.0,55.0,0.136,-0.116
36.58788541951851,8.762688146594801,2023-10-05,0,27.2,16.5,0.0,59.2,0.096,-0.134
37.17045451410216,9.130567773438507,2021-09-25,0,35.1,18.6,0.0,47.35,0.109,-0.036
36.86985,8.9862,2022-08-18,1,28.4,24.9,0.0,57.400000000000006,0.379,0.044
35.22974993394789,8.686417914214958,2025-05-15,0,20.4,22.3,13.0,69.4,0.167,-0.064
36.13693968840747,9.082885365653237,2021-10-22,0,26.2,13.8,0.0,60.7,0.392,0.004
35.284465799602096,8.64147465577732,2018-07-19,0,40.9,24.2,0.0,38.650000000000006,0.13,-0.148
36.690037681471,10.937381918748429,2018-06-05,0,27.9,15.4,0.0,58.150000000000006,0.164,-0.21
36.55201649634705,8.775845768908713,2020-05-11,0,27.2,14.4,0.0,59.2,0.288,0.057
34.8342120012409,8.389635710956805,2017-06-04,0,30.9,25.1,0.1,53.650000000000006,0.117,-0.127
36.44926920744358,10.342104179874472,2021-09-19,0,34.1,13.3,0.0,48.85,0.133,-0.137
31.70367,9.24409,2020-12-30,1,16.9,22.1,0.0,74.65,0.077,-0.12
35.20243,8.70888,2019-07-05,1,36.9,18.7,0.0,44.650000000000006,0.238,-0.114
31.70368,9.24175,2017-03-10,1,24.0,20.2,0.0,64.0,0.075,-0.08
31.3988,10.02241,2018-10-28,1,27.3,29.2,0.0,59.05,0.077,-0.104
36.80355,9.40512,2018-09-30,1,28.0,12.2,0.0,58.0,0.107,-0.233
36.52083551349948,10.695817933482124,2016-07-15,0,25.8,38.5,0.0,61.3,0.174,-0.189
36.399,8.78218,2022-07-23,1,39.6,15.9,0.0,40.6,0.113,-0.144
36.27459,8.76513,2016-07-26,1,30.4,15.5,0.0,54.400000000000006,0.395,0.002
35.336832122776144,9.148457225498955,2016-07-23,0,34.3,17.1,0.0,48.55,0.256,-0.096
36.69654,8.69959,2017-08-05,1,39.3,17.4,0.2,41.05,0.737,0.179
36.8245390483924,8.844108077474688,2021-05-13,0,20.6,15.6,0.0,69.1,0.757,0.243
36.41275660389876,10.477604749293045,2017-06-23,0,31.4,14.1,0.0,52.900000000000006,0.211,-0.144
35.574169516804474,8.707497260177487,2020-07-07,0,28.1,22.3,0.0,57.85,0.158,-0.129
36.67764,9.92114,2020-12-09,1,13.5,29.2,0.5,79.75,0.113,-0.055
37.18712129464959,9.483337946923111,2019-05-03,0,21.9,19.0,3.4,67.15,0.515,0.112
37.14007318987039,10.025653659554129,2020-05-13,0,24.9,21.9,0.0,62.650000000000006,0.456,0.027
34.86497243390661,8.904183036041687,2023-05-03,0,25.1,20.2,0.0,62.35,0.08,-0.113
37.02963,9.25245,2020-08-19,1,34.6,13.1,0.0,48.1,0.433,-0.055
31.29235,9.98824,2019-10-29,1,23.8,17.7,0.1,64.3,0.065,-0.114
35.90175730036426,9.329250959775116,2019-08-12,0,37.1,15.5,0.0,44.35,0.156,-0.142
35.50118298942003,8.405606820158802,2016-08-10,0,33.7,15.1,0.9,49.45,0.076,-0.145
35.85562266511348,9.363431171516243,2017-06-20,0,30.6,18.7,0.0,54.1,0.293,-0.06
31.40489,9.85514,2016-12-01,1,15.4,18.0,0.0,76.9,0.078,-0.09
36.15272,9.70968,2017-08-08,1,40.1,17.0,0.0,39.85,0.344,-0.037
37.23466,9.60297,2023-10-18,1,36.5,14.3,0.0,45.25,0.135,-0.175
36.52699,9.27526,2025-09-18,1,29.9,15.0,0.0,55.150000000000006,0.104,-0.169
37.04374,9.59419,2017-09-04,1,33.2,20.7,0.0,50.2,0.155,-0.091
36.3772414778797,9.649893769783116,2019-09-19,0,34.3,15.3,0.0,48.55,0.111,-0.226
37.05394,9.16394,2017-08-02,1,39.2,18.4,0.0,41.2,0.599,0.137
36.28205885785366,9.620970818467583,2018-06-06,0,27.7,23.9,0.1,58.45,0.376,-0.113
36.77808,10.19984,2016-05-24,1,24.4,16.4,0.0,63.400000000000006,0.098,-0.074
31.3978,10.01997,2022-09-04,1,39.6,22.6,0.0,40.6,0.061,-0.085
36.56880155807144,10.414024242909573,2021-08-12,0,39.8,12.1,0.0,40.3,0.446,0.081
37.02315068933128,9.887610268621714,2021-06-04,0,34.2,23.7,0.0,48.7,0.102,-0.167
36.64218352410509,8.630773113066343,2024-06-26,0,32.4,13.1,0.0,51.400000000000006,0.244,-0.041
36.17597396190821,9.43132021112898,2017-09-05,0,30.7,13.0,0.0,53.95,0.1,-0.128
36.97718903751721,10.91593340736564,2024-06-03,0,23.2,20.2,0.0,65.2,0.295,0.061
34.89417025561255,8.95410629138104,2022-08-05,0,33.9,16.3,0.0,49.150000000000006,0.09,-0.131
35.22403,8.71776,2019-07-04,1,35.3,17.9,0.2,47.05,0.288,-0.09
31.70459,9.24388,2016-12-01,1,15.6,17.0,0.0,76.6,0.072,-0.091
36.59031,10.31726,2020-06-02,1,27.1,13.0,0.0,59.35,0.113,-0.061
35.85334968504619,9.404969322950212,2025-08-05,0,27.6,12.9,0.0,58.6,0.102,-0.115
36.48146914062612,9.92393481085558,2024-07-04,0,30.8,27.8,0.0,53.8,0.088,-0.14
35.606848156384,9.22532832344335,2025-08-17,0,32.2,22.4,0.0,51.7,0.123,-0.072
36.67651656257384,10.518558404896192,2021-10-14,0,18.5,26.1,13.1,72.25,0.321,-0.103
35.767657943687574,9.04614923033957,2018-08-04,0,30.0,17.1,3.7,55.0,0.111,-0.208
36.43597816414777,9.694777814099815,2021-10-17,0,24.7,12.3,0.0,62.95,0.157,-0.2
36.64679710752412,10.91617322534798,2025-05-01,0,22.7,10.3,0.0,65.95,0.04,0.005
36.70227334891846,10.5282658418521,2019-10-05,0,26.7,15.0,0.0,59.95,0.451,0.032
36.53091,10.82495,2018-05-29,1,25.6,20.2,0.0,61.6,0.304,-0.03
36.15234228355825,9.39845011120132,2024-06-18,0,42.8,25.8,0.0,35.80000000000001,0.09,-0.114
33.87274,9.99369,2016-05-16,1,26.4,24.6,0.0,60.400000000000006,0.042,-0.155
31.6466,9.17538,2024-08-09,1,37.8,27.5,0.0,43.3,0.06,-0.091
34.84898450680605,8.912276756674109,2024-10-13,0,28.4,8.9,0.0,57.400000000000006,0.085,-0.099
36.938074734090506,8.665238676447272,2025-07-20,0,29.3,12.4,0.0,56.05,0.159,0.091
35.07039050504129,8.912093950913844,2022-10-15,0,25.4,11.4,0.0,61.900000000000006,0.11,-0.107
36.567692034369074,10.520066508352391,2024-07-04,0,31.1,23.1,0.0,53.35,0.194,-0.043
36.28884534437071,10.138904550721328,2020-07-20,0,30.5,14.5,0.0,54.25,0.231,-0.168
36.78938172728812,8.59563481799254,2020-09-01,0,27.1,17.1,0.0,59.35,0.672,0.162
36.22550159295013,9.687255176199749,2024-06-18,0,36.4,22.7,0.0,45.400000000000006,0.238,-0.01
36.76656203770867,8.796059467135763,2018-05-19,0,19.8,14.2,0.0,70.3,0.719,0.307
37.25828,9.53636,2020-07-29,1,36.8,19.0,0.0,44.8,0.493,-0.048
36.62316086406919,8.491476268994242,2021-09-27,0,28.7,16.4,0.0,56.95,0.14,-0.127
36.96877824838031,9.955933190968256,2025-10-12,0,26.6,15.9,3.6,60.1,0.085,-0.176
37.02991310078458,9.991042805360737,2025-05-24,0,22.3,21.7,1.4,66.55,0.154,-0.104
36.86559467511833,9.380476801818366,2020-09-02,0,26.9,16.8,1.4,59.650000000000006,0.154,-0.133
36.47825780118651,8.501095277584234,2024-10-05,0,27.1,13.9,0.0,59.35,0.228,-0.062
35.53408,10.84981,2018-09-18,1,34.4,12.7,0.8,48.400000000000006,0.092,-0.12
31.6482,9.17125,2024-12-31,1,18.8,37.1,0.0,71.8,0.074,-0.131
36.08665275803271,9.4798523166172,2022-05-06,0,16.1,36.3,1.2,75.85,0.357,0.149
36.201374732997,9.814749220404789,2025-09-19,0,29.0,15.0,0.1,56.5,0.175,-0.056
36.140730294062045,9.166932726110764,2020-05-26,0,29.4,17.1,0.0,55.900000000000006,0.243,-0.147
36.90875014114116,8.670745909532148,2023-05-15,0,13.6,28.6,74.5,79.6,0.422,0.128
34.8982393937192,8.345794438831918,2021-06-18,0,35.3,16.1,0.0,47.05,0.106,-0.146
36.64986508540664,8.655497580567127,2021-09-07,0,29.3,13.8,0.0,56.05,0.646,0.078
36.85722514293044,8.832197265131246,2020-09-01,0,25.7,13.5,0.0,61.45,0.838,0.357
36.42484506328808,10.316236122480378,2024-07-15,0,39.7,11.8,0.0,40.45,0.095,-0.159
36.35722514187475,9.659164993735622,2024-09-21,0,31.5,18.0,0.4,52.75,0.062,-0.142
35.889775912278765,9.05248412913207,2021-07-23,0,33.9,17.4,0.0,49.150000000000006,0.426,0.023
36.54657,8.94639,2024-07-22,1,32.1,23.3,0.0,51.85,0.118,-0.112
37.20357572406299,10.189302523847491,2021-10-12,0,22.3,15.9,0.0,66.55,0.352,-0.014
36.559318442056814,10.067914812172882,2019-08-14,0,32.2,27.3,0.0,51.7,0.1,-0.103
35.29407,8.78513,2021-07-17,1,27.8,17.7,0.0,58.3,0.157,-0.298
35.23476812748294,9.002261808579135,2021-05-26,0,29.2,13.0,0.0,56.2,0.107,-0.17
33.5274,9.68254,2022-10-28,1,27.4,10.9,0.0,58.900000000000006,0.076,-0.06
36.45903455482706,9.889646345490377,2016-06-07,0,32.4,13.7,0.2,51.400000000000006,0.139,-0.189
36.091109669877575,9.843448089208412,2020-08-23,0,35.3,21.9,0.0,47.05,0.312,-0.106
36.53843519176667,10.57599046538536,2024-07-26,0,33.7,14.2,0.0,49.45,0.327,0.021
35.21819798261088,9.052041643488364,2023-05-13,0,29.2,15.6,0.7,56.2,0.201,-0.042
36.18241,9.74774,2017-08-09,1,39.6,16.3,0.0,40.6,0.112,-0.158
36.67375,8.68721,2021-08-11,1,43.0,20.8,0.0,35.5,0.338,0.075
36.1964119424668,9.782737306743478,2022-09-16,0,33.0,16.2,0.2,50.5,0.153,-0.064
35.607179863810195,8.824043995568873,2021-07-24,0,37.4,14.8,0.0,43.900000000000006,0.111,-0.164
36.18606746104987,9.3182000628231,2024-10-19,0,19.3,24.0,0.5,71.05,0.066,-0.139
36.93199,9.06339,2022-08-17,1,43.6,22.9,0.0,34.599999999999994,0.46,0.189
31.70255,9.24479,2023-12-16,1,14.3,21.5,0.0,78.55,0.062,-0.082
35.534872558015365,8.692972375914701,2025-07-02,0,33.2,17.5,3.2,50.2,0.123,-0.085
36.90337588738083,8.748236627241111,2019-06-14,0,35.2,32.5,0.0,47.2,0.414,0.005
36.30701540676209,9.106392741558004,2021-06-19,0,41.5,20.5,0.0,37.75,0.199,-0.142
31.39665,10.02347,2017-02-27,1,17.2,19.8,0.0,74.2,0.071,-0.093
36.13031,9.83712,2021-08-12,1,43.3,14.8,0.0,35.05000000000001,0.25,-0.062
36.50629645677948,10.095509372339754,2021-05-17,0,32.4,17.2,0.0,51.400000000000006,0.284,-0.045
35.06154782289914,8.903791767071564,2024-10-05,0,23.6,15.4,0.1,64.6,0.032,-0.026
36.42852498551069,9.842233115526383,2018-05-13,0,28.4,24.8,0.6,57.400000000000006,0.264,-0.085
35.08391216300146,8.549773020535374,2024-10-12,0,25.0,11.8,0.1,62.5,0.078,-0.051
36.67594,9.91865,2020-07-13,1,37.6,18.6,0.0,43.6,0.085,-0.123
36.78852418899003,10.955438143246289,2021-07-13,0,32.3,27.7,0.0,51.55,0.156,-0.146
31.00409,10.06344,2021-09-14,1,33.5,18.4,0.0,49.75,0.067,-0.12
31.64738,9.17231,2018-10-02,1,30.8,35.8,0.0,53.8,0.083,-0.128
35.10580849220792,9.254948512914217,2022-09-14,0,37.6,15.8,0.0,43.6,0.096,-0.121
35.67066763638578,8.833221059645085,2018-07-25,0,33.2,14.5,0.0,50.2,0.092,-0.142
36.50904524069083,10.46304683558711,2024-06-27,0,29.5,18.8,0.0,55.75,0.361,0.067
31.48625,9.53912,2018-11-14,1,23.9,28.7,0.0,64.15,0.07,-0.095
36.92793559387232,10.865911195440756,2024-09-27,0,29.4,13.6,0.0,55.900000000000006,0.119,-0.203
31.64811,9.17108,2022-05-20,1,30.5,33.2,0.0,54.25,0.074,-0.105
34.80556697981584,8.857750368721556,2019-08-24,0,31.6,14.3,0.0,52.6,0.094,-0.146
36.8607,9.21109,2018-09-19,1,29.9,14.8,0.8,55.150000000000006,0.136,-0.251
35.28446823859615,8.911619059722057,2016-06-24,0,32.0,16.5,0.0,52.0,0.137,-0.146
36.22170244903264,9.36962956449135,2016-10-25,0,33.5,10.5,0.0,49.75,0.25,0.05
36.87980890724284,9.418953683355742,2021-05-23,0,36.1,19.0,0.0,45.85,0.372,0.1
36.22387,9.80898,2021-08-16,1,37.6,15.4,0.0,43.6,0.09,-0.144
36.29502766807264,10.167483790736268,2021-09-01,0,33.1,14.6,0.1,50.35,0.163,-0.166
32.52004,9.68526,2018-10-02,1,29.4,36.2,4.9,55.900000000000006,0.087,-0.096
36.96194064489112,9.61839770839584,2023-05-16,0,18.4,35.5,2.1,72.4,0.451,0.249
36.653679074116695,10.83510793839319,2021-10-12,0,23.8,14.5,0.2,64.3,0.261,-0.161
36.52991435131512,9.87075350072328,2020-08-11,0,36.4,23.5,0.0,45.400000000000006,0.15,-0.187
36.183452302307366,9.517747712960656,2023-06-05,0,20.6,13.7,0.8,69.1,0.113,-0.071
35.60048896654721,9.169709871113556,2020-09-20,0,30.8,11.0,0.1,53.8,0.111,-0.178
35.09889423734257,8.688048534333461,2025-05-20,0,32.6,24.7,2.9,51.1,0.25,0.05
36.81507969265935,8.905564087723667,2024-07-01,0,29.9,28.2,0.4,55.150000000000006,0.497,0.206
35.58201559149632,8.784417841856053,2024-05-13,0,29.6,28.6,1.4,55.6,0.103,-0.077
37.05008783921017,9.846084804611268,2016-10-13,0,31.7,25.8,0.0,52.45,0.131,-0.23
36.11064226780407,9.727612523541111,2020-10-16,0,20.4,15.9,0.0,69.4,0.278,-0.071
36.7443,9.06783,2018-09-24,1,28.7,20.9,0.0,56.95,0.125,-0.243
35.635065437106746,8.834355547602895,2017-05-20,0,26.0,17.3,0.8,61.0,0.229,-0.099
35.4268855586063,9.041784429193653,2018-05-08,0,21.2,13.1,0.9,68.2,0.173,-0.131
35.034218531666745,9.15396167783729,2016-09-21,0,29.7,11.6,0.0,55.45,0.073,-0.159
36.03763837791452,9.158527985371236,2019-08-08,0,39.1,18.0,0.0,41.35,0.106,-0.092
34.97896189717245,8.748088379849918,2017-06-21,0,31.9,20.9,0.2,52.150000000000006,0.144,-0.137
36.68674882076341,10.624247641255906,2016-07-10,0,34.7,20.1,0.2,47.95,0.25,0.05
35.16401,8.60625,2021-06-30,1,36.7,25.7,0.0,44.95,0.233,-0.113
37.04753124125608,9.753657990930746,2017-07-07,0,38.2,22.0,0.0,42.7,0.193,-0.131
36.26018999788444,9.427818721857625,2017-08-01,0,38.5,23.1,0.0,42.25,0.11,-0.124
35.047850635396266,8.92197501923989,2025-06-23,0,34.0,18.4,0.0,49.0,0.088,-0.127
33.47941,11.10773,2016-03-07,1,15.5,24.3,0.0,76.75,0.032,0.113
36.819296313559065,10.996469273682012,2017-10-24,0,20.9,28.7,0.0,68.65,0.209,-0.218
37.09242231251096,9.20952189889299,2017-06-25,0,34.2,15.9,0.0,48.7,0.214,-0.225
33.8713,9.9912,2022-11-13,1,24.2,22.4,0.0,63.7,0.036,-0.072
36.5887,10.31719,2023-07-02,1,31.0,24.2,0.0,53.5,0.089,-0.14
36.4759980342722,9.840775621538189,2019-08-16,0,34.4,20.4,0.0,48.400000000000006,0.131,-0.145
31.65023,9.17118,2024-03-06,1,21.2,19.1,0.0,68.2,0.075,-0.113
37.12203429604386,9.116068138946211,2016-10-17,0,26.9,14.0,0.0,59.650000000000006,0.471,0.104
35.83731695934723,9.353152483471618,2021-09-02,0,32.0,14.4,0.2,52.0,0.186,-0.097
37.05334754706709,11.036296952877958,2018-09-03,0,27.6,14.0,0.0,58.6,0.219,-0.222
36.58841,10.31894,2023-09-30,1,28.4,15.9,0.0,57.400000000000006,0.06,-0.131
35.63051915142502,8.515529959019517,2018-10-15,0,25.3,19.7,1.9,62.05,0.118,-0.113
36.79123771458397,10.672399325903983,2022-05-08,0,18.5,25.4,6.3,72.25,0.25,0.05
36.20024349704789,10.026950440476355,2018-05-18,0,26.1,16.9,0.6,60.85,0.201,-0.129
34.97004676009049,9.079378088656554,2020-06-08,0,30.4,22.1,0.0,54.400000000000006,0.161,-0.145
32.28838,10.97577,2021-10-15,1,22.1,19.2,0.0,66.85,0.068,-0.116
35.18896,8.62734,2017-06-30,1,36.5,27.0,0.0,45.25,0.391,-0.041
37.00787587437247,9.90752108444232,2023-07-20,0,40.7,19.9,0.0,38.95,0.141,-0.044
36.32499518122521,9.056879303021123,2022-08-10,0,34.0,20.5,0.0,49.0,0.31,0.022
37.06045633676873,9.916902003302456,2024-05-20,0,26.9,30.6,0.2,59.650000000000006,0.209,-0.046
36.64190230594821,8.632109139631845,2016-08-09,0,31.5,10.4,0.0,52.75,0.105,0.045
35.602066072694704,8.638167501873353,2020-06-07,0,33.2,26.3,0.0,50.2,0.127,-0.107
31.64761,9.17151,2022-10-22,1,27.0,13.6,0.0,59.5,0.068,-0.104
31.64649,9.16679,2024-06-21,1,39.8,32.6,0.0,40.3,0.068,-0.108
36.32739165380477,9.704373253519904,2023-09-16,0,37.3,20.3,2.3,44.05,0.076,-0.114
35.73389,10.55321,2024-09-28,1,30.3,17.1,9.9,54.55,0.098,-0.108
35.361069014459375,8.393491597045095,2016-07-02,0,33.4,18.5,0.0,49.900000000000006,0.071,-0.16
36.13098842121149,9.891146323515944,2020-06-12,0,32.3,14.1,0.5,51.55,0.332,-0.04
35.20542380817132,9.035518891863342,2023-09-16,0,35.6,13.1,0.4,46.6,0.089,-0.122
37.02129536484568,9.265788433697464,2025-05-18,0,27.7,15.4,0.0,58.45,0.414,0.129
33.6985,8.93797,2016-04-01,1,32.2,28.2,0.0,51.7,0.174,-0.005
36.37260388315082,9.730877781914456,2016-10-03,0,28.9,11.0,0.0,56.650000000000006,0.099,-0.179
35.85149,8.59374,2019-10-06,1,26.9,17.7,0.0,59.650000000000006,0.124,-0.16
36.77835,10.20158,2021-10-02,1,27.6,17.3,0.0,58.6,0.103,-0.117
36.883320923193935,8.713993077491132,2023-06-27,0,26.2,16.8,0.2,60.7,0.457,0.162
37.1123384742106,10.137993399978608,2023-08-08,0,29.5,16.9,0.0,55.75,0.191,-0.076
35.060061401477306,8.930172437317397,2022-09-07,0,34.8,15.8,0.8,47.8,0.114,-0.122
37.03351982081998,9.981001012926548,2025-10-08,0,26.8,10.5,0.0,59.8,0.1,-0.134
36.17666772917657,9.102099468976986,2024-05-06,0,33.9,23.2,0.0,49.150000000000006,0.226,-0.027
35.77465,9.88989,2025-05-10,1,29.4,13.9,0.0,55.900000000000006,0.07,-0.126
31.40554,9.85282,2016-09-05,1,33.9,14.4,0.0,49.150000000000006,0.064,-0.128
31.7048,9.24175,2020-10-25,1,27.4,21.7,0.0,58.900000000000006,0.061,-0.107
36.10662972451853,9.621837835757466,2024-07-01,0,40.0,22.2,0.0,40.0,0.087,-0.099
35.84649238126551,9.177815030093964,2020-05-05,0,30.8,14.1,0.0,53.8,0.393,0.063
37.10253955540674,9.535855756403448,2021-10-19,0,21.8,12.3,0.3,67.3,0.365,-0.088
33.87466,9.99277,2019-06-09,1,40.8,30.0,0.0,38.8,0.083,-0.152
33.38155,8.45216,2022-11-26,1,21.2,30.1,0.0,68.2,0.046,-0.015
36.70017081162203,10.68653785041932,2025-07-25,0,40.3,24.9,0.0,39.55,0.27,-0.044
34.66939149253039,8.501768992221875,2021-09-20,0,29.7,20.8,1.0,55.45,0.128,-0.12
34.854541233128096,8.369953850066457,2018-06-24,0,33.1,22.4,0.0,50.35,0.1,-0.122
37.28829645713442,9.77870893414068,2023-10-10,0,26.6,11.2,0.0,60.1,0.099,-0.194
33.36627,8.55104,2022-04-17,1,24.4,19.4,0.0,63.400000000000006,0.099,-0.003
37.05112,9.13627,2017-08-02,1,40.0,16.6,0.0,40.0,0.64,0.187
35.68459860841172,9.13027903019244,2016-09-26,0,21.8,11.4,2.6,67.3,0.084,-0.186
35.06039549866278,8.520526852923012,2019-06-22,0,36.3,25.3,0.0,45.55,0.154,-0.116
34.60107,10.58185,2021-06-26,1,33.0,26.9,0.0,50.5,0.131,-0.115
35.84955,8.59357,2018-09-29,1,24.1,10.0,0.0,63.85,0.01,-0.042
36.86584,8.81084,2017-08-03,1,39.5,16.3,0.0,40.75,0.646,0.186
36.50796728513445,8.889253330471528,2024-07-12,0,43.2,17.3,0.0,35.19999999999999,0.098,-0.131
36.95342901605177,11.006716134717138,2020-07-06,0,27.6,27.3,0.0,58.6,0.733,0.282
34.8463,10.65972,2017-09-12,1,33.4,24.5,0.0,49.900000000000006,0.099,-0.123
31.7022,9.24238,2020-03-25,1,21.2,44.4,0.7,68.2,0.077,-0.1
36.35843,8.37484,2020-08-03,1,38.4,20.4,0.1,42.400000000000006,0.561,0.117
37.3128835496748,9.770488017211918,2021-05-07,0,19.9,23.5,5.2,70.15,0.234,0.332
35.33683570287613,8.3702554894234,2025-09-08,0,29.2,14.6,0.2,56.2,0.222,-0.043
30.25373,9.54142,2017-03-13,1,27.2,28.0,0.0,59.2,0.103,-0.031
35.47087615814113,8.700213090225843,2017-06-06,0,19.7,22.4,2.0,70.45,0.351,-0.05
36.92717090671538,9.657805701272313,2016-10-06,0,27.7,14.4,0.9,58.45,0.08,-0.257
31.39695,10.0232,2018-06-11,1,44.0,37.3,0.0,34.0,0.066,-0.104
35.938047175220504,9.107235363298203,2017-06-15,0,35.6,17.3,0.0,46.6,0.134,-0.1
36.81623823963682,8.764521397482643,2024-07-07,0,27.4,14.1,0.4,58.900000000000006,0.498,0.184
35.62483834947385,9.116515976764884,2023-07-09,0,42.3,20.2,0.0,36.55,0.079,-0.116
36.86287,8.68787,2020-08-12,1,36.7,28.0,0.0,44.95,0.772,0.272
36.30565763440803,9.945660561174916,2016-09-20,0,26.9,17.1,0.0,59.650000000000006,0.087,-0.23
35.25559040224464,8.943257511294378,2019-09-18,0,31.7,17.5,0.8,52.45,0.185,-0.128
36.45009621903659,10.193025743056136,2021-10-17,0,23.9,10.9,0.3,64.15,0.145,-0.184
37.13133381963867,10.001459745001265,2025-10-25,0,31.4,10.4,0.0,52.900000000000006,0.165,-0.089
35.19282,8.61566,2017-06-30,1,37.1,27.0,0.0,44.35,0.328,-0.088
36.37075666487336,9.778766690182024,2024-10-23,0,24.0,12.9,0.3,64.0,0.062,-0.162
36.34977885268528,9.90833337551107,2025-06-17,0,36.9,20.6,0.0,44.650000000000006,0.115,-0.135
37.09859,9.67844,2020-07-29,1,39.3,23.9,0.0,41.05,0.138,-0.129
35.40686635155364,8.853541584042494,2023-05-09,0,16.7,30.0,1.1,74.95,0.151,-0.093
36.72460790907439,10.656660269863838,2024-05-04,0,22.5,11.2,0.0,66.25,0.346,0.049
36.560514184649385,8.70191778766858,2025-06-15,0,36.6,14.7,0.0,45.1,0.173,-0.081
33.91813,10.03623,2017-10-27,1,25.6,25.0,0.0,61.6,0.117,-0.066
36.18613,9.74032,2017-08-09,1,39.6,16.3,0.0,40.6,0.191,-0.154
35.21406658611784,9.013501097949275,2019-06-10,0,36.9,18.6,0.0,44.650000000000006,0.201,-0.103
36.8515508814609,9.417525362964383,2016-08-04,0,34.1,14.0,0.0,48.85,0.152,-0.203
35.075496960483335,8.543332153939788,2018-05-23,0,24.7,18.8,0.0,62.95,0.125,-0.118
36.26897450387381,10.038920810670758,2021-08-17,0,37.8,16.1,0.2,43.3,0.114,-0.177
32.00047,9.49041,2025-12-01,1,19.5,24.5,0.0,70.75,0.074,-0.065
36.3770607804208,10.273989921746857,2025-08-05,0,32.2,17.9,0.0,51.7,0.144,-0.118
37.01710021593924,10.943696524845896,2025-10-06,0,23.0,34.7,0.0,65.5,0.104,-0.069
35.55356137412098,8.426206445744347,2023-08-19,0,37.0,18.7,0.0,44.5,0.115,-0.088
35.77628,9.89247,2023-12-10,1,20.9,27.4,0.0,68.65,0.054,-0.101
36.288284427510376,9.968573157126688,2020-08-25,0,33.0,20.0,0.0,50.5,0.168,-0.206
33.53114,9.68504,2022-12-16,1,25.4,31.7,0.0,61.900000000000006,0.066,-0.087
34.85341564777996,8.40073543987725,2017-10-26,0,22.2,12.8,0.0,66.7,0.102,-0.114
35.76180170974615,9.031223013066882,2021-10-13,0,19.2,22.3,0.1,71.2,0.088,-0.082
31.48475,9.54038,2019-01-26,1,13.9,22.7,0.0,79.15,0.08,-0.092
36.34509144367246,9.909852773901656,2025-08-08,0,35.8,16.7,0.0,46.3,0.131,-0.133
36.545065310562265,10.780667000056164,2024-09-09,0,31.5,25.9,0.5,52.75,0.077,-0.089
36.18304336455984,9.040502491815584,2025-05-25,0,21.5,22.5,0.0,67.75,0.247,-0.018
37.06352,9.04313,2025-08-10,1,28.0,11.7,0.0,58.0,0.259,0.14
37.1420051397519,9.880153915841598,2017-09-22,0,31.8,25.5,0.0,52.3,0.026,-0.208
36.94799204156946,9.385468367544783,2017-08-02,0,39.1,18.9,0.0,41.35,0.137,-0.126
36.77081171592739,8.472941873012653,2022-10-24,0,30.9,12.6,0.0,53.650000000000006,0.313,-0.004
36.42011424454354,8.947028940159738,2022-08-22,0,32.7,23.5,0.0,50.95,0.119,-0.122
36.454426673169216,9.522558243106378,2017-10-20,0,20.0,12.8,9.0,70.0,0.245,-0.089
36.86602,11.07305,2021-11-29,1,11.3,42.9,4.3,83.05,0.51,0.088
35.77446,9.89167,2018-10-15,1,29.6,13.9,0.0,55.6,0.096,-0.126
34.60543,10.58624,2024-07-01,1,38.0,31.1,0.0,43.0,0.068,-0.077
36.97826018843409,9.932137814623296,2025-10-01,0,27.3,25.5,0.6,59.05,0.083,-0.109
33.87439,9.99223,2018-04-27,1,28.3,23.1,0.1,57.55,0.063,-0.155
35.72372385110888,9.214621228437675,2024-07-09,0,38.8,14.1,0.0,41.8,0.064,-0.129
37.20951943279778,9.37308024216054,2023-05-03,0,18.9,23.2,1.2,71.65,0.37,0.088
35.34793,8.89483,2021-08-06,1,36.8,15.8,0.0,44.8,0.243,-0.12
34.96649280427046,8.939961759945298,2020-10-17,0,19.9,11.1,0.0,70.15,0.12,-0.12
34.6047,10.58389,2018-05-25,1,25.2,18.3,0.0,62.2,0.115,-0.12
35.10467359347365,8.896428041321377,2023-05-18,0,23.8,14.0,0.3,64.3,0.114,-0.125
35.16623,8.57716,2016-08-05,1,33.9,15.9,0.0,49.150000000000006,0.345,-0.06
36.30535151586447,10.377377336629348,2017-09-09,0,32.3,24.9,0.0,51.55,0.24,-0.09
35.18516,8.60343,2021-06-26,1,35.1,22.8,0.0,47.35,0.261,-0.098
36.91372745782645,10.782531410409558,2020-07-24,0,31.3,13.6,0.0,53.05,0.613,0.247
34.75280409998884,8.697248374533954,2020-10-20,0,22.5,17.5,0.0,66.25,0.113,-0.126
35.81836064782871,9.143789353236311,2017-08-12,0,27.0,13.3,0.0,59.5,0.108,-0.144
35.608058182200764,8.438115083227709,2021-08-03,0,38.0,25.2,0.0,43.0,0.228,-0.137
37.03754661162881,9.97943403712494,2020-06-18,0,32.3,20.3,0.0,51.55,0.162,-0.157
36.50761,9.97048,2022-05-19,1,31.5,17.8,0.0,52.75,0.251,-0.018
35.513847693269184,8.539136808011737,2019-10-06,0,26.3,16.9,0.0,60.55,0.341,-0.055
36.43299934952983,10.374161477331969,2020-09-10,0,29.9,12.7,14.7,55.150000000000006,0.128,-0.219
36.539675464218405,9.065955258375892,2022-09-02,0,38.2,22.7,0.0,42.7,0.119,-0.09
34.9525056661063,8.99595721458514,2017-07-08,0,33.7,12.0,0.0,49.45,0.114,-0.125
36.63920065133704,9.037880441105454,2017-07-20,0,40.8,19.2,0.2,38.8,0.142,-0.105
36.74089723978168,8.8182857970065,2025-07-21,0,39.1,15.4,0.0,41.35,0.239,-0.059
37.02273999850949,11.012571519914545,2024-09-27,0,29.2,17.5,0.0,56.2,0.112,-0.12
36.19853990149221,9.602200272086264,2019-05-01,0,18.2,11.2,0.0,72.7,0.476,0.072
35.2683742487163,8.669746976681335,2021-06-12,0,31.8,14.2,0.0,52.3,0.242,-0.073
36.42611017248706,9.738709101622144,2016-10-23,0,31.2,10.4,0.0,53.2,0.182,-0.104
35.541197231397405,8.932018598734636,2016-10-15,0,24.0,9.0,0.0,64.0,0.25,0.05
37.02443714122409,9.30337725425971,2020-08-13,0,40.9,18.7,0.0,38.650000000000006,0.182,-0.201
35.77523,9.89048,2018-10-10,1,27.6,13.3,0.3,58.6,0.086,-0.141
36.50225379296942,10.353278259892171,2016-05-27,0,32.3,11.3,0.0,51.55,0.191,-0.122
32.28984,10.97638,2022-02-22,1,20.1,38.8,0.0,69.85,0.064,-0.088
36.18968204489108,10.232252434287432,2020-06-13,0,28.3,20.2,0.0,57.55,0.149,-0.179
37.17752325429876,9.664956412113098,2016-10-15,0,26.1,15.9,0.0,60.85,0.004,0.242
36.04310941410162,9.691138974703184,2016-08-11,0,28.8,17.6,0.3,56.8,0.343,-0.06
35.51589450446826,8.698958632505141,2023-06-10,0,27.5,16.3,2.4,58.75,0.25,0.05
36.303027407873245,9.662393892229048,2021-10-09,0,21.6,16.8,0.0,67.6,0.262,-0.094
35.176807121239335,8.724609898439851,2017-06-03,0,32.8,13.0,0.0,50.8,0.138,-0.137
31.39918,10.02413,2016-06-11,1,39.1,21.3,0.0,41.35,0.08,-0.101
35.61761822702528,9.111351121986116,2024-08-20,0,31.7,13.7,0.0,52.45,0.052,-0.146
36.70711526571947,10.896035058725078,2025-08-13,0,32.3,17.2,0.0,51.55,0.174,-0.133
35.16347867386504,8.773636661498704,2018-10-05,0,22.3,13.3,0.3,66.55,0.201,-0.124
36.96463784313888,9.26397315602136,2021-05-20,0,19.0,26.3,0.0,71.5,0.477,0.087
36.82152121384179,8.760588186226862,2017-05-08,0,17.7,25.0,0.0,73.45,0.63,0.166
36.95392014082415,9.915527989604415,2017-10-14,0,24.6,14.1,0.0,63.1,0.125,-0.189
36.10246369730768,9.442474737561955,2023-10-12,0,30.1,17.1,0.0,54.85,0.09,-0.135
31.00265,10.06413,2025-05-15,1,28.1,40.4,1.9,57.85,0.047,-0.086
36.587554678696165,8.383166511865356,2016-10-22,0,24.4,9.7,2.4,63.400000000000006,0.25,0.05
35.602171277851994,9.28170869722428,2019-07-18,0,30.9,11.5,0.0,53.650000000000006,0.169,-0.127
35.9233795469622,9.518288548009089,2024-09-11,0,24.9,16.3,0.0,62.650000000000006,0.058,0.011
36.49372632714029,8.655844531752788,2016-06-16,0,30.3,25.8,0.0,54.55,0.244,-0.146
34.922372939717306,8.457343205720422,2023-09-07,0,31.3,18.4,0.0,53.05,0.109,-0.101
36.98478544804691,9.322386894300047,2025-07-01,0,35.3,21.8,0.0,47.05,0.179,-0.129
33.87272,9.99185,2020-08-27,1,33.2,15.7,0.0,50.2,0.051,-0.171
36.48973128297833,9.94916295443684,2023-06-06,0,23.1,15.8,15.4,65.35,0.124,-0.218
36.6100828996424,10.749935621227046,2025-05-10,0,23.9,13.8,0.0,64.15,0.204,-0.114
34.986348688303096,9.027674706899443,2020-07-18,0,31.1,14.4,2.2,53.35,0.138,-0.187
37.03735294366739,9.265096896213826,2017-07-15,0,28.5,22.9,0.0,57.25,0.276,-0.149
35.77641,9.8908,2024-03-22,1,26.8,18.4,0.1,59.8,0.097,-0.106
36.65648472829741,10.876480974639302,2024-08-15,0,32.4,14.5,0.1,51.400000000000006,0.132,-0.155
35.03369,9.4949,2017-06-17,1,37.4,16.3,0.2,43.900000000000006,0.125,-0.071
31.69774,9.24008,2016-02-20,1,21.3,28.3,0.0,68.05,0.25,0.05
36.44238762979225,10.541897667780116,2022-06-27,0,34.3,14.7,0.0,48.55,0.147,-0.075
35.63863,9.57235,2024-09-15,1,26.5,14.1,0.0,60.25,0.24,-0.002
35.71683348552471,8.774545753057707,2019-09-01,0,23.6,20.0,7.6,64.6,0.182,-0.136
31.65087,9.17222,2022-04-09,1,27.4,17.0,0.0,58.900000000000006,0.079,-0.089
31.64919,9.17005,2022-08-25,1,37.7,21.7,0.0,43.45,0.063,-0.134
36.86872717696091,10.793725361498922,2020-08-11,0,32.6,14.3,0.0,51.1,0.172,0.071
36.9240259529933,8.920444085252935,2016-09-16,0,23.0,20.2,1.9,65.5,0.741,0.235
36.44274769649673,9.004021546856185,2022-05-09,0,17.7,19.7,2.3,73.45,0.373,0.112
36.10616974515239,9.199345255948138,2021-08-22,0,33.6,14.8,0.0,49.6,0.276,-0.044
34.83403060243063,8.643534964768966,2024-09-09,0,32.0,28.2,0.1,52.0,0.077,-0.116
36.84832428668624,9.551532201602024,2020-07-09,0,32.2,16.3,0.0,51.7,0.162,-0.093
35.63069189659126,9.030405668424027,2018-07-08,0,37.1,16.7,0.0,44.35,0.099,-0.146
36.005081376196685,9.398374187261089,2016-05-02,0,14.6,35.0,0.5,78.1,0.353,0.052
35.35234330115742,8.869137457114242,2018-09-25,0,26.7,9.0,0.1,59.95,0.37,-0.017
36.82121415702272,10.626874197450032,2018-05-21,0,25.0,11.5,0.1,62.5,0.25,0.05
33.38153,8.45208,2020-02-14,1,21.3,11.8,0.0,68.05,0.056,-0.006
35.16348,8.57229,2016-08-05,1,33.8,15.9,0.0,49.3,0.33,-0.076
31.64672,9.17003,2021-10-02,1,31.5,21.4,0.0,52.75,0.068,-0.145
31.68812,9.20001,2021-02-10,1,23.8,16.9,0.0,64.3,0.086,-0.081
35.44744692941005,9.121370755713023,2024-06-25,0,30.7,13.6,0.0,53.95,0.145,-0.073
31.00293,10.05832,2020-08-14,1,38.8,24.1,0.0,41.8,0.067,-0.106
34.867951974546955,8.913240047365756,2017-10-07,0,24.1,21.6,0.0,63.85,0.111,-0.155
35.934600074538466,9.191592426703664,2025-07-13,0,36.9,20.4,0.0,44.650000000000006,0.095,-0.081
35.607197602716234,8.592260917666852,2017-07-11,0,39.6,19.0,0.0,40.6,0.129,-0.147
35.43441803094632,9.058899924385708,2023-07-04,0,35.0,15.0,0.0,47.5,0.131,-0.105
31.70114,9.2433,2019-04-06,1,26.5,34.9,0.0,60.25,0.089,-0.094
36.00069019669261,9.36808080748945,2020-09-11,0,25.1,13.6,1.3,62.35,0.048,-0.131
36.880262721622906,10.874869017281114,2019-06-14,0,30.0,23.9,0.0,55.0,0.232,-0.171
35.48356719805754,8.999329498183425,2019-08-01,0,37.7,15.3,0.0,43.45,0.236,-0.136
36.89303567009571,9.470309856182803,2021-09-12,0,28.2,14.0,0.0,57.7,0.155,-0.107
31.00525,10.06004,2020-04-18,1,33.7,33.3,0.0,49.45,0.089,-0.102
36.38851500044434,8.474128527636829,2016-06-04,0,27.7,10.5,0.9,58.45,0.217,-0.035
34.91573,10.48576,2025-09-01,1,36.4,20.9,0.0,45.400000000000006,0.093,-0.128
34.80270803690896,8.298213348300422,2022-06-20,0,33.2,18.8,0.0,50.2,0.101,-0.076
36.31827050173328,10.124270037029838,2025-08-06,0,33.1,16.0,0.0,50.35,0.116,-0.124
36.42561419241204,9.518300044131308,2020-08-22,0,40.9,19.3,0.0,38.650000000000006,0.312,-0.067
36.757643343609885,8.929723029078854,2025-09-18,0,28.0,15.0,0.0,58.0,0.232,-0.044
35.08731451591034,9.177213816181249,2019-10-13,0,27.4,12.1,0.0,58.900000000000006,0.163,-0.1
35.51595339888215,9.380538698160825,2019-05-07,0,25.4,16.8,0.0,61.900000000000006,0.206,-0.092
36.92600017098446,9.56630471249192,2024-05-01,0,19.7,22.1,4.5,70.45,0.413,0.124
34.60226,10.58488,2016-12-19,1,17.8,35.0,0.4,73.3,0.134,-0.076
37.26379161209915,9.887409932301155,2024-08-09,0,33.2,13.8,0.0,50.2,0.088,-0.065
36.44175122344772,9.022679739163348,2025-09-10,0,25.8,14.6,16.4,61.3,0.191,-0.078
36.562752964224906,8.49741297742225,2017-10-15,0,22.3,10.9,0.0,66.55,0.657,0.173
36.980166076069565,9.411027482929544,2019-05-19,0,19.0,16.9,0.1,71.5,0.512,0.122
36.483184797038014,10.62695137195056,2019-10-21,0,26.0,17.1,0.0,61.0,0.215,-0.129
37.11867853125156,9.936572628525449,2020-05-23,0,26.5,14.8,0.0,60.25,0.446,0.024
36.58768914170321,8.84041883072945,2025-05-25,0,23.2,21.1,0.1,65.2,0.34,0.109
36.619724505834846,8.7259890164951,2016-08-18,0,33.3,10.2,0.0,50.05,0.155,-0.159
36.35650290769892,10.154571587630238,2017-10-19,0,25.3,13.7,0.0,62.05,0.243,-0.165
36.69352608892014,8.898936853416352,2025-08-17,0,31.2,19.8,0.0,53.2,0.201,-0.04
35.85117,8.59351,2023-06-07,1,27.5,11.8,0.0,58.75,0.045,-0.152
36.971437674636896,9.549527804404624,2020-05-09,0,29.3,24.9,0.0,56.05,0.479,0.095
35.5800021457776,9.358904892979597,2022-06-12,0,32.0,14.1,0.0,52.0,0.091,-0.085
37.11267336851324,9.946613430882104,2019-06-15,0,29.3,16.9,0.0,56.05,0.31,-0.07
35.30584028842809,8.792961612562856,2016-05-16,0,21.4,10.8,0.7,67.9,0.22,-0.108
36.58966,10.31825,2020-08-29,1,37.1,21.3,0.0,44.35,0.053,-0.187
35.29155791465517,8.734578403033698,2024-06-16,0,33.2,22.0,0.4,50.2,0.083,-0.11
33.53005,9.68643,2024-10-12,1,29.7,26.1,0.0,55.45,0.047,-0.086
36.12047822944712,9.924520262184204,2023-05-15,0,16.7,28.3,10.1,74.95,0.013,0.027
36.78786436505872,8.85263145409517,2024-07-25,0,29.1,15.8,0.0,56.35,0.509,0.228
35.7637879382427,9.091564630459146,2021-07-02,0,36.5,15.8,0.0,45.25,0.166,-0.162
36.85824,9.90196,2018-07-29,1,37.8,20.2,0.0,43.3,0.195,-0.084
35.99633,9.61646,2017-07-31,1,34.6,18.1,0.0,48.1,0.315,-0.074
31.48751,9.54004,2017-12-05,1,14.6,21.2,0.0,78.1,0.071,-0.097
36.41977591000239,10.412252330491462,2025-10-23,0,29.5,22.0,0.0,55.75,0.094,-0.155
36.87244,10.14738,2020-06-17,1,28.9,21.0,0.0,56.650000000000006,0.155,-0.156
36.09800824916337,9.341960373673402,2016-08-19,0,38.4,13.9,0.0,42.400000000000006,0.023,0.005
36.81873818683716,11.042097698791656,2025-06-23,0,29.9,14.1,0.0,55.150000000000006,0.177,-0.079
36.41743201412408,8.977077372795783,2016-09-25,0,25.0,13.6,6.8,62.5,0.25,0.05
35.42080956156354,9.186968125075548,2023-07-14,0,38.9,12.7,0.0,41.650000000000006,0.199,-0.033
34.99867778420318,8.355479947338571,2017-09-14,0,29.9,16.9,0.0,55.150000000000006,0.142,-0.14
35.151879279525645,8.576248391240448,2018-06-25,0,27.0,24.3,0.0,59.5,0.25,0.05
34.91966029150119,8.469382562896126,2017-10-24,0,18.9,33.5,0.1,71.65,0.105,-0.137
36.07151875819205,9.585559683979833,2023-05-26,0,21.1,12.5,1.7,68.35,0.15,-0.083
37.03594,9.97891,2023-09-24,1,27.3,27.5,0.0,59.05,0.127,-0.119
35.060959519279535,8.994559353074267,2016-10-01,0,25.5,18.1,1.6,61.75,0.153,-0.153
33.36795,8.54996,2022-11-29,1,20.1,31.6,0.0,69.85,0.077,-0.001
36.25318705580001,10.054116596877405,2021-05-27,0,32.8,15.5,0.0,50.8,0.159,-0.114
33.29298,8.66115,2019-03-18,1,25.9,33.1,0.0,61.150000000000006,0.061,-0.078
37.10030108413094,9.182386447133672,2018-07-02,0,29.0,14.0,0.0,56.5,0.265,-0.179
35.712176863935426,9.35977939526332,2017-07-16,0,31.9,22.7,0.0,52.150000000000006,0.118,-0.111
35.41702,9.21562,2021-07-05,1,39.0,15.0,0.0,41.5,0.265,-0.076
36.80908,8.73781,2023-08-14,1,33.2,14.4,0.0,50.2,0.218,-0.077
37.03299547019359,9.640355641874953,2021-05-03,0,21.3,17.1,16.0,68.05,0.682,0.307
35.272567646845694,8.49307529520407,2024-10-21,0,18.3,12.9,1.3,72.55,0.13,-0.11
35.027128603420664,9.07204801430782,2021-05-15,0,29.5,19.0,0.0,55.75,0.131,-0.142
35.59911181000988,8.579915725895475,2018-07-05,0,41.8,23.7,0.0,37.3,0.166,-0.127
36.19333134760069,10.054549308626028,2022-05-25,0,35.6,21.0,0.0,46.6,0.144,-0.057
37.06721454944408,9.619175314916085,2021-05-15,0,24.1,19.4,0.0,63.85,0.662,0.268
36.76866104893164,8.789699594148495,2017-08-27,0,35.3,15.5,0.0,47.05,0.586,0.144
35.42799034538379,8.335047700426287,2020-09-21,0,28.9,24.6,0.9,56.650000000000006,0.158,-0.147
37.27163300244374,9.497635147526884,2024-06-17,0,33.3,23.8,0.0,50.05,0.322,0.019
35.19267597144351,8.734942897822652,2020-08-22,0,39.5,10.6,0.0,40.75,0.211,-0.134
30.94961,10.08904,2022-06-26,1,42.3,32.0,0.0,36.55,0.084,-0.084
36.47680663557767,8.643070528201442,2024-10-21,0,24.8,9.9,0.4,62.8,0.159,-0.091
37.17755551366599,9.506268616780968,2018-07-25,0,31.3,14.8,0.0,53.05,0.385,0.031
33.6823,10.25483,2022-04-07,1,20.8,24.1,0.0,68.8,0.18,-0.067
31.70432,9.24578,2016-05-06,1,33.1,15.2,0.1,50.35,0.077,-0.097
31.00275,10.06053,2020-02-10,1,20.0,17.4,0.0,70.0,0.085,-0.102
35.86651011823201,9.494593719063438,2022-06-21,0,35.3,13.0,0.0,47.05,0.089,-0.164
35.78518486813012,9.0703589162361,2022-05-20,0,24.8,17.4,0.0,62.8,0.182,-0.069
35.7775,9.88919,2019-05-28,1,29.0,18.4,0.0,56.5,0.132,-0.112
37.12245170818648,9.375417849388183,2016-05-05,0,24.0,19.2,0.0,64.0,0.655,0.323
31.48368,9.54226,2019-01-07,1,13.1,13.9,0.0,80.35,0.084,-0.09
36.62440894102473,10.397868988870403,2025-07-26,0,30.7,26.1,0.0,53.95,0.179,-0.081
35.40255419681428,8.927643761096682,2017-10-20,0,14.8,16.9,11.4,77.8,0.301,-0.079
35.16283,8.59391,2017-08-05,1,36.2,14.2,0.0,45.7,0.344,-0.047
37.04924,9.55449,2025-08-20,1,34.8,21.6,0.0,47.8,0.121,-0.121
31.52229,9.69099,2017-03-06,1,23.1,26.8,0.0,65.35,0.079,-0.085
31.64852,9.17365,2025-03-16,1,25.0,16.3,0.0,62.5,0.074,-0.089
36.06478325614892,9.59444441651205,2024-10-04,0,20.7,16.6,0.0,68.95,0.324,0.063
36.681630780563054,10.579169592631654,2021-05-23,0,31.3,21.8,0.0,53.05,0.14,-0.043
37.143092685991206,10.051934766002915,2024-09-01,0,34.3,16.8,0.0,48.55,0.25,0.05
36.50233,10.02838,2016-06-09,1,33.9,13.9,0.0,49.150000000000006,0.096,-0.138
36.56963290154501,8.619968363891893,2025-06-18,0,27.8,24.3,0.0,58.3,0.234,-0.036
36.39591205504524,10.05962775650385,2018-10-22,0,19.3,21.5,17.6,71.05,0.344,-0.032
31.48517,9.53985,2019-01-14,1,13.0,24.1,0.0,80.5,0.077,-0.099
33.48059,11.10957,2018-07-29,1,32.8,19.8,0.0,50.8,0.047,-0.073
36.15267,9.72301,2017-08-09,1,39.6,16.3,0.0,40.6,0.176,-0.157
32.51765,9.68625,2019-06-13,1,43.2,31.9,0.0,35.19999999999999,0.09,-0.108
37.16634,9.48097,2016-08-20,1,36.2,15.9,0.0,45.7,0.261,0.057
36.431663095629446,10.194484568555414,2016-10-16,0,26.6,10.7,0.0,60.1,0.167,-0.117
35.04028490253362,9.116589974923633,2016-05-07,0,23.8,22.5,12.3,64.3,0.125,-0.111
36.46433756461681,9.97537478944267,2022-05-03,0,26.5,15.7,1.5,60.25,0.182,-0.07
31.99888,9.49285,2025-07-09,1,38.2,35.7,0.0,42.7,0.07,-0.083
36.51724930380757,10.558131743223957,2016-05-11,0,28.8,17.3,0.2,56.8,0.207,-0.154
35.61054865162391,8.40055666525533,2020-10-14,0,21.3,28.8,0.0,68.05,0.374,-0.085
36.841216803394985,9.40505859832856,2018-10-05,0,20.8,15.9,1.0,68.8,0.139,-0.295
33.53154,9.6864,2022-01-12,1,13.6,16.9,0.1,79.6,0.089,-0.079
35.76913664161633,8.798704683328285,2022-05-12,0,22.4,17.2,0.0,66.4,0.444,0.201
36.172122970088544,9.710203095870376,2025-08-09,0,32.7,18.3,0.0,50.95,0.196,-0.068
36.72964540741555,8.550765820375563,2023-10-11,0,32.0,17.9,0.0,52.0,0.309,0.016
31.49374,9.49458,2021-04-24,1,25.7,31.4,0.0,61.45,0.082,-0.091
36.41930984189205,8.70678833887159,2018-06-12,0,31.8,17.9,0.0,52.3,0.17,-0.092
35.06230005018096,9.049696144196966,2025-08-24,0,32.9,14.9,0.5,50.650000000000006,0.087,-0.122
36.98783968680111,9.562201722641383,2024-06-21,0,29.4,21.9,0.0,55.900000000000006,0.126,-0.058
36.14078922105153,10.09648337566021,2020-07-09,0,34.5,23.0,0.0,48.25,0.133,-0.176
35.99494518896777,9.336592333729982,2020-09-23,0,29.6,14.2,0.5,55.6,0.224,-0.026
35.2039,8.6337,2017-06-30,1,37.1,27.0,0.0,44.35,0.295,-0.115
36.98077908644669,9.332747999285797,2023-05-03,0,18.4,22.7,1.7,72.4,0.538,0.282
31.52344,9.68822,2017-03-09,1,19.3,22.7,0.0,71.05,0.083,-0.089
36.6061452496321,8.574204154686404,2020-09-04,0,28.9,14.4,0.1,56.650000000000006,0.75,0.284
37.16286747083245,10.006913233960988,2025-05-20,0,27.6,22.4,0.3,58.6,0.182,-0.083
36.34104016839467,9.42938451008256,2018-05-01,0,26.1,17.4,5.8,60.85,0.208,-0.164
35.53701892009352,8.92140692808275,2022-08-23,0,29.0,18.0,0.0,56.5,0.086,-0.109
37.088873845949365,9.822480596552296,2019-09-22,0,33.7,28.5,0.1,49.45,0.244,-0.276
36.22449061633455,9.448076705884056,2021-06-27,0,40.5,29.0,0.0,39.25,0.155,-0.12
36.10601484725391,10.020251653294016,2016-05-25,0,35.9,19.3,0.0,46.150000000000006,0.262,-0.112
34.77601253445217,8.70746439379311,2024-08-13,0,37.6,22.2,0.0,43.6,0.092,-0.094
36.88035,10.21277,2020-09-28,1,26.1,18.1,0.0,60.85,0.205,-0.054
36.67526,10.01923,2025-06-09,1,35.9,14.8,0.0,46.150000000000006,0.106,-0.135
32.51966,9.6867,2020-07-08,1,34.1,26.7,0.0,48.85,0.076,-0.126
36.84119995476751,10.655225953587202,2024-07-18,0,30.6,14.7,0.0,54.1,0.138,-0.137
37.06906593622986,9.28577734744984,2016-08-22,0,27.9,22.9,0.0,58.150000000000006,-0.019,0.106
35.400300583125286,8.613094535299398,2022-07-25,0,36.3,12.6,0.0,45.55,0.105,-0.148
36.46917539139911,10.330070156300255,2018-07-13,0,35.8,14.6,0.0,46.3,0.406,-0.053
36.29308722313171,9.232892729263874,2022-05-05,0,31.3,29.3,0.1,53.05,0.301,0.095
31.40662,9.85214,2017-04-22,1,20.1,37.6,0.0,69.85,0.25,0.05
35.40999209076924,8.565111307096398,2023-05-18,0,23.8,16.0,2.9,64.3,0.053,-0.13
31.65008,9.16999,2023-10-02,1,29.1,24.9,0.0,56.35,0.066,-0.116
37.05239304954792,9.133663114041472,2023-07-26,0,28.2,16.3,0.0,57.7,0.423,0.127
36.52258,8.80291,2019-07-18,1,35.1,19.9,0.0,47.35,0.141,-0.13
36.94166,8.69571,2023-07-19,1,38.1,14.3,0.0,42.85,0.407,0.142
31.40357,9.85365,2017-02-28,1,18.5,14.7,0.0,72.25,0.074,-0.099
36.88912,9.32542,2020-10-29,1,20.0,21.7,0.2,70.0,0.009,0.11
35.22353409642466,8.866064118917189,2016-09-16,0,34.6,12.6,1.2,48.1,0.125,-0.137
37.28430975164767,9.64340694481365,2017-07-02,0,23.8,33.2,0.9,64.3,0.44,-0.051
34.93736982260252,8.643309788584725,2019-09-18,0,31.8,26.0,0.5,52.3,0.146,-0.132
34.79594513593627,8.35166139190577,2019-06-08,0,34.5,28.0,0.0,48.25,0.139,-0.117
34.60444,10.58681,2017-03-17,1,18.4,23.4,0.0,72.4,0.151,-0.056
35.52138722073911,9.29536901302941,2023-05-17,0,24.3,16.7,0.2,63.55,0.101,-0.107
35.49033958812806,8.712031490584762,2025-05-15,0,17.4,25.1,22.1,73.9,0.224,0.007
36.1469300418297,9.134781893708595,2025-06-20,0,30.7,20.3,0.1,53.95,0.134,-0.136
36.40665620544831,10.208443426348454,2017-07-27,0,32.4,20.6,0.0,51.400000000000006,0.275,-0.079
36.43489647204781,8.468757275130695,2017-08-22,0,31.7,14.7,0.0,52.45,0.178,-0.169
36.602698683298485,10.676985326729223,2019-08-18,0,30.9,14.5,0.0,53.650000000000006,0.281,-0.121
35.39020094767567,8.556424081373518,2025-06-15,0,33.3,16.1,0.0,50.05,0.104,-0.084
35.129201103426325,8.88664672285985,2017-06-06,0,23.0,19.7,0.2,65.5,0.209,-0.125
36.96273040200219,9.386247747447385,2018-05-01,0,23.1,19.9,9.1,65.35,0.531,0.126
36.42059327340966,9.977502698147868,2020-06-10,0,26.3,21.3,0.0,60.55,0.242,-0.103
36.5019014319994,10.67210442037294,2022-10-09,0,29.2,16.0,0.0,56.2,0.211,-0.092
35.85337,9.20852,2020-10-10,1,24.3,12.3,0.0,63.55,0.278,-0.2
36.33558499343803,9.563401349080529,2017-08-25,0,35.2,19.8,0.0,47.2,0.115,-0.189
35.201932553536984,8.741861707765201,2024-07-04,0,28.7,16.2,0.0,56.95,0.09,-0.138
36.43960164819097,9.881976135409442,2024-09-23,0,27.6,16.4,24.0,58.6,0.09,-0.154
35.42804324265272,8.335456546965197,2023-10-23,0,30.1,11.6,0.0,54.85,0.086,-0.126
31.70573,9.24389,2021-07-30,1,39.5,20.0,0.0,40.75,0.069,-0.108
36.83724244534604,8.89098280021175,2021-09-21,0,30.1,18.3,0.4,54.85,0.648,0.107
34.98267228250656,8.408449638885385,2016-10-19,0,23.8,10.9,1.4,64.3,0.141,-0.134
35.35145421154316,8.346252847353554,2020-08-27,0,33.5,9.8,0.0,49.75,0.487,0.072
33.87273,9.99113,2018-05-12,1,30.4,24.0,0.0,54.400000000000006,0.056,-0.146
36.28093366431312,9.036516050442614,2018-05-23,0,26.3,14.8,0.0,60.55,0.16,-0.102
35.318069955243544,8.957349861540628,2025-05-24,0,18.0,25.8,0.9,73.0,0.124,-0.12
35.53201239800115,8.507918523795784,2016-06-21,0,23.8,14.7,0.0,64.3,0.181,-0.137
35.13060915535622,8.534631172206325,2020-07-03,0,37.5,26.0,0.0,43.75,0.269,-0.085
36.70199,10.78152,2022-07-03,1,38.6,12.5,0.0,42.1,0.174,-0.083
37.20742,9.27343,2017-08-02,1,40.1,19.3,0.0,39.85,0.208,-0.147
36.7898,10.74718,2016-08-22,1,25.7,29.3,0.0,61.45,0.486,-0.02
35.43388004548695,9.182665185655784,2017-07-18,0,32.1,13.0,0.0,51.85,0.302,0.01
35.503134662433084,8.805949688940567,2024-08-27,0,31.0,15.2,0.0,53.5,0.134,-0.127
36.35453075691652,9.848371159233658,2022-09-08,0,40.9,17.3,0.0,38.650000000000006,0.113,-0.157
36.8059,10.07639,2025-06-26,1,38.3,15.0,0.0,42.55,0.141,-0.116
37.01094,9.53262,2023-11-14,1,25.1,15.5,0.0,62.35,0.205,-0.073
36.87688483805871,10.818026936617226,2021-09-02,0,33.0,19.9,0.0,50.5,0.557,0.111
35.494391154847655,9.353722728172434,2019-08-03,0,40.9,17.3,0.0,38.650000000000006,0.149,-0.149
36.1589238605706,9.645927928096494,2017-07-14,0,36.6,19.0,0.0,45.1,0.146,-0.124
36.70476006376223,8.687213940199806,2019-07-25,0,35.8,16.5,0.0,46.3,0.624,0.173
35.59831185004073,8.650324203211706,2022-07-11,0,32.7,21.7,0.0,50.95,0.153,-0.069
35.62609850042448,8.588678963778404,2018-10-20,0,21.5,11.4,0.0,67.75,0.12,-0.098
35.27667479193234,8.76702568467221,2025-06-06,0,30.2,14.1,0.0,54.7,0.153,-0.096
35.58597968265149,9.030590694472922,2020-09-02,0,27.4,13.6,5.2,58.900000000000006,0.1,-0.166
32.28773,10.97608,2017-10-25,1,21.2,24.6,0.0,68.2,0.081,-0.105
34.83353880526947,8.72276105596253,2024-06-08,0,38.1,27.1,0.0,42.85,0.086,-0.083
35.32437667324797,8.65796599852715,2022-07-21,0,35.6,12.4,0.0,46.6,0.201,-0.022
36.81270609809864,11.054064586503284,2019-09-14,0,26.7,12.0,0.0,59.95,0.03,-0.164
34.86971992074832,8.820871764852011,2020-08-11,0,31.9,20.4,0.0,52.150000000000006,0.086,-0.146
36.22487606836221,9.311624707910193,2019-10-10,0,25.7,17.3,0.0,61.45,0.273,-0.095
36.86749498374375,9.393566257798774,2019-06-19,0,33.7,12.4,0.0,49.45,0.312,-0.002
35.72332693524686,8.71528388818107,2018-10-17,0,20.4,19.2,20.5,69.4,0.183,-0.208
35.3799747469766,8.42926539742492,2023-06-09,0,32.0,20.4,0.2,52.0,0.071,-0.107
36.13337457953197,9.279346640113005,2016-10-18,0,26.7,12.7,0.0,59.95,0.164,-0.139
36.12694406816092,9.732187416115128,2019-05-10,0,26.8,17.0,0.0,59.8,0.521,0.047
35.38672577946337,8.768481053659688,2025-09-04,0,33.5,15.6,0.0,49.75,0.168,-0.092
37.329705319773694,9.717243332528476,2016-10-01,0,27.3,15.3,0.1,59.05,0.25,0.05
37.088485211962485,9.82270486431469,2023-07-04,0,30.7,14.9,0.0,53.95,0.155,-0.169
37.18305546084572,9.666657618524567,2024-09-12,0,30.5,19.6,0.0,54.25,-0.02,0.38
37.0542705422357,9.126250815414409,2016-07-12,0,29.7,10.7,0.0,55.45,0.729,0.264
34.97759898325983,8.36453752820765,2025-07-04,0,29.7,17.5,0.0,55.45,0.087,-0.145
36.92018,9.21291,2025-09-20,1,31.5,22.3,0.0,52.75,0.103,-0.142
37.17912,9.27732,2017-08-03,1,41.6,17.9,0.0,37.6,0.442,-0.005
35.35011210399835,8.669578433578291,2018-05-26,0,30.4,14.0,0.0,54.400000000000006,0.147,-0.132
35.31222,8.84838,2020-06-21,1,27.8,21.4,0.0,58.3,0.278,-0.11
36.97394,11.03329,2016-08-25,1,27.9,20.2,0.0,58.150000000000006,0.206,-0.085
36.80184118152064,9.499653903706136,2019-08-02,0,41.3,16.0,0.0,38.05,0.138,-0.187
35.11514854010671,8.450358577238404,2020-09-20,0,29.1,15.9,1.3,56.35,0.117,-0.025
36.82093912947552,10.97537978686382,2025-07-07,0,32.9,14.3,0.0,50.650000000000006,0.157,-0.144
37.19072652335404,10.046354748516611,2025-10-15,0,24.6,18.7,3.4,63.1,0.106,-0.078
35.48140282409719,8.86160994786765,2025-09-04,0,32.6,18.5,0.0,51.1,0.089,-0.143
36.15997770732341,9.775063216523195,2016-07-03,0,34.3,14.0,0.0,48.55,0.209,-0.126
36.29529,8.8023,2017-08-28,1,36.2,16.6,0.0,45.7,0.324,-0.091
36.77563,10.20101,2018-05-04,1,20.5,29.5,0.6,69.25,0.104,-0.095
35.35644,9.4224,2016-01-31,1,17.9,8.1,0.0,73.15,0.208,-0.134
35.25129538415218,8.80424226988747,2018-10-10,0,23.0,12.6,2.9,65.5,0.273,-0.077
31.70475,9.24142,2020-06-28,1,41.6,18.9,0.0,37.6,0.066,-0.103
33.36633,8.55139,2023-05-02,1,27.8,28.8,0.8,58.3,0.114,0.001
35.818925357024995,9.375159970950504,2016-10-12,0,21.0,10.7,0.0,68.5,0.166,-0.204
36.01405419812581,9.447650197406224,2021-07-14,0,30.7,14.6,0.0,53.95,0.181,-0.104
35.068951046852646,8.988879797813498,2019-08-15,0,34.1,14.1,0.0,48.85,0.138,-0.15
32.28811,10.97506,2019-10-13,1,28.6,17.3,0.0,57.1,0.086,-0.094
36.295124909229976,9.796089152572698,2024-07-24,0,33.8,24.6,0.0,49.3,0.06,-0.075
35.472027649690006,8.937398555397534,2023-10-20,0,28.4,25.4,0.2,57.400000000000006,0.238,-0.04
36.48883776826424,8.257350623793304,2018-07-08,0,31.8,10.9,0.0,52.3,0.468,0.081
36.027126991170874,10.021215322729446,2025-10-15,0,30.4,17.1,0.1,54.400000000000006,0.117,-0.118
36.86097,10.06729,2025-06-30,1,31.8,15.0,0.0,52.3,0.207,-0.072
36.59146,10.31979,2022-07-25,1,40.0,14.3,0.0,40.0,0.048,-0.118
36.5035853092818,10.733434547817446,2016-10-15,0,25.7,23.1,0.0,61.45,0.128,-0.179
35.21116,8.69786,2019-07-05,1,35.2,18.7,0.0,47.2,0.318,-0.041
35.236789295545066,9.068314316040771,2017-07-25,0,34.5,16.1,0.0,48.25,0.234,-0.096
35.2270288807945,8.637864650420545,2016-06-10,0,32.7,16.4,0.0,50.95,0.123,-0.101
36.14238,8.7321,2021-07-07,1,41.7,21.4,0.0,37.45,0.14,-0.217
35.57713544906811,9.050035406445875,2023-06-19,0,35.2,14.5,0.0,47.2,0.272,0.045
35.12932209023341,9.030238490587283,2024-07-23,0,33.6,18.7,0.0,49.6,0.087,-0.132
36.50077,10.02793,2022-10-14,1,26.5,23.3,0.3,60.25,0.055,-0.094
31.99653,9.49321,2025-12-11,1,20.3,18.7,0.0,69.55,0.072,-0.094
34.93518399929696,8.747167597244337,2022-05-26,0,33.3,28.0,0.0,50.05,0.102,-0.081
36.487524041327454,9.907765329222851,2023-10-15,0,31.2,15.6,0.0,53.2,0.088,-0.146
31.64825,9.16821,2024-04-07,1,32.1,22.0,0.0,51.85,0.09,-0.066
36.18363,9.72773,2017-08-09,1,39.6,16.3,0.0,40.6,0.175,-0.143
36.25187144304808,9.52285241627269,2021-08-08,0,40.7,22.3,0.0,38.95,0.143,-0.134
31.65027,9.16948,2024-03-12,1,22.1,11.9,0.0,66.85,0.083,-0.075
31.70401,9.24241,2024-11-10,1,24.8,15.9,0.0,62.8,0.05,-0.087
36.93941503863285,9.69063101217392,2017-08-03,0,41.7,16.7,0.0,37.45,0.111,-0.116
33.92758,10.08413,2018-07-25,1,32.3,19.0,0.0,51.55,0.047,-0.076
35.49300817744114,9.379089352091848,2020-08-12,0,35.9,15.6,0.0,46.150000000000006,0.142,-0.147
35.77591,9.8894,2022-06-16,1,37.1,20.9,0.0,44.35,0.056,-0.128
36.64236148348581,9.010710273292002,2023-06-27,0,31.3,15.1,0.0,53.05,0.192,-0.106
35.59668600405229,9.379815874595204,2023-05-24,0,20.2,16.1,4.3,69.7,0.071,-0.119
34.60446,10.58854,2016-04-20,1,24.1,25.3,0.0,63.85,0.095,-0.076
36.53776517544216,10.846684343695737,2024-08-10,0,34.9,17.3,0.0,47.650000000000006,0.08,-0.1
36.01762556206498,9.394698791586045,2017-10-17,0,26.3,11.1,0.0,60.55,0.143,-0.18
34.88925835882045,8.427943213737255,2020-10-13,0,18.5,20.5,0.0,72.25,0.127,-0.202
35.52335999628073,9.345734022524317,2017-10-07,0,23.0,21.7,0.0,65.5,0.104,-0.055
35.38521179710228,9.174832278850175,2021-06-02,0,30.4,13.1,0.3,54.400000000000006,0.131,-0.117
36.25546160690227,9.904079958884608,2016-05-11,0,32.5,17.1,2.9,51.25,0.283,-0.044
31.65056,9.17015,2022-05-15,1,33.0,15.6,0.0,50.5,0.076,-0.105
36.41768879737803,9.47125111404748,2017-05-11,0,36.9,21.8,0.0,44.650000000000006,0.212,-0.145
36.64901425122912,10.543410890010104,2021-06-14,0,32.9,13.7,0.0,50.650000000000006,0.346,-0.07
34.6801457420969,8.572722429762901,2020-09-19,0,33.3,20.8,0.0,50.05,0.085,-0.144
36.09624735858964,10.016846688411182,2022-09-26,0,29.6,18.0,1.3,55.6,0.142,-0.122
36.74775837341452,10.55014125138269,2025-07-11,0,29.9,21.4,0.0,55.150000000000006,0.135,-0.154
36.202214024716895,9.304187975466784,2019-10-02,0,29.4,20.6,0.0,55.900000000000006,0.349,-0.02
36.98256,9.51346,2023-10-04,1,30.4,12.7,0.0,54.400000000000006,0.126,0.02
33.87568,9.99332,2022-02-19,1,22.0,22.6,0.0,67.0,0.056,-0.088
35.163308368512965,8.651880648743942,2025-06-18,0,31.7,22.0,0.0,52.45,0.121,-0.11
33.8723,9.99262,2022-05-14,1,32.9,20.5,0.0,50.650000000000006,0.058,-0.074
36.82951263107451,9.430381538599308,2024-09-10,0,25.9,31.1,0.0,61.150000000000006,0.097,-0.133
36.61479031583246,10.42627557025182,2021-06-05,0,28.1,22.0,0.0,57.85,0.377,-0.022
36.67674,9.92265,2019-08-17,1,35.8,21.4,0.0,46.3,0.094,-0.153
36.33194,8.43425,2021-07-26,1,40.2,18.4,0.0,39.7,0.344,-0.066
35.60250206436425,9.059202677751104,2016-06-10,0,32.2,16.3,0.0,51.7,0.195,-0.093
36.42997575538135,8.976354465594158,2019-08-12,0,40.7,19.9,0.0,38.95,0.224,-0.105
31.65316,10.2394,2016-01-04,1,19.5,33.1,0.0,70.75,0.25,0.05
36.75537204242276,9.35407979820649,2016-06-18,0,31.2,18.1,1.7,53.2,0.179,-0.126
36.363156484834526,9.53484097880266,2017-09-18,0,33.4,10.9,0.0,49.900000000000006,0.096,-0.186
37.01873919558194,9.965358546213414,2025-09-26,0,26.9,15.7,0.3,59.650000000000006,0.103,-0.098
36.315807542814845,9.104755476185264,2022-06-04,0,42.0,17.4,0.0,37.0,0.169,-0.011
36.36578915823842,10.170312783910806,2022-08-05,0,36.5,19.4,0.1,45.25,0.125,-0.118
35.466095519694484,8.958923085924123,2023-08-12,0,32.7,15.0,0.0,50.95,0.09,-0.107
36.77624,10.19741,2019-10-31,1,25.0,13.3,0.7,62.5,0.157,-0.078
36.68160710337644,8.665516007672094,2016-05-22,0,30.8,11.1,0.0,53.8,0.25,0.05
34.90346056743207,8.771652932657105,2023-10-09,0,26.0,15.1,0.0,61.0,0.083,-0.091
31.70314,9.24509,2025-07-13,1,41.9,31.6,0.0,37.150000000000006,0.056,-0.101
34.858773951333376,8.30650171476981,2025-07-13,0,35.2,22.0,0.0,47.2,0.078,-0.084
36.5471398552746,8.31354675045498,2017-06-09,0,31.8,11.7,2.2,52.3,0.79,0.282
31.48758,9.54249,2018-01-18,1,18.6,27.4,0.0,72.1,0.089,-0.069
36.603079488809605,8.885915923644015,2025-06-18,0,30.8,22.2,0.0,53.8,0.17,-0.065
34.60156,10.58166,2017-03-31,1,21.5,23.1,0.0,67.75,0.177,-0.009
33.48158,11.10878,2020-05-08,1,23.1,40.2,0.0,65.35,0.064,-0.052
34.870997388280685,8.694120934157242,2018-09-17,0,29.9,14.3,0.0,55.150000000000006,0.129,-0.144
35.80685126905365,9.483090210742152,2017-09-06,0,30.7,14.9,0.0,53.95,0.156,-0.143
35.956222960788864,9.512911285764018,2019-05-09,0,25.7,16.8,0.0,61.45,0.352,-0.07
36.514834691934645,10.076273875080778,2018-08-08,0,30.3,14.6,0.7,54.55,0.175,-0.163
36.64438462369381,8.919955917622355,2023-06-22,0,38.7,15.4,0.0,41.95,0.223,-0.078
35.40179693120592,8.792180401142403,2018-09-04,0,33.2,16.2,0.0,50.2,0.269,-0.193
37.10206131559869,9.235799620850266,2025-09-04,0,33.2,17.1,0.0,50.2,0.197,-0.124
36.25235687562602,9.142501910383515,2022-06-22,0,40.6,22.1,0.0,39.1,0.137,-0.031
33.89476,9.56548,2023-09-29,1,32.2,13.5,0.0,51.7,0.032,-0.098
31.00331,10.06008,2021-05-07,1,31.7,27.4,0.0,52.45,0.075,-0.1
34.78106021432517,8.377130026734346,2019-05-25,0,21.3,19.1,23.5,68.05,0.137,-0.109
33.36533,8.54866,2022-05-27,1,30.4,24.3,0.0,54.400000000000006,0.068,-0.011
36.18204054090438,9.57471908957881,2019-09-18,0,31.8,14.8,0.0,52.3,0.437,0.057
35.3796,10.76531,2023-01-07,1,16.5,13.3,0.3,75.25,0.124,-0.132
35.66053528574459,8.882604983533152,2018-07-05,0,41.0,24.4,0.0,38.5,0.098,-0.129
34.75748,9.76181,2025-10-29,1,25.3,15.9,0.0,62.05,0.273,0.067
37.045650677224174,9.342234039256631,2020-06-07,0,31.9,21.9,0.5,52.150000000000006,0.204,-0.131
34.87211648373231,8.493538226719249,2025-05-02,0,28.8,14.4,0.0,56.8,0.07,-0.06
36.64961281664608,10.014477138873698,2023-10-03,0,30.1,16.6,0.0,54.85,0.063,-0.099
37.07606549944345,9.81428688369322,2017-09-13,0,27.4,18.3,0.0,58.900000000000006,0.143,-0.228
31.40275,10.02048,2018-12-04,1,17.4,15.3,0.0,73.9,0.125,-0.094
35.12823259309482,8.917439007482223,2019-10-23,0,26.4,18.6,0.5,60.400000000000006,0.329,-0.072
37.118348695571406,9.208593383100231,2018-09-07,0,27.3,14.7,0.1,59.05,0.348,-0.089
35.36906,9.17349,2021-08-11,1,41.0,18.0,0.0,38.5,0.182,-0.171
35.581208232067844,9.248171782372848,2025-08-21,0,35.7,21.2,0.0,46.45,0.092,-0.12
35.72962445151857,9.178623554843274,2018-07-01,0,40.9,22.4,0.0,38.650000000000006,0.169,-0.13
35.10582523305247,9.056921405797954,2020-09-07,0,29.4,11.0,0.2,55.900000000000006,0.097,-0.134
35.57796017397237,8.498214750764618,2025-05-07,0,23.7,23.4,7.1,64.45,0.164,-0.016
35.10325,8.94489,2020-08-02,1,37.5,14.9,0.0,43.75,0.199,-0.138
36.24266764262202,9.719378878359011,2018-05-16,0,22.0,15.9,0.0,67.0,0.355,-0.039
36.629501674281,8.668994868419727,2020-07-22,0,36.7,22.1,0.0,44.95,0.228,-0.139
37.11765,9.36893,2022-10-24,1,31.6,11.2,0.0,52.6,0.426,0.166
33.87299,9.9918,2019-12-05,1,21.8,16.9,0.0,67.3,0.078,-0.138
36.53235479269898,8.335315679874789,2018-10-20,0,20.9,7.1,0.0,68.65,0.791,0.324
31.39935,10.02238,2018-11-21,1,21.3,8.9,0.0,68.05,0.088,-0.089
31.39928,10.02182,2023-09-26,1,28.8,22.9,0.0,56.8,0.056,-0.094
36.152517129619845,9.59734009507533,2022-05-03,0,22.9,16.7,7.9,65.65,0.519,0.271
34.95359214736422,8.807401710614288,2025-05-01,0,25.5,20.1,1.8,61.75,0.099,-0.12
36.58581308403989,10.633116221598574,2024-06-20,0,36.5,13.6,0.0,45.25,0.386,0.072
33.87212,9.98894,2023-08-01,1,36.2,20.6,0.0,45.7,0.038,-0.093
36.19484264266716,9.925740987165032,2023-07-15,0,41.6,15.3,0.0,37.6,0.124,-0.11
31.70534,9.24555,2021-09-08,1,32.6,15.8,0.0,51.1,0.066,-0.133
35.04584240030528,8.45041840075759,2017-06-21,0,31.4,16.6,1.4,52.900000000000006,0.141,-0.104
36.27300438090296,9.48723000551695,2018-07-09,0,34.0,19.2,0.0,49.0,0.095,-0.138
35.00360376845427,8.327585401813465,2021-10-15,0,18.8,14.5,0.0,71.8,0.012,0.083
36.54085,9.11405,2022-09-15,1,38.9,22.7,0.1,41.650000000000006,0.152,-0.065
34.81799998899432,8.655565863188563,2022-06-09,0,35.4,39.3,0.0,46.900000000000006,0.082,-0.105
35.724668638673286,8.799467096924914,2022-09-07,0,35.2,16.1,0.0,47.2,0.07,-0.131
33.36694,8.54718,2022-07-02,1,47.1,25.2,0.0,29.349999999999994,0.062,-0.01
31.39912,10.0198,2023-11-19,1,21.4,18.4,0.0,67.9,0.066,-0.089
36.79307880169907,10.82803888413558,2016-07-19,0,29.7,12.1,0.0,55.45,0.25,0.05
36.33582279401911,9.087635701015085,2025-09-02,0,30.8,20.4,1.7,53.8,0.112,-0.103
36.80996,9.41798,2025-09-21,1,31.6,16.6,0.0,52.6,0.098,-0.165
35.04189644887699,9.174242454535534,2024-05-10,0,24.2,13.8,0.0,63.7,0.109,-0.09
35.40612532783403,8.526539115409122,2020-09-08,0,27.5,9.7,0.1,58.75,0.118,-0.162
36.15408707125671,9.832530999904506,2024-08-09,0,38.0,17.2,0.0,43.0,0.095,-0.097
34.77853225390672,8.545267435115424,2017-10-15,0,21.9,15.0,0.0,67.15,0.092,-0.152
36.3810878042375,9.661424447865915,2016-09-24,0,28.0,11.6,0.3,58.0,0.086,-0.205
35.1402,8.9053,2017-08-05,1,39.3,15.1,0.0,41.05,0.265,-0.124
35.54091457649679,9.333019094041024,2017-05-18,0,30.1,18.2,0.0,54.85,0.204,-0.089
35.52858456543331,9.013130313037903,2022-08-11,0,33.5,13.8,0.0,49.75,0.14,-0.069
36.03213349913825,9.528746070556007,2020-05-04,0,26.3,12.1,0.0,60.55,0.505,0.115
36.83438,9.43561,2020-08-14,1,40.2,19.4,0.0,39.7,0.144,-0.139
35.016586039425334,9.064650435669623,2023-10-04,0,27.9,8.0,0.0,58.150000000000006,0.088,-0.124
36.431738403223534,9.668239822159812,2018-10-24,0,22.2,24.2,0.0,66.7,0.128,-0.202
35.38485,9.20018,2017-08-23,1,30.5,13.0,0.0,54.25,0.264,-0.096
34.92763262931324,8.467317082013142,2019-08-24,0,30.4,14.8,0.0,54.400000000000006,0.136,-0.141
35.45231623060909,8.52666997838374,2020-09-26,0,21.0,20.0,0.0,68.5,0.351,-0.063
34.93723,8.53174,2016-07-20,1,33.2,10.5,0.0,50.2,0.055,-0.031
36.7584523144349,8.544299461496507,2025-05-06,0,21.5,11.5,0.0,67.75,0.5,0.246
36.92723,9.6154,2018-09-03,1,35.1,17.0,0.0,47.35,0.08,-0.234
36.7865,9.25667,2019-08-17,1,33.9,14.9,0.0,49.150000000000006,0.247,-0.129
36.8333053690649,8.731983487970114,2018-05-05,0,18.0,17.5,2.7,73.0,0.616,0.164
36.50317,10.02623,2023-08-05,1,29.7,32.9,0.1,55.45,0.046,-0.108
36.63888024666417,10.736770868357096,2018-10-11,0,25.6,19.5,2.9,61.6,0.342,-0.073
33.52959,9.68433,2022-09-08,1,40.1,16.0,0.0,39.85,0.041,-0.103
36.15846,10.2842,2023-10-17,1,33.3,13.5,0.0,50.05,0.045,-0.136
35.07426846272664,8.748048824969542,2016-10-15,0,26.0,12.1,0.0,61.0,0.095,-0.141
33.36377,8.54656,2022-06-28,1,46.7,31.8,0.0,29.94999999999999,0.057,-0.022
36.11909588857064,9.86518438876639,2017-05-27,0,27.1,14.5,0.0,59.35,0.359,-0.043
32.29172,10.97423,2019-05-28,1,30.5,28.3,0.0,54.25,0.085,-0.096
31.70415,9.24409,2018-11-11,1,18.9,17.2,0.0,71.65,0.08,-0.094
34.760323478295724,8.670213388499917,2023-08-15,0,34.2,26.7,0.0,48.7,0.073,-0.096
31.40077,10.0236,2021-08-26,1,38.2,15.9,0.0,42.7,0.077,-0.133
36.159276186482096,10.154311287673307,2021-09-20,0,29.7,12.2,0.8,55.45,0.131,-0.164
37.25505,9.88485,2020-07-25,1,29.6,23.3,0.0,55.6,0.2,-0.169
36.88896007536913,8.901706259241703,2021-06-07,0,21.6,16.6,4.0,67.6,0.679,0.246
36.59185,10.3181,2020-11-02,1,24.8,12.8,0.0,62.8,0.05,-0.233
36.5668496446868,9.99949816945669,2022-09-11,0,36.1,20.6,0.0,45.85,0.122,-0.153
35.37694910856541,9.177826211161284,2023-07-14,0,38.0,12.7,0.0,43.0,0.199,-0.079
36.4045751787512,10.528103442973322,2022-09-27,0,27.6,17.4,1.1,58.6,0.111,-0.131
34.720716004262,8.612361974338167,2019-07-18,0,30.8,16.9,0.0,53.8,0.095,-0.131
36.24248656359064,9.76221210043338,2021-09-18,0,35.3,14.8,0.5,47.05,0.273,-0.068
36.94955018558632,11.090575460978222,2024-08-22,0,30.0,21.9,0.0,55.0,0.154,-0.16
36.59311,10.31628,2018-06-20,1,28.5,14.2,0.0,57.25,0.025,-0.176
35.993484710924825,9.21454068365081,2024-10-08,0,30.4,19.2,0.9,54.400000000000006,0.076,-0.176
31.65246,10.24376,2016-06-23,1,29.0,24.1,0.0,56.5,0.088,-0.113
36.99460861105275,9.609831024299377,2025-10-15,0,26.7,15.7,1.7,59.95,0.263,0.006
36.36151250555778,9.663742002102964,2018-07-26,0,38.1,21.7,0.0,42.85,0.083,-0.142
36.67745,9.92145,2020-08-30,1,37.1,22.8,0.0,44.35,0.061,-0.097
37.089410003073446,10.011454181852995,2017-10-10,0,23.9,16.1,0.0,64.15,0.158,-0.091
37.27995269118521,9.849691999222811,2024-10-12,0,25.1,20.0,0.0,62.35,0.048,-0.045
31.405,9.85588,2019-03-15,1,19.7,16.8,0.0,70.45,0.086,-0.054
37.07763438050977,9.759074636806645,2022-09-05,0,36.7,21.4,0.0,44.95,0.1,-0.127
35.06212,8.9028,2017-09-17,1,29.9,16.2,0.0,55.150000000000006,0.174,-0.157
37.20146008663775,9.471095851344632,2017-05-17,0,22.6,17.4,0.0,66.1,0.644,0.159
35.38255119042054,8.876528487406745,2020-05-17,0,24.0,20.4,1.2,64.0,0.286,-0.068
34.99187825448939,8.74698601597541,2018-10-22,0,22.6,24.9,0.0,66.1,0.176,-0.127
36.493252782763165,8.853028741838802,2020-06-15,0,29.9,18.9,0.0,55.150000000000006,0.265,-0.065
36.49295931445663,8.29059035632498,2024-06-22,0,26.0,14.5,0.0,61.0,0.524,0.234
35.04976450725725,8.582657774679113,2016-06-01,0,23.2,13.7,5.7,65.2,0.086,-0.151
36.84754221012027,10.81608412204372,2022-07-19,0,35.8,19.7,0.0,46.3,0.247,-0.077
36.6317824366504,8.908667149676074,2017-06-12,0,33.4,15.5,0.0,49.900000000000006,0.29,-0.002
35.50985830095062,8.82416029948753,2023-05-26,0,18.9,15.1,1.0,71.65,0.077,-0.112
32.2886,10.97468,2018-01-19,1,20.8,16.5,0.0,68.8,0.109,-0.078
34.85051145913008,8.30457004517536,2017-06-21,0,32.5,25.8,0.4,51.25,0.136,-0.132
35.80473811490704,9.38189101646485,2021-09-05,0,29.4,10.9,0.3,55.900000000000006,0.218,-0.111
35.20002,8.71495,2021-08-13,1,38.9,16.9,0.0,41.650000000000006,0.167,-0.164
36.8685505963631,10.993741140223266,2021-07-19,0,29.4,25.0,0.0,55.900000000000006,0.124,-0.17
35.13062504520933,8.996787095569449,2024-05-11,0,26.9,16.1,0.1,59.650000000000006,0.103,-0.157
35.1758608965021,8.535383815428185,2021-05-12,0,24.0,20.7,0.0,64.0,0.348,-0.098
34.91515226635784,8.81269224814472,2020-09-14,0,24.6,24.4,0.7,63.1,0.059,-0.096
34.74097,10.63462,2024-05-11,1,28.1,25.3,0.1,57.85,0.109,-0.08
37.16875553009092,9.567473161850783,2016-09-13,0,30.1,21.5,0.0,54.85,0.193,-0.141
33.52933,9.68465,2022-01-30,1,14.7,16.2,0.0,77.95,0.073,-0.059
31.64798,9.17172,2023-05-17,1,32.3,27.4,0.0,51.55,0.065,-0.119
36.51450441504691,8.223854186083782,2021-05-18,0,21.8,8.7,0.0,67.3,0.714,0.238
31.40011,10.02153,2022-08-13,1,35.7,29.8,0.0,46.45,0.066,-0.097
36.4927923824155,8.407528181869939,2024-09-13,0,23.0,13.6,1.4,65.5,0.135,-0.113
35.14926501742297,9.231884329123798,2020-08-05,0,33.7,15.1,0.0,49.45,0.199,-0.091
35.76251629634112,9.018391523287894,2024-06-02,0,28.7,16.6,1.3,56.95,0.231,-0.021
36.81291139293312,10.790692882120725,2019-10-09,0,22.4,14.7,2.1,66.4,0.65,0.15
36.89194886400404,9.583306505510182,2020-10-01,0,26.7,10.9,0.0,59.95,0.158,-0.279
36.31409,9.10069,2020-09-16,1,29.4,20.2,0.0,55.900000000000006,-0.009,0.075
31.3973,10.02398,2020-06-22,1,32.6,30.1,0.0,51.1,0.078,-0.094
35.62923744713124,8.412482316411072,2020-08-24,0,31.8,23.6,0.0,52.3,0.212,-0.122
36.28516105809857,9.706551951684336,2017-10-11,0,23.6,10.2,0.1,64.6,0.151,-0.184
35.611505026196795,8.487325716976873,2019-06-21,0,37.6,23.1,0.0,43.6,0.137,-0.121
36.95857619210094,9.345874045823772,2019-06-24,0,36.3,18.4,0.0,45.55,0.365,-0.017
36.28585208295921,9.350571981211973,2025-05-10,0,28.1,13.2,0.0,57.85,0.207,-0.008
36.85617,9.6532,2025-06-15,1,37.2,14.6,0.0,44.2,0.176,-0.091
35.64515342474173,8.919112993105012,2023-08-26,0,36.3,13.5,0.0,45.55,0.145,-0.101
31.65024,9.17242,2024-03-17,1,24.7,14.9,0.0,62.95,0.079,-0.105
35.77461,9.88951,2023-12-31,1,19.3,7.1,0.0,71.05,0.05,-0.118
36.85162014395303,10.872548359508675,2017-06-23,0,31.7,7.8,0.0,52.45,0.231,-0.172
37.15547603687397,9.146238094270098,2022-10-11,0,28.8,15.3,0.0,56.8,0.369,0.124
31.70471,9.24306,2020-11-16,1,23.0,9.7,0.0,65.5,0.077,-0.093
36.21968772831391,9.463917132915126,2018-06-21,0,31.0,14.2,0.1,53.5,0.068,-0.114
36.30196746593594,9.385526723699488,2018-05-17,0,26.4,14.8,0.8,60.400000000000006,0.225,-0.108
36.44987413224897,10.458202459540846,2021-08-01,0,40.2,23.8,0.0,39.7,0.132,-0.128
36.66248303708372,8.497217482790507,2020-05-09,0,27.6,17.7,0.1,58.6,0.579,0.151
35.47546851253637,8.759222347117316,2024-06-12,0,30.0,15.6,0.8,55.0,0.088,-0.116
36.38756848542887,9.444004183117542,2023-07-18,0,46.4,20.0,0.0,30.40000000000001,0.138,-0.091
36.765779751191054,8.979708964410108,2021-09-11,0,27.3,24.5,1.2,59.05,-0.497,-0.329
37.02875290783475,9.725504663896883,2025-07-18,0,33.4,18.7,0.0,49.900000000000006,0.177,-0.126
36.37543,8.47789,2016-07-06,1,30.8,16.8,0.0,53.8,0.25,0.05
31.64654,9.16918,2024-11-30,1,19.9,10.2,0.0,70.15,0.065,-0.099
36.44024,10.11534,2021-09-30,1,28.3,18.9,0.0,57.55,0.135,-0.209
36.78573,8.61373,2020-08-02,1,35.3,13.3,0.0,47.05,0.779,0.256
35.59819097723711,9.344326005736638,2022-05-17,0,32.0,15.1,0.0,52.0,0.098,-0.077
33.36424,8.54696,2022-03-03,1,16.9,16.0,0.0,74.65,0.061,-0.021
35.473262814894326,8.659067441077795,2025-09-25,0,22.3,18.5,7.5,66.55,0.091,0.02
36.83723469564982,8.787334173011175,2018-07-04,0,37.8,18.9,0.0,43.3,0.103,0.282
36.54280004794145,8.648898485900332,2018-05-09,0,20.9,17.8,0.5,68.65,0.62,0.201
37.24458266760888,9.472188842205531,2020-08-24,0,27.6,26.9,0.0,58.6,0.248,0.006
35.44679251287811,9.144658069059597,2023-05-15,0,14.7,25.3,30.0,77.95,0.095,-0.092
36.45365762739477,8.437480910655365,2021-08-20,0,37.2,13.4,0.1,44.2,0.202,-0.094
36.91935,9.63228,2022-09-02,1,37.8,14.8,0.0,43.3,0.127,-0.113
37.060702087290174,9.471925455022792,2021-09-08,0,32.4,15.4,0.0,51.400000000000006,0.274,-0.144
35.05919813296267,8.839644822050658,2021-08-13,0,39.0,17.1,0.0,41.5,0.159,-0.135
34.99516644830784,8.465076941329412,2016-06-03,0,29.0,17.8,0.0,56.5,0.1,-0.142
36.78076780948906,8.854900656864203,2024-09-08,0,35.4,17.9,17.4,46.900000000000006,0.396,0.119
36.51745030146316,10.781932324509112,2025-06-12,0,27.3,12.7,0.0,59.05,0.29,-0.005
35.33587,8.91567,2021-07-05,1,37.3,15.5,0.0,44.05,0.172,-0.174
36.46798031682411,9.93350207355812,2020-10-15,0,22.9,21.0,0.0,65.65,0.199,-0.197
31.40309,9.85876,2017-01-12,1,16.7,34.4,0.0,74.95,0.073,-0.081
34.78135727497371,8.792178818737128,2021-09-22,0,32.5,25.7,0.1,51.25,0.107,-0.138
36.76849333075389,9.458046282566496,2016-09-19,0,23.6,25.1,0.0,64.6,0.25,0.05
36.23094448490895,9.559935494192318,2017-06-15,0,36.6,17.4,0.0,45.1,0.116,-0.119
36.929029148744725,9.757883825596586,2025-06-14,0,35.7,16.7,0.0,46.45,0.281,-0.021
35.579522503170416,8.483915507052929,2019-06-21,0,38.0,19.1,0.0,43.0,0.16,-0.138
35.52470335285006,9.2279314238665,2020-05-24,0,30.3,9.7,0.0,54.55,0.294,-0.053
36.20586932053742,9.76309308223895,2016-10-14,0,28.0,19.2,0.0,58.0,0.37,0.059
36.50304527728937,8.755833770298882,2018-10-06,0,28.2,9.7,0.0,57.7,0.111,-0.174
36.6800243222098,8.698613317535612,2022-07-03,0,39.9,12.1,0.0,40.150000000000006,0.218,-0.05
36.29744468508945,9.24976905652871,2019-06-04,0,32.0,11.9,0.0,52.0,0.429,-0.017
36.53303533108841,8.66584884866658,2017-10-19,0,30.2,10.4,0.0,54.7,0.141,-0.187
36.59071,10.31964,2022-07-03,1,38.2,12.4,0.0,42.7,0.049,-0.125
36.39133987646465,9.10703514487601,2025-07-19,0,39.3,14.9,0.0,41.05,0.177,-0.064
37.04512746283503,10.039605383424169,2025-06-02,0,31.3,22.9,0.0,53.05,0.167,-0.08
37.31822456386973,9.778239253536055,2018-10-04,0,21.7,23.0,14.0,67.45,0.397,-0.015
35.960423547975374,9.212829223223997,2021-10-07,0,18.9,29.2,1.4,71.65,0.107,-0.122
36.7775,10.20064,2023-04-22,1,22.6,13.8,0.0,66.1,0.066,-0.067
36.55417564789929,10.750495269124649,2017-07-14,0,34.0,25.6,0.0,49.0,0.298,-0.126
36.7897,8.43734,2017-08-02,1,38.9,20.6,0.0,41.650000000000006,0.242,-0.173
34.9378,8.52947,2016-06-23,1,31.3,18.2,0.0,53.05,0.071,-0.042
31.64741,9.17276,2023-04-03,1,20.7,24.5,0.0,68.95,0.074,-0.097
36.206398164112336,9.805417213112923,2021-09-27,0,31.2,14.5,0.0,53.2,0.126,-0.115
35.59359479394151,9.308701836970885,2018-05-23,0,25.8,14.5,0.0,61.3,0.084,-0.125
36.46452215607454,10.502409565814265,2018-08-08,0,29.2,14.5,1.1,56.2,0.136,-0.188
31.64773,9.17218,2022-02-25,1,19.4,13.5,0.0,70.9,0.25,0.05
35.37111830597438,9.155179354570508,2016-09-14,0,33.3,8.9,0.6,50.05,0.085,-0.158
35.0863075689861,8.698788919618927,2017-06-04,0,30.7,20.6,0.5,53.95,0.134,-0.13
36.45767304654306,8.862772277396322,2022-06-27,0,46.3,23.6,0.0,30.55000000000001,0.138,-0.067
36.73447,10.23128,2016-07-19,1,32.5,15.3,0.0,51.25,0.097,-0.09
36.29149,8.80942,2017-08-27,1,35.7,14.5,0.0,46.45,0.279,-0.097
36.63168065213344,8.513940223906092,2024-10-05,0,21.8,12.7,0.0,67.3,0.359,0.106
35.74083107476918,9.49684356238678,2019-08-02,0,40.5,13.1,0.0,39.25,0.121,-0.165
36.48533272743165,8.661524065653035,2021-06-21,0,41.7,32.0,0.0,37.45,0.136,-0.157
36.81933987996912,11.051958557650073,2019-08-01,0,32.1,16.1,0.0,51.85,0.241,-0.152
36.30286,8.56031,2016-07-11,1,37.8,15.9,0.0,43.3,0.25,0.05
36.823494779351606,9.4864596927222,2019-10-21,0,28.1,17.5,0.0,57.85,0.219,-0.085
31.64827,9.16747,2022-05-31,1,39.9,22.1,0.0,40.150000000000006,0.075,-0.098
36.8728702423696,11.002643546087585,2022-10-05,0,25.3,15.3,3.1,62.05,0.039,-0.148
34.71994255710239,8.56476411687257,2018-08-15,0,31.1,25.6,0.0,53.35,0.108,-0.153
36.16798161434342,9.915198350817036,2020-10-26,0,23.9,23.7,0.0,64.15,0.028,0.035
37.04612811596533,9.790149994325974,2017-08-24,0,33.7,20.5,0.0,49.45,0.144,-0.153
36.313955726383846,9.321091054897344,2019-09-03,0,27.7,17.4,0.5,58.45,0.098,-0.149
35.745309906590485,9.026339348646523,2018-09-09,0,31.6,16.1,0.0,52.6,0.121,-0.143
36.34999910351909,10.228470787918296,2016-07-08,0,35.0,12.6,0.0,47.5,0.125,-0.171
31.99997,9.49009,2025-10-21,1,31.4,19.7,0.0,52.900000000000006,0.061,-0.087
33.53251,9.68338,2022-09-09,1,40.0,22.4,0.0,40.0,0.05,-0.111
37.07540246813433,9.159059127752595,2024-07-06,0,38.9,22.4,0.0,41.650000000000006,0.325,0.075
37.00179776479784,9.811278690609038,2018-06-10,0,36.6,25.9,0.0,45.1,0.273,-0.07
36.73695701959995,10.863130727272894,2025-10-05,0,27.5,21.5,0.0,58.75,0.152,-0.114
36.34941,9.12786,2019-10-19,1,28.4,12.4,0.0,57.400000000000006,0.254,-0.124
37.2892,9.66704,2024-09-08,1,39.8,22.5,4.2,40.3,0.139,-0.155
34.90254942988916,8.901368814477236,2022-10-24,0,27.5,19.6,0.0,58.75,0.097,-0.101
35.36172,8.91705,2017-06-30,1,37.8,24.8,0.0,43.3,0.29,-0.105
32.28933,10.97635,2018-04-30,1,27.6,26.5,0.0,58.6,0.096,-0.121
36.418414006459365,10.449814610770083,2024-05-23,0,25.3,13.8,0.0,62.05,0.224,-0.035
35.79791581045986,9.265128284169563,2018-08-12,0,28.6,9.4,0.1,57.1,0.071,-0.175
37.25542990264551,10.027188028025565,2022-10-15,0,25.4,24.3,1.6,61.900000000000006,0.029,-0.08
36.42883979193601,8.643195623687825,2025-05-17,0,24.3,13.1,0.0,63.55,0.232,-0.017
35.016308068143665,9.198972152861192,2016-05-23,0,34.8,20.2,0.0,47.8,0.139,-0.101
33.87441,9.99018,2018-09-28,1,25.3,19.3,0.0,62.05,0.06,-0.144
36.53053135125771,10.816363921701267,2025-08-03,0,31.8,22.3,0.0,52.3,0.3,0.015
35.39947407696636,9.10332347626685,2016-06-25,0,34.6,11.8,0.0,48.1,0.25,0.05
35.21426457538994,8.852637560619511,2016-09-08,0,28.7,16.8,0.0,56.95,0.094,-0.167
34.60684,10.58801,2017-09-11,1,30.1,31.1,0.0,54.85,0.103,-0.126
36.1496747874242,9.812364315681746,2024-05-07,0,25.8,18.4,3.1,61.3,0.203,-0.072
36.21667415469184,9.058036506239125,2023-07-08,0,45.4,18.7,0.0,31.90000000000001,0.103,-0.103
36.40069,9.49496,2025-03-23,1,21.0,14.2,0.0,68.5,0.38,0.1
36.74572328157091,10.728228415559832,2024-09-14,0,25.2,27.6,0.0,62.2,0.175,-0.091
31.48446,9.54084,2018-04-12,1,29.6,19.3,0.0,55.6,0.086,-0.109
31.70405,9.24233,2020-11-29,1,18.5,32.8,0.0,72.25,0.075,-0.09
32.29071,10.97504,2017-09-26,1,32.7,25.8,0.0,50.95,0.074,-0.116
37.13621,9.81941,2018-09-29,1,26.1,19.9,0.0,60.85,0.167,-0.045
37.23698,9.56719,2023-09-09,1,28.1,14.8,0.0,57.85,0.431,0.116
34.96822644234863,8.378993315819006,2022-06-04,0,35.2,13.8,0.0,47.2,0.077,-0.116
35.14542508951319,9.128718991091858,2021-06-07,0,31.0,14.6,0.0,53.5,0.131,-0.11
37.07835412791077,9.343491744629864,2025-07-07,0,35.6,13.1,0.2,46.6,0.327,0.03
35.3184,8.83936,2017-08-05,1,36.7,13.2,0.0,44.95,0.36,-0.056
34.806907491155656,8.457132646595165,2025-08-02,0,37.6,34.1,0.0,43.6,0.106,-0.113
36.55984314532676,10.13283285285374,2021-07-08,0,40.1,23.3,0.0,39.85,0.152,-0.138
31.64767,9.16913,2023-11-21,1,23.0,21.9,0.0,65.5,0.066,-0.093
36.58994,10.317,2023-08-01,1,34.7,15.7,0.0,47.95,0.03,-0.156
34.74345200537888,8.62718607171178,2022-09-17,0,32.8,22.4,0.1,50.8,0.106,-0.088
35.78249707463795,9.117140129072713,2025-10-04,0,20.9,18.2,0.1,68.65,0.087,-0.115
31.39797,10.01961,2024-07-09,1,42.4,22.1,0.0,36.400000000000006,0.063,-0.098
36.1578,10.28272,2018-04-01,1,19.8,33.4,0.0,70.3,0.25,0.05
36.77143745434682,9.480007258918542,2016-07-05,0,39.6,12.2,0.6,40.6,0.156,-0.166
35.32352007946885,8.900797825492809,2023-08-04,0,37.8,23.8,0.0,43.3,0.106,-0.147
36.50841425133302,9.819162273094603,2016-08-12,0,29.9,16.6,0.0,55.150000000000006,0.135,-0.195
37.237490147942765,9.548935272121556,2024-10-06,0,27.2,11.7,0.0,59.2,0.281,-0.031
33.36567,8.54778,2023-04-03,1,22.2,28.6,0.0,66.7,0.066,-0.008
35.61129123827816,8.664007962566727,2016-05-24,0,29.8,11.4,0.0,55.3,0.25,0.05
37.22827669175054,10.048159325550412,2020-10-27,0,18.0,29.9,5.1,73.0,0.444,0.087
36.81212452436689,9.468556569911176,2019-08-24,0,31.7,11.6,0.4,52.45,0.172,-0.086
36.44911515016839,10.421325459436328,2019-05-26,0,20.7,25.0,11.7,68.95,0.4,-0.015
37.28747279009026,9.832220846805384,2023-08-01,0,28.6,24.2,0.0,57.1,0.183,-0.078
36.40764086448063,9.400454713800771,2022-08-17,0,43.0,21.7,0.0,35.5,0.123,-0.097
36.94090324994252,9.460938993910094,2022-07-14,0,32.5,17.6,0.0,51.25,0.307,0.038
36.01501969578229,9.296197524574684,2021-09-06,0,29.1,16.9,0.0,56.35,0.092,-0.182
34.833107986528,8.872446483573178,2021-06-17,0,33.8,18.9,0.0,49.3,0.094,-0.146
36.33316233033322,9.979609344042853,2019-06-08,0,36.7,21.2,0.0,44.95,0.22,-0.098
36.445810478260185,10.200615032512813,2023-07-03,0,33.0,13.0,0.0,50.5,0.149,-0.132
36.33263,8.40985,2021-07-26,1,39.3,18.4,0.0,41.05,0.358,-0.048
33.87165,9.99184,2021-09-07,1,31.5,19.9,0.0,52.75,0.05,-0.172
36.46733,9.60816,2023-10-03,1,30.3,10.5,0.0,54.55,0.1,-0.139
36.41989744648116,9.050781346858752,2021-08-15,0,36.3,20.9,0.0,45.55,0.206,-0.046
35.19985708281743,9.053987653631255,2016-08-20,0,39.3,8.5,0.0,41.05,0.082,-0.176
36.38912808891457,10.17441135261609,2024-07-23,0,32.7,28.1,0.0,50.95,0.1,-0.095
37.270768714434105,9.807589908159352,2020-08-24,0,29.0,32.2,0.0,56.5,0.2,-0.147
36.48143500398075,8.580147973069149,2018-09-23,0,29.4,12.6,0.1,55.900000000000006,0.25,0.05
36.86212790530845,10.710548701967625,2018-10-20,0,23.2,10.6,1.0,65.2,0.694,0.235
36.52856521471909,10.630802666351954,2020-08-26,0,34.0,13.2,0.0,49.0,0.265,-0.172
36.57232961977287,8.693826934091037,2023-07-05,0,36.3,13.9,0.0,45.55,0.125,-0.168
36.439805566268326,8.985029596290627,2021-08-25,0,38.0,17.4,0.0,43.0,0.422,0.013
36.02726786900093,9.477450878240726,2025-07-09,0,30.9,20.1,0.0,53.650000000000006,0.102,-0.155
36.90249930428894,9.367453315012249,2019-10-15,0,23.8,22.1,0.2,64.3,0.011,0.116
35.02043129939365,8.569221952346407,2023-07-21,0,39.3,19.3,0.0,41.05,0.15,-0.068
36.13741503237461,9.814742282973707,2023-08-19,0,36.1,11.7,0.0,45.85,0.178,-0.097
33.53133,9.68577,2021-12-13,1,13.4,13.8,0.0,79.9,0.088,-0.086
36.60106,8.55438,2021-07-22,1,34.1,14.1,0.0,48.85,0.651,0.128
36.045941785410406,9.32641358081803,2024-07-16,0,38.6,12.1,0.0,42.1,0.062,-0.126
35.44603747170739,8.506438659256819,2025-08-08,0,33.5,19.1,0.0,49.75,0.098,-0.117
36.55575835927503,10.84247713189328,2024-06-08,0,28.5,15.0,0.0,57.25,0.264,-0.048
31.00352,10.05788,2021-03-04,1,23.5,39.6,0.0,64.75,0.085,-0.048
33.87339,9.99036,2018-01-05,1,19.8,26.9,0.0,70.3,0.096,-0.1
35.07780454693732,8.937240844561082,2018-05-22,0,22.6,10.8,10.4,66.1,0.03,0.035
31.64614,9.16857,2024-10-16,1,34.6,29.5,0.0,48.1,0.049,-0.12
35.640520930559056,9.118252949673527,2025-10-14,0,27.1,15.9,0.0,59.35,0.085,-0.132
31.64791,9.1708,2022-08-16,1,43.3,17.7,0.0,35.05000000000001,0.063,-0.127
36.03318375095268,9.540964794658215,2018-09-04,0,32.8,14.3,0.9,50.8,0.116,-0.217
36.1454,9.85051,2021-08-13,1,41.6,14.2,0.0,37.6,0.077,-0.153
36.0726,9.72895,2017-07-13,1,39.4,22.0,0.0,40.900000000000006,0.363,-0.064
36.41787422519332,9.425368766980014,2016-07-14,0,28.8,22.0,0.0,56.8,0.176,-0.155
31.65073,9.17197,2024-01-22,1,14.4,23.2,0.0,78.4,0.079,-0.077
35.20253,9.15429,2016-08-22,1,34.3,13.9,0.0,48.55,0.106,-0.137
36.91155259408668,10.99848508110516,2016-06-18,0,25.3,22.6,0.0,62.05,0.25,0.05
35.59810954187837,8.359235620382101,2023-10-08,0,23.1,10.4,0.0,65.35,0.183,-0.057
35.06444596774817,8.348476014942989,2020-10-08,0,24.3,16.5,0.0,63.55,0.102,-0.188
34.88245913535847,8.596956227068103,2020-05-04,0,30.8,23.9,0.0,53.8,0.164,-0.11
35.02420764533692,8.517889995890192,2020-09-25,0,33.3,26.7,0.0,50.05,0.196,-0.097
31.48385,9.54254,2018-11-21,1,21.9,11.7,0.0,67.15,0.069,-0.106
31.39822,10.02169,2016-05-10,1,35.0,47.1,0.2,47.5,0.069,-0.13
34.93579817297635,8.436837425683821,2024-10-07,0,26.4,19.1,0.0,60.400000000000006,0.086,-0.11
36.14085914257465,9.238504035689177,2020-10-27,0,16.8,21.4,1.6,74.8,0.122,-0.138
36.642985928880414,10.464301250157613,2020-09-11,0,27.2,12.8,9.3,59.2,0.202,-0.19
36.32652695807504,10.362031987998554,2017-06-18,0,33.1,17.2,0.4,50.35,0.259,-0.166
36.07053934259162,9.209795132295929,2025-10-05,0,25.1,15.9,0.3,62.35,0.137,-0.095
36.5399878640896,8.732529768488448,2016-07-22,0,42.1,14.1,0.0,36.85,0.132,-0.133
34.68193,8.81937,2023-03-03,1,16.7,24.4,0.2,74.95,0.139,-0.083
36.25867217574944,9.344863625043851,2016-10-25,0,34.9,10.5,0.0,47.650000000000006,0.25,0.05
35.4305251220226,9.241815263188087,2024-10-24,0,19.0,15.2,1.4,71.5,0.215,-0.041
36.20542456478829,9.76519692454275,2016-08-26,0,31.7,13.7,0.0,52.45,0.492,0.054
36.48299,10.6211,2025-06-08,1,34.3,14.2,0.0,48.55,0.202,-0.08
37.08710326867047,9.972970759677862,2024-07-22,0,30.3,34.3,0.0,54.55,0.128,-0.117
36.6176457187099,8.541369498249468,2016-06-26,0,34.3,11.0,0.0,48.55,0.229,-0.062
36.57431,9.22591,2019-07-27,1,34.7,17.7,0.0,47.95,0.467,0.029
31.64803,9.17278,2025-03-18,1,29.0,31.1,0.0,56.5,0.075,-0.096
36.94106264482293,8.69236028057824,2018-08-12,0,28.1,17.8,0.0,57.85,0.693,0.24
36.52568523816933,10.76928615794335,2023-05-08,0,20.6,16.8,9.6,69.1,0.25,0.05
31.40032,10.02356,2016-10-14,1,36.7,43.6,0.0,44.95,0.069,-0.13
35.24145322515883,8.712485022047504,2018-10-22,0,21.1,17.4,0.1,68.35,0.252,-0.104
37.24709354512574,9.58036513099874,2017-08-19,0,35.1,11.7,0.0,47.35,0.463,-0.002
36.73056847582082,10.84213241346404,2025-08-01,0,29.3,16.9,0.0,56.05,0.117,-0.142
36.97287257685663,9.319845110617257,2018-10-26,0,24.1,19.4,0.0,63.85,0.281,-0.143
36.94674710241655,8.660740914784963,2024-07-03,0,25.2,23.7,5.0,62.2,0.498,0.204
36.72348891697482,8.698007895847747,2022-08-13,0,36.0,13.2,0.0,46.0,0.437,0.208
37.2224727977092,9.39065439003509,2022-05-27,0,20.8,32.1,3.0,68.8,0.298,0.006
36.94535,9.398,2019-10-23,1,29.1,30.9,0.2,56.35,0.495,0.108
36.22387852511088,9.585019793415585,2019-05-26,0,18.3,29.6,22.8,72.55,0.354,0.01
36.67659,9.91973,2019-06-26,1,34.4,22.2,0.0,48.400000000000006,0.078,-0.117
33.48168,11.1092,2017-11-19,1,18.2,19.7,0.0,72.7,0.049,0.01
36.48188807934969,8.821212204874884,2022-09-03,0,39.3,16.3,0.0,41.05,0.119,-0.093
36.43595,9.21073,2019-09-04,1,25.0,18.1,0.0,62.5,0.151,-0.221
31.40122,10.02259,2018-11-28,1,17.0,17.9,0.0,74.5,0.109,-0.09
35.07822,8.91564,2017-09-15,1,31.1,18.8,0.0,53.35,0.238,-0.15
36.67622,9.92308,2024-03-31,1,31.1,21.6,0.0,53.35,0.314,0.138
36.4735192469299,8.743336685068556,2025-08-09,0,37.2,12.2,0.0,44.2,0.168,-0.058
33.30597,9.23208,2022-07-02,1,46.4,31.0,0.0,30.40000000000001,0.05,-0.076
36.26125906521029,10.250921416111437,2025-08-06,0,33.8,19.3,0.0,49.3,0.233,-0.044
36.492665948273135,10.021477748362832,2020-08-24,0,34.8,22.3,0.0,47.8,0.138,-0.155
36.57809794420033,10.76662887429707,2018-08-06,0,29.1,11.9,1.9,56.35,0.208,-0.167
36.3458,8.4352,2018-07-12,1,39.3,13.6,0.0,41.05,0.26,-0.031
35.73043015816801,9.066851074714007,2024-06-21,0,36.9,15.3,0.0,44.650000000000006,0.137,-0.087
36.81314,8.73296,2021-08-11,1,41.1,16.1,0.0,38.35,0.351,-0.001
36.273863467771896,10.194266928841984,2019-05-21,0,24.0,15.3,0.0,64.0,0.349,-0.095
36.49082061575442,8.8499564797484,2017-10-16,0,29.4,11.3,0.0,55.900000000000006,0.119,-0.201
35.773899268748906,9.470109183001888,2021-10-08,0,22.7,19.4,0.0,65.95,0.173,-0.134
36.8186908394769,8.731564238524754,2016-08-06,0,24.2,28.1,0.0,63.7,0.823,0.308
36.50103,10.02523,2021-10-13,1,23.3,25.3,0.4,65.05,0.074,-0.207
31.6495,9.16923,2022-06-22,1,40.7,32.7,0.0,38.95,0.073,-0.102
36.85955056054881,10.991292724174093,2019-10-22,0,25.1,28.0,0.0,62.35,0.12,-0.308
36.95606136489636,10.938745367865176,2020-08-11,0,34.4,12.7,0.0,48.400000000000006,0.553,0.077
34.96540133760163,8.469104481225688,2021-06-07,0,31.9,23.7,0.8,52.150000000000006,0.134,-0.13
36.15777,10.28521,2022-06-14,1,35.3,18.1,0.0,47.05,0.051,-0.127
34.83052579359584,8.556824817125394,2016-08-03,0,35.0,14.4,0.0,47.5,0.096,-0.15
31.40156,10.02356,2018-03-11,1,31.7,22.0,0.0,52.45,0.11,-0.041
36.11786485559919,9.612634081354916,2020-10-07,0,23.8,14.4,0.0,64.3,0.112,-0.229
36.198504934124486,9.27765488110393,2020-07-06,0,29.8,23.7,0.0,55.3,0.113,-0.117
34.77237660843056,8.335457508083607,2023-05-26,0,21.4,26.1,0.6,67.9,0.062,-0.091
37.22124410104691,9.341105461104348,2018-05-22,0,19.5,13.2,1.1,70.75,0.492,0.067
36.47379,9.08146,2023-11-20,1,25.9,7.1,0.0,61.150000000000006,0.192,-0.058
36.01997488213927,9.27478649586696,2024-07-16,0,38.6,12.1,0.0,42.1,0.068,-0.127
35.540554560479485,8.61468584119306,2022-09-26,0,25.3,18.9,6.3,62.05,0.068,-0.147
36.18614155481119,9.993610055126195,2022-08-25,0,34.2,19.7,0.0,48.7,0.14,-0.082
36.40422024980308,8.518709170557267,2017-07-12,0,41.0,19.4,0.0,38.5,0.129,-0.174
37.23649214070373,9.407545634834849,2018-09-03,0,31.6,18.5,0.0,52.6,0.481,-0.007
36.79735,9.22083,2025-09-14,1,33.7,15.6,0.0,49.45,0.098,-0.167
35.85398908513318,9.136096991599786,2018-07-27,0,35.0,13.9,0.0,47.5,0.109,-0.151
36.49733457766859,8.68481049560169,2021-10-02,0,27.5,13.0,0.1,58.75,0.301,-0.004
36.26392349920032,10.324706533718189,2021-08-13,0,38.9,14.8,0.0,41.650000000000006,0.148,-0.143
36.13285375113856,9.64708668870082,2025-06-18,0,31.9,22.9,0.0,52.150000000000006,0.108,-0.101
35.75274909794348,9.39629054489252,2017-10-10,0,23.4,10.1,0.1,64.9,0.14,-0.115
35.32444885327955,8.472356464330426,2024-07-26,0,35.9,14.7,0.0,46.150000000000006,0.104,-0.116
36.50091,10.028,2022-06-17,1,37.9,19.0,0.0,43.150000000000006,0.064,-0.12
36.10931,9.34208,2017-09-02,1,29.6,20.1,0.4,55.6,0.132,-0.133
36.75703377994028,8.973395217586196,2017-09-16,0,34.8,18.8,0.1,47.8,0.051,0.067
31.56451,9.40539,2019-05-10,1,35.9,26.8,0.0,46.150000000000006,0.084,-0.09
37.21312,9.31614,2022-09-14,1,40.4,25.0,0.0,39.400000000000006,0.26,-0.1
36.93360932991423,9.724322323236857,2020-06-10,0,27.3,19.7,0.0,59.05,0.189,-0.156
35.11414567919412,8.824606948439648,2024-05-12,0,27.2,21.4,0.0,59.2,0.132,-0.069
36.74301050320914,9.026649424872838,2018-07-13,0,43.0,18.4,0.0,35.5,0.321,-0.022
36.826416693958826,10.883176444072005,2019-06-19,0,28.8,12.8,0.0,56.8,0.116,-0.098
35.971460234348726,9.128991102097688,2020-09-17,0,26.8,7.9,0.0,59.8,0.115,-0.065
35.65028114602618,9.295080168770353,2019-05-07,0,23.4,13.7,0.0,64.9,0.224,-0.075
34.73078,10.51993,2021-07-21,1,33.9,23.7,0.0,49.150000000000006,0.135,-0.107
36.57537879547084,10.477581610307746,2016-08-18,0,31.4,8.4,0.0,52.900000000000006,0.176,-0.15
36.43238,9.18994,2017-09-19,1,23.9,23.2,0.7,64.15,0.112,-0.072
37.00914572342249,9.692607462013026,2022-06-07,0,32.7,23.0,0.0,50.95,0.214,0.031
35.07671195430485,8.798134282225696,2022-06-24,0,35.6,18.6,0.0,46.6,0.114,-0.077
35.86360151837671,9.20313685407256,2020-08-05,0,26.1,16.3,0.4,60.85,0.29,-0.028
35.64365628800626,8.597202316332906,2022-06-15,0,35.6,14.1,0.0,46.6,0.074,-0.079
31.00289,10.06741,2020-12-19,1,19.9,26.8,0.2,70.15,0.069,-0.074
35.07310980030734,8.59261233158848,2019-06-11,0,32.9,28.7,0.0,50.650000000000006,0.148,-0.12
36.59145,10.318,2016-09-22,1,29.2,13.8,0.0,56.2,0.013,-0.189
36.63326007831643,8.589424798549944,2016-06-04,0,27.2,15.6,0.2,59.2,0.261,0.028
35.24705846204897,8.960738689797115,2018-07-05,0,41.9,18.1,0.0,37.150000000000006,0.128,-0.165
36.35271498797634,9.186722300247617,2019-10-01,0,31.0,12.4,0.0,53.5,0.496,0.043
36.88693270841222,10.788885317207402,2025-05-02,0,24.0,16.4,0.0,64.0,0.426,0.137
36.69961,10.37022,2022-07-20,1,36.4,19.4,0.0,45.400000000000006,0.27,0.002
36.45273099557459,9.013781554914749,2017-10-17,0,27.6,16.3,0.0,58.6,0.44,-0.042
35.18399537317858,8.658476470604919,2023-10-27,0,25.7,12.7,0.0,61.45,0.016,0.096
34.838453738507205,8.376654970529543,2016-06-03,0,29.3,20.2,0.0,56.05,0.088,-0.154
36.395361284278735,10.373305213367324,2018-10-01,0,29.1,12.0,0.1,56.35,0.25,0.05
36.652887747932894,10.59981485567463,2018-07-01,0,32.7,21.1,0.0,50.95,0.358,0.005
37.117409093935805,9.138384659363217,2020-09-22,0,28.3,14.9,0.0,57.55,0.127,0.157
36.43283872832995,9.548782018107508,2019-06-02,0,24.6,7.2,0.0,63.1,0.496,0.075
31.64549,9.17018,2023-03-26,1,29.2,15.1,0.0,56.2,0.073,-0.073
35.85091,8.59125,2021-04-02,1,27.5,15.6,0.0,58.75,0.126,-0.109
36.83345281345934,11.089663777418966,2020-10-27,0,19.5,29.0,5.2,70.75,0.125,0.052
36.62466,8.80484,2024-09-04,1,37.6,19.1,3.4,43.6,0.103,-0.182
36.59636615267695,10.788453782797632,2020-10-03,0,26.2,23.7,0.0,60.7,0.306,-0.094
36.54714586631671,8.82221839436629,2020-09-25,0,34.8,26.5,0.6,47.8,0.115,-0.265
35.297933364788605,8.9279202025501,2016-06-02,0,28.0,12.3,0.0,58.0,0.108,-0.155
36.1510076669794,9.746643212924198,2025-06-02,0,27.4,22.3,0.0,58.900000000000006,0.192,-0.073
35.29339492536797,8.398264509426124,2020-09-09,0,29.4,11.0,0.0,55.900000000000006,0.166,-0.129
33.36616,8.55002,2019-12-08,1,24.6,26.5,0.0,63.1,0.078,-0.003
35.74896906790592,8.65139661792328,2018-05-01,0,23.7,27.2,4.6,64.45,0.085,-0.184
36.53186921268308,10.380560868097197,2023-06-02,0,23.2,13.1,1.6,65.2,0.25,0.05
31.64897,9.17401,2024-06-23,1,39.8,38.7,0.0,40.3,0.059,-0.112
36.24325840692664,9.338951400353832,2019-09-16,0,34.3,15.8,0.0,48.55,0.188,-0.121
34.9842322161606,8.33266605245883,2018-05-17,0,22.6,17.8,0.9,66.1,0.171,-0.144
34.74075264070522,8.52164976263989,2017-10-26,0,23.4,16.9,0.0,64.9,0.103,-0.105
36.76298258340344,10.61068549524779,2018-07-08,0,33.8,14.6,0.0,49.3,0.176,-0.13
37.10091587054997,9.165820030826394,2019-10-05,0,24.4,16.4,0.0,63.400000000000006,0.482,-0.049
36.407325111449694,8.789099462643634,2016-06-09,0,33.1,12.6,0.0,50.35,0.209,-0.128
35.12933683167734,8.991456391937325,2019-07-08,0,39.1,16.1,0.0,41.35,0.145,-0.195
36.16183,9.84346,2021-08-12,1,41.7,14.3,0.0,37.45,0.262,-0.056
35.00069342737105,8.483268038098,2018-08-26,0,32.3,23.4,0.0,51.55,0.166,-0.124
35.53173013114323,9.119962618774876,2020-05-27,0,27.8,19.1,0.0,58.3,0.469,0.076
31.64821,9.17276,2021-08-01,1,43.0,14.5,0.0,35.5,0.079,-0.13
36.59298897669815,8.424609928939802,2019-09-22,0,31.1,16.4,0.0,53.35,0.31,-0.161
36.23651574080674,9.10165262366842,2025-09-26,0,25.5,15.7,2.5,61.75,0.171,-0.122
35.554871688658515,8.777251721078558,2022-06-10,0,23.0,29.8,0.0,65.5,0.13,-0.099
31.00354,10.06349,2020-11-10,1,23.8,10.7,0.0,64.3,0.059,-0.098
31.70227,9.244,2021-08-31,1,41.6,28.8,0.0,37.6,0.061,-0.133
36.57960493327714,8.813862907646874,2021-06-14,0,36.8,15.2,0.0,44.8,0.162,-0.129
36.52961320933689,9.8949349806824,2021-10-13,0,23.0,27.7,0.4,65.5,0.12,-0.204
35.321901112860054,8.950937487258333,2023-07-13,0,37.5,13.8,0.0,43.75,0.129,-0.125
31.7011,9.24322,2018-09-12,1,35.1,30.8,0.0,47.35,0.076,-0.11
36.3184318537357,9.772260492922364,2020-06-27,0,37.0,21.7,0.0,44.5,0.156,-0.145
36.17952409322326,9.5807295576822,2023-09-08,0,27.2,14.0,0.0,59.2,0.127,-0.128
36.57742,8.81633,2016-08-09,1,32.7,9.6,0.0,50.95,0.132,-0.119
33.36446,8.55003,2024-03-17,1,24.9,13.9,0.0,62.650000000000006,0.074,-0.018
35.754338794171915,8.675159131751784,2017-10-21,0,19.7,11.0,0.7,70.45,0.104,-0.217
35.16403,8.58222,2016-08-04,1,33.2,8.9,0.0,50.2,0.341,-0.052
31.64906,9.16874,2023-09-18,1,36.1,21.3,0.0,45.85,0.066,-0.102
35.00409320361034,8.380344310326844,2025-05-18,0,25.9,24.8,0.0,61.150000000000006,0.25,0.05
36.79519663016513,8.601980332746404,2021-07-23,0,36.2,22.0,0.0,45.7,0.758,0.256
37.20417402419292,9.27004954235666,2016-08-03,0,28.5,14.0,0.0,57.25,0.59,0.019
36.481777374295774,8.785338019953361,2021-09-27,0,32.4,18.8,0.4,51.400000000000006,0.106,-0.161
36.35624466327727,9.82919207515392,2021-09-09,0,33.9,20.4,0.2,49.150000000000006,0.063,-0.124
36.03760322300037,9.2587107430544,2018-10-17,0,19.6,19.7,16.8,70.6,0.159,-0.201
31.64914,9.17426,2025-04-02,1,30.3,25.4,0.0,54.55,0.074,-0.081
31.00221,10.06136,2021-11-19,1,22.5,33.8,0.0,66.25,0.069,-0.091
36.09946210501767,9.851480693357956,2019-08-05,0,37.3,17.2,0.0,44.05,0.18,-0.122
36.92229244483568,8.654567476358464,2025-06-13,0,30.7,15.2,0.0,53.95,0.532,0.259
35.14367127122657,8.505755036518922,2018-06-20,0,24.4,16.7,0.4,63.400000000000006,0.214,-0.133
36.50069,10.02756,2016-05-09,1,27.2,24.9,0.0,59.2,0.087,-0.17
36.84364,9.45093,2025-08-27,1,41.2,17.5,0.0,38.2,0.133,-0.097
37.1771410276865,9.187053722333792,2024-05-24,0,30.3,21.5,0.0,54.55,0.273,0.035
36.3357238723165,10.324893097481011,2021-09-07,0,31.0,15.9,0.2,53.5,0.122,-0.137
37.25846576753335,9.565011164725306,2024-08-10,0,33.0,14.3,0.0,50.5,0.331,0.005
35.12826936233874,8.423585281822144,2019-07-16,0,27.8,23.7,0.0,58.3,0.139,-0.151
34.80714417474102,8.391383856713924,2017-08-05,0,38.6,21.3,0.0,42.1,0.101,-0.116
35.78259419691461,9.352780816904344,2023-05-07,0,27.9,16.9,0.0,58.150000000000006,0.141,-0.086
36.23880874240575,9.343879158974552,2017-05-19,0,28.6,19.3,0.0,57.1,0.176,-0.092
35.04251789846074,8.59001588594319,2018-09-12,0,33.3,14.5,0.0,50.05,0.143,-0.153
33.8724,9.99016,2016-07-08,1,30.2,20.8,0.0,54.7,0.25,0.05
33.52649,9.68931,2020-12-18,1,19.6,27.6,0.0,70.6,0.088,-0.088
37.11572199253542,9.13082485040212,2021-10-02,0,25.3,11.8,0.0,62.05,0.357,0.182
35.46297594320077,8.980689695481741,2019-10-26,0,14.7,11.8,15.3,77.95,0.479,0.046
31.39595,10.02146,2023-08-28,1,39.1,20.4,0.0,41.35,0.05,-0.086
35.45389900993651,9.240347711248644,2021-07-19,0,32.1,16.8,0.0,51.85,0.266,-0.11
31.64985,9.16936,2023-07-22,1,43.1,26.3,0.0,35.349999999999994,0.072,-0.112
36.45988338703953,8.589083820318809,2016-08-18,0,35.3,11.4,0.0,47.05,0.049,-0.141
34.85196668122718,8.638419095988631,2020-06-12,0,32.5,22.2,0.0,51.25,0.036,0.083
36.82101,9.08401,2020-07-31,1,38.0,18.2,0.0,43.0,0.558,0.106
36.77298223395057,9.381022423755937,2016-08-12,0,28.1,16.2,0.0,57.85,0.115,-0.17
36.119782623824456,9.912459495729898,2018-08-17,0,31.8,10.5,5.0,52.3,0.364,-0.086
36.5326,10.82548,2017-06-27,1,33.8,16.0,0.0,49.3,0.244,-0.069
36.25687936164584,10.09333318814437,2019-09-03,0,27.2,28.4,0.0,59.2,0.135,-0.208
35.583938717285974,9.279191402564692,2023-09-02,0,30.2,12.7,0.0,54.7,0.081,-0.106
36.34717,8.45366,2016-08-22,1,30.9,16.3,0.0,53.650000000000006,0.471,0.047
36.77974525751857,9.465669318164982,2018-10-03,0,19.9,14.3,7.7,70.15,0.134,-0.262
33.87248,9.99245,2022-02-11,1,16.9,13.4,0.0,74.65,0.046,-0.077
35.5046358753877,9.362706953311807,2018-08-21,0,28.0,14.8,3.5,58.0,0.097,-0.165
35.171018299251294,8.52373892085033,2021-08-23,0,32.8,14.8,0.0,50.8,0.143,-0.175
35.103241610513955,8.437138841359422,2023-10-24,0,28.1,22.6,0.6,57.85,0.102,-0.145
36.72932305418562,10.518761595835343,2018-08-18,0,31.0,13.7,0.3,53.5,0.316,-0.089
36.53305672348304,10.724879122033462,2020-06-10,0,25.7,14.8,0.0,61.45,0.33,-0.04
34.69665123082962,8.499696822977372,2016-10-17,0,26.3,11.7,0.0,60.55,0.116,-0.12
35.85189321242019,9.498657613546596,2024-06-20,0,36.2,15.3,0.0,45.7,0.184,-0.066
37.092723282479184,9.18039203289491,2023-10-03,0,30.2,14.0,0.0,54.7,0.031,0.035
33.29359,8.65606,2019-03-15,1,22.1,20.6,0.0,66.85,0.058,-0.055
35.34575140108593,9.14244846939919,2022-06-05,0,39.1,16.0,0.0,41.35,0.099,-0.079
36.01970343433372,9.465268709291838,2020-08-13,0,40.2,19.2,0.0,39.7,0.107,-0.216
35.011712381727385,8.559734905990425,2016-07-26,0,31.4,15.2,0.0,52.900000000000006,0.094,-0.113
35.93385603558439,9.206746196681378,2019-09-23,0,27.9,20.9,0.1,58.150000000000006,0.183,-0.238
34.8106005262002,8.773514444243723,2021-06-12,0,30.9,26.4,0.1,53.650000000000006,0.096,-0.141
36.563224416904895,10.602364437924855,2020-09-13,0,25.5,12.0,3.3,61.75,0.324,-0.101
35.70914,10.76881,2024-08-19,1,33.5,15.5,0.6,49.75,0.112,-0.093
36.86186,9.41938,2018-09-04,1,33.9,12.5,0.1,49.150000000000006,0.174,-0.219
36.6819,8.72155,2025-03-23,1,17.4,17.4,0.2,73.9,0.387,0.118
33.52855,9.68308,2022-01-22,1,13.9,14.0,0.0,79.15,0.103,-0.07
36.04815954769657,9.627862744657907,2023-09-03,0,30.6,16.1,0.0,54.1,0.218,-0.08
37.17911212998409,9.195035480019644,2017-08-22,0,27.6,14.8,0.0,58.6,0.437,0.03
36.33884734061201,9.664311827646438,2022-07-15,0,34.8,19.8,0.0,47.8,0.154,-0.088
36.30183214490129,9.556313411270676,2021-05-19,0,30.7,20.0,0.0,53.95,0.24,-0.107
31.40448,9.85407,2019-03-25,1,20.9,15.7,0.0,68.65,0.091,-0.093
33.36491,8.54745,2023-07-17,1,45.2,27.0,0.0,32.19999999999999,0.061,-0.024
36.286294326790696,9.165412451789512,2021-07-07,0,41.3,20.0,0.0,38.05,0.125,-0.164
37.03219909432208,9.647651414476968,2021-10-19,0,21.8,14.6,0.5,67.3,0.183,-0.204
37.06717210527496,10.019477668702796,2018-07-10,0,32.2,21.4,0.0,51.7,0.156,-0.1
36.58133692879958,10.813888221496727,2021-07-07,0,30.6,14.3,0.0,54.1,0.187,-0.145
36.80741,9.2842,2018-09-30,1,26.6,13.4,0.0,60.1,0.165,-0.183
35.76453142215525,9.466859957912234,2016-07-13,0,36.8,14.8,0.0,44.8,0.151,-0.163
36.30145719809985,9.69509241537253,2025-10-16,0,23.8,18.1,0.7,64.3,0.266,0.017
31.70192,9.24393,2021-04-22,1,34.9,28.5,0.0,47.650000000000006,0.08,-0.091
33.87268,9.99068,2025-03-07,1,21.2,29.4,0.9,68.2,0.054,-0.07
36.52706777781271,9.842072970597505,2018-06-26,0,28.2,25.4,0.3,57.7,0.146,-0.223
35.95401478495726,9.222830709268765,2019-08-05,0,36.6,20.5,0.0,45.1,0.181,-0.127
36.52199723222065,9.055159648884633,2017-07-15,0,33.4,20.2,0.0,49.900000000000006,0.121,-0.168
36.458907485395855,10.747316313170415,2022-06-07,0,31.7,25.1,0.0,52.45,0.092,-0.035
36.92624785731916,11.02474776396781,2022-05-02,0,20.9,23.0,0.0,68.65,0.25,0.05
36.50036,10.02712,2021-09-08,1,32.2,16.1,0.0,51.7,0.009,0.256
33.47839,11.10713,2019-05-13,1,23.9,31.7,0.0,64.15,0.11,0.022
35.60939479951884,9.148417028159942,2023-07-15,0,41.3,15.3,0.0,38.05,0.058,-0.109
36.774321026937386,8.56823087790586,2016-09-25,0,23.5,13.6,5.4,64.75,0.25,0.05
31.48142,9.6714,2019-03-21,1,16.5,21.5,0.0,75.25,0.115,-0.079
36.29653507916333,9.045418020726144,2019-05-17,0,32.5,28.2,0.0,51.25,0.608,0.188
36.59161,10.32028,2023-02-14,1,14.8,8.1,0.0,77.8,0.098,-0.055
35.53762863842691,8.67401649351144,2023-06-19,0,33.7,20.9,0.0,49.45,0.274,0.035
31.70415,9.24222,2020-09-20,1,36.1,17.4,0.0,45.85,0.068,-0.111
36.25306,9.7486,2022-07-24,1,36.2,13.2,0.0,45.7,0.133,-0.093
36.97521,11.03705,2017-01-03,1,14.9,19.7,0.2,77.65,0.25,0.05
36.425969897589965,8.60206717075057,2021-10-03,0,33.5,12.9,0.0,49.75,0.178,-0.107
36.83503279167351,11.11086715028155,2024-07-06,0,28.2,30.0,0.0,57.7,0.055,-0.049
36.04436,8.78649,2016-07-11,1,38.7,18.5,0.0,41.95,0.162,-0.158
36.7508640914276,8.936532034895288,2020-08-10,0,31.3,15.8,0.0,53.05,0.142,-0.185
36.69502583611319,10.561753247092025,2020-07-17,0,27.7,27.0,0.0,58.45,0.524,0.108
36.16658747940285,9.53005940897191,2017-05-12,0,31.0,20.4,0.0,53.5,0.341,-0.016
36.19967648720254,10.111756017438845,2023-06-20,0,34.6,19.3,0.0,48.1,0.143,-0.088
36.1593,10.28406,2024-08-16,1,39.2,19.8,0.0,41.2,0.045,-0.12
35.66879998014881,8.452719004199762,2020-05-04,0,28.1,12.1,0.0,57.85,0.263,-0.056
36.689375625931504,10.933443205786798,2022-05-21,0,26.5,16.3,0.0,60.25,0.118,-0.082
33.479,11.10791,2024-05-11,1,25.1,19.2,0.0,62.35,0.056,0.089
36.33368072754858,9.030345708659858,2016-05-06,0,24.8,16.4,1.2,62.8,0.25,0.05
36.54621470968416,10.419706268680653,2023-09-16,0,33.0,16.0,0.0,50.5,0.204,-0.058
35.29550671593642,9.137301634675204,2020-05-20,0,25.7,19.1,0.0,61.45,0.249,-0.123
35.37883721682731,9.164100866152795,2021-08-25,0,37.3,17.7,0.0,44.05,0.124,-0.134
37.01791139799872,9.97946590735218,2018-09-24,0,29.6,28.6,0.0,55.6,0.12,-0.213
36.59743311894441,8.404680310045565,2024-07-25,0,27.7,14.4,0.0,58.45,0.267,-0.035
34.93743,8.53181,2016-10-19,1,24.7,10.9,1.4,62.95,0.065,-0.02
36.934585855917625,8.874170294633887,2025-07-11,0,29.6,12.3,0.0,55.6,0.554,0.263
35.258029823404854,9.089406768426237,2021-07-04,0,44.1,17.6,0.0,33.849999999999994,0.215,-0.079
34.36816,8.16129,2021-09-05,1,33.3,15.1,0.0,50.05,0.062,-0.151
37.18859464940944,9.72973472068713,2019-09-26,0,27.2,20.0,0.5,59.2,-0.014,0.074
36.831662917574064,9.428674613723196,2016-05-08,0,22.8,18.3,0.0,65.8,0.25,0.05
35.941240549614584,9.459964497134171,2020-10-18,0,20.0,14.7,0.5,70.0,0.24,-0.087
31.48432,9.54153,2018-11-03,1,18.8,17.8,0.0,71.8,0.075,-0.107
36.317239273660014,9.102218921050582,2024-06-25,0,29.8,16.1,0.0,55.3,0.11,-0.1
35.258790328777906,8.720676563269292,2018-05-20,0,24.2,7.6,1.9,63.7,0.169,-0.129
35.34409588614369,9.012696315055717,2025-06-03,0,32.2,21.0,0.0,51.7,0.109,-0.116
36.92262828932648,8.734806032384578,2021-07-20,0,28.7,10.7,0.0,56.95,0.223,-0.03
35.66166839328143,9.274974453419333,2020-09-14,0,23.1,17.8,4.2,65.35,0.099,-0.14
36.60801,8.81129,2019-08-20,1,38.0,16.3,0.0,43.0,0.215,-0.136
35.96336312893526,9.361536436969963,2022-09-27,0,21.8,15.8,0.1,67.3,0.129,-0.097
36.92779,9.99824,2016-07-19,1,30.7,17.1,0.0,53.95,0.196,-0.131
36.19527809997598,9.25055982565354,2017-09-03,0,29.7,15.6,0.0,55.45,0.252,-0.078
37.17286531163572,10.04726940907239,2019-09-20,0,29.4,19.2,2.2,55.900000000000006,0.543,0.011
35.12342,8.9161,2017-08-05,1,38.3,15.1,0.0,42.55,0.29,-0.047
35.41784452978454,8.901814364013742,2017-06-09,0,33.8,15.7,1.3,49.3,0.17,-0.125
36.39247020757448,9.024622723970475,2024-06-06,0,33.8,13.4,0.0,49.3,0.169,-0.093
37.00211747200039,10.011655970062048,2016-08-15,0,31.5,21.7,0.0,52.75,0.089,-0.176
31.39838,10.01992,2018-08-26,1,35.7,22.7,0.0,46.45,0.072,-0.116
36.04949736102898,9.469726203628468,2024-05-20,0,27.5,24.7,0.1,58.75,0.125,-0.116
35.2246807187698,8.676215114600748,2021-09-20,0,29.1,9.8,0.2,56.35,0.125,-0.089
37.25566,9.61275,2023-09-02,1,38.3,21.5,0.0,42.55,0.26,-0.031
37.12456139350212,9.615271225656963,2021-08-22,0,35.1,16.4,0.0,47.35,0.142,-0.138
35.33978,8.88054,2021-08-06,1,36.2,15.8,0.0,45.7,0.415,-0.01
36.32826,8.42297,2016-08-28,1,33.3,12.1,0.0,50.05,0.411,-0.031
35.735826390506084,9.396502343556172,2017-08-20,0,34.9,15.9,0.3,47.650000000000006,0.094,-0.14
33.36488,8.54855,2023-05-21,1,28.3,29.1,0.0,57.55,0.065,-0.023
35.53271373288848,8.41407066528666,2021-09-08,0,29.4,14.4,0.4,55.900000000000006,0.091,-0.151
36.35327302479425,9.40339764302197,2021-05-12,0,23.2,13.6,0.0,65.2,0.323,-0.056
34.826552155372696,8.667585923682768,2022-06-10,0,29.3,28.6,0.0,56.05,0.087,-0.103
36.757477881505686,10.994117790060631,2018-06-07,0,25.7,22.3,0.0,61.45,0.351,-0.069
35.33569931872781,8.580407762796545,2018-10-21,0,23.9,9.5,0.0,64.15,0.244,-0.072
36.37259984001568,8.421768650068207,2024-07-01,0,33.1,23.3,0.4,50.35,0.155,-0.088
33.53027,9.68228,2022-07-26,1,38.7,17.4,0.0,41.95,0.069,-0.09
35.45609595588195,8.423544458421892,2016-05-11,0,26.3,30.0,0.8,60.55,0.144,-0.125
35.84858,8.59383,2018-12-17,1,14.7,25.5,0.0,77.95,0.096,-0.224
35.2145,8.61388,2021-06-23,1,38.4,27.4,0.0,42.400000000000006,0.177,-0.166
37.16792489075544,9.45441822728259,2016-10-01,0,28.3,15.1,0.2,57.55,0.25,0.05
35.22107929676485,8.670171848067277,2017-05-05,0,29.5,15.1,0.4,55.75,0.35,-0.054
35.26363915394148,8.901794862729622,2021-07-22,0,34.8,15.0,0.0,47.8,0.118,-0.125
36.95248533537709,9.29516128984615,2021-06-02,0,29.1,21.2,0.2,56.35,0.435,0.12
36.45852923136886,8.250063462345064,2022-06-14,0,34.1,13.3,0.0,48.85,0.269,-0.072
35.7170338817856,9.117424459169214,2018-06-21,0,26.0,12.3,1.3,61.0,0.14,-0.114
36.42592928220503,8.779415602279483,2017-10-22,0,25.1,14.9,1.7,62.35,0.127,-0.183
36.15220546149409,9.998260510336973,2023-09-24,0,26.3,24.6,0.0,60.55,0.092,-0.155
33.87357,9.99157,2023-03-30,1,25.9,17.2,0.0,61.150000000000006,0.048,-0.093
35.470248079414226,8.502754324424766,2018-10-20,0,20.6,9.4,0.0,69.1,0.424,-0.035
36.84789,9.80204,2019-07-15,1,31.7,27.1,0.3,52.45,0.144,-0.186
36.15542332470062,9.63580767136878,2018-06-10,0,35.4,18.7,0.0,46.900000000000006,0.164,-0.159
35.92722311443016,9.281104406787136,2018-10-16,0,19.7,14.2,8.4,70.45,0.178,-0.159
35.12153103302502,9.243080483881869,2025-09-04,0,36.1,16.7,0.0,45.85,0.242,0.001
34.59624,10.58431,2016-05-20,1,26.7,38.9,0.0,59.95,0.118,-0.101
33.78408,8.76548,2022-07-21,1,40.2,39.8,0.0,39.7,0.376,0.202
35.94246073906017,9.170498828955022,2021-10-22,0,23.9,15.1,0.0,64.15,0.13,-0.169
36.592017094863046,8.655501383365499,2024-07-20,0,38.0,20.3,0.0,43.0,0.159,-0.083
36.67723,9.91931,2025-04-18,1,22.8,11.4,0.0,65.8,0.283,0.096
35.0412751860851,9.211917140293002,2025-08-03,0,33.4,19.2,4.6,49.900000000000006,0.08,-0.122
36.45236336338205,10.332193271443042,2019-08-09,0,37.6,12.8,0.0,43.6,0.242,-0.106
37.119888962015,9.650178032745764,2018-05-12,0,24.2,8.7,1.6,63.7,0.66,0.164
33.36511,8.54812,2022-12-11,1,19.1,23.4,0.0,71.35,0.065,-0.018
35.09309932061645,8.453965095782493,2020-05-25,0,28.0,13.8,0.0,58.0,0.198,-0.12
36.03881835788731,9.477890568000342,2023-07-13,0,37.3,12.8,0.0,44.05,0.104,-0.134
36.99861115886932,9.71778894573345,2016-05-05,0,24.1,20.2,0.0,63.85,0.246,-0.06
36.50275,10.02566,2024-08-04,1,35.4,25.0,0.0,46.900000000000006,0.05,-0.117
35.02408322791422,8.550512151538971,2021-08-03,0,37.0,17.0,0.0,44.5,0.09,-0.123
36.61935298315427,8.768119096530626,2023-06-23,0,28.3,19.8,0.0,57.55,0.196,-0.097
35.509708154773854,9.070800946900157,2022-05-17,0,31.9,15.6,0.0,52.150000000000006,0.235,0.02
36.024061007919315,9.221591811132756,2024-09-20,0,25.8,11.5,0.8,61.3,0.25,0.05
36.36852359625898,9.976636314665502,2022-10-26,0,31.4,12.2,0.0,52.900000000000006,0.185,-0.1
32.28912,10.97705,2017-09-03,1,31.9,28.9,0.1,52.150000000000006,0.081,-0.126
36.59640266553247,8.390632195521949,2017-06-27,0,33.0,14.3,1.3,50.5,0.351,0.029
31.48412,9.54206,2018-02-28,1,22.6,21.3,0.0,66.1,0.073,-0.116
35.492644846588284,8.714652857448376,2023-06-22,0,32.8,13.1,0.0,50.8,0.161,-0.101
35.5627917516125,8.512251506890857,2017-09-26,0,27.6,15.3,0.0,58.6,0.103,-0.151
36.97548077867358,9.88770996589705,2016-05-17,0,22.4,16.8,0.0,66.4,0.178,-0.242
35.518754616744665,9.14132147398673,2016-05-08,0,21.3,11.8,0.7,68.05,0.25,0.05
36.67924941943991,10.488445716507872,2022-07-25,0,38.8,17.8,0.0,41.8,0.098,-0.139
31.64736,9.1681,2023-03-25,1,27.2,14.0,0.0,59.2,0.078,-0.082
35.78010060878107,9.386444813118969,2024-05-12,0,28.9,14.6,0.0,56.650000000000006,0.161,-0.062
36.77563,10.20025,2023-04-13,1,27.1,32.3,0.1,59.35,0.078,-0.042
36.69084,9.81693,2025-06-25,1,40.4,22.1,0.0,39.400000000000006,0.134,-0.135
31.70318,9.24472,2021-05-31,1,37.1,24.5,0.0,44.35,0.074,-0.118
36.59005,9.40118,2025-09-12,1,30.5,14.8,0.0,54.25,0.159,-0.08
36.50064,10.02787,2024-08-30,1,36.2,16.6,0.0,45.7,0.049,-0.134
34.84354932632788,8.852816473875915,2019-08-06,0,38.2,18.7,0.0,42.7,0.103,-0.151
35.17207,8.5578,2021-07-03,1,39.9,20.1,0.0,40.150000000000006,0.216,-0.108
34.91953444759524,8.676245714073577,2018-05-07,0,24.2,28.4,2.4,63.7,0.133,-0.101
35.1422334428562,8.686904069275538,2018-06-17,0,29.4,20.9,0.5,55.900000000000006,0.095,-0.169
35.181141191851125,8.660032189984468,2023-06-22,0,32.6,12.6,0.0,51.1,0.143,-0.111
37.19393917542985,9.570989678462492,2017-09-27,0,24.5,13.7,0.9,63.25,0.395,-0.099
36.58809,9.19813,2025-10-12,1,27.8,10.0,1.5,58.3,0.113,-0.168
36.38270247196736,10.330489155767475,2018-07-23,0,34.0,27.3,0.0,49.0,0.108,-0.22
36.47079602396137,8.660117695588655,2024-06-14,0,34.3,9.9,0.0,48.55,0.192,-0.057
36.79129,8.44553,2017-08-04,1,40.7,17.0,0.0,38.95,0.548,0.045
36.19814449433503,9.090523131241127,2021-10-23,0,26.2,16.3,4.0,60.7,0.25,0.05
36.43261100284947,10.144668730590173,2018-07-09,0,34.7,14.3,0.0,47.95,0.112,0.035
36.11899607854348,10.110662690951552,2023-06-13,0,32.4,15.6,0.5,51.400000000000006,0.108,-0.13
36.62628258502435,8.950746760843916,2024-07-21,0,45.2,30.1,0.0,32.19999999999999,0.29,0.032
36.42218409880647,8.549164622715113,2025-05-11,0,25.7,13.3,7.0,61.45,0.241,-0.034
32.02438,9.54056,2018-09-07,1,40.2,29.4,0.0,39.7,0.068,-0.135
36.66285798653634,8.505828808869666,2019-09-23,0,25.8,16.8,0.2,61.3,0.195,-0.199
37.12623809257101,10.044192964078857,2018-07-11,0,33.1,12.8,0.0,50.35,0.298,-0.119
35.07732159366525,9.270980394074297,2025-06-21,0,33.9,18.8,0.0,49.150000000000006,0.113,-0.114
36.81565,9.0664,2022-10-20,1,28.3,10.4,0.0,57.55,0.202,-0.043
35.119938437743514,9.14094035382989,2021-06-01,0,26.9,14.6,0.6,59.650000000000006,0.118,-0.168
37.242926338703946,9.43466042144848,2024-07-25,0,29.1,23.0,0.0,56.35,0.205,-0.045
36.83862012681676,8.851306603017235,2025-08-18,0,29.8,15.0,0.1,55.3,0.345,0.031
31.64863,9.17144,2018-11-21,1,22.3,13.2,0.0,66.55,0.079,-0.127
35.721922715429514,9.206942113709816,2024-05-07,0,23.0,14.2,7.3,65.5,0.113,-0.094
36.53376,9.68441,2020-07-02,1,40.0,21.4,0.0,40.0,0.153,-0.134
36.04046024581573,9.45712290080193,2024-10-23,0,21.7,16.3,1.2,67.45,0.105,-0.129
36.96104,9.10045,2020-10-30,1,20.8,16.8,0.8,68.8,0.35,-0.189
31.7052,9.24202,2020-10-26,1,25.2,13.0,0.0,62.2,0.061,-0.11
36.437984958638616,10.127607899457958,2021-05-11,0,25.4,24.9,0.0,61.900000000000006,0.436,0.059
37.0078633698482,9.713165034767954,2017-07-02,0,26.9,31.8,0.0,59.650000000000006,0.047,-0.036
33.36686,8.54712,2023-03-26,1,30.8,24.5,0.0,53.8,0.066,0.001
37.02394087865087,9.396117582374266,2017-05-09,0,23.0,23.0,0.0,65.5,0.628,0.219
35.77687,9.89018,2020-08-10,1,35.0,19.7,0.0,47.5,0.077,-0.182
36.803587973536416,10.85659605000686,2022-06-14,0,33.2,10.9,0.0,50.2,0.151,-0.137
33.87316,9.99039,2019-06-16,1,30.3,24.9,0.0,54.55,0.057,-0.115
36.33106090922031,9.278593098468864,2020-09-27,0,26.6,29.3,0.0,60.1,0.356,-0.022
35.21557188954416,8.820932058041704,2017-07-11,0,40.6,12.4,0.0,39.1,0.081,-0.122
31.65004,9.1702,2024-05-01,1,24.1,25.1,0.0,63.85,0.07,-0.107
36.69994076876122,8.503900386738342,2021-05-01,0,20.7,19.9,6.0,68.95,0.546,0.052
35.4962786689804,8.576806883380195,2024-09-14,0,20.9,19.1,0.0,68.65,0.085,-0.097
36.16407,9.6952,2017-08-08,1,40.1,17.0,0.0,39.85,0.327,-0.035
36.9458425864965,10.98737283315361,2016-09-12,0,28.6,13.0,0.0,57.1,0.394,0.027
36.50155214572892,9.959437073164892,2018-08-10,0,34.7,14.3,0.0,47.95,0.042,-0.081
37.16051983227664,9.56101941838436,2016-05-01,0,17.7,32.3,6.4,73.45,0.355,0.069
36.51525,10.13738,2025-09-13,1,30.5,15.7,0.0,54.25,0.112,-0.047
36.27072593154608,10.225440806960414,2016-08-16,0,33.5,15.2,0.0,49.75,0.213,-0.163
35.336451503024264,8.502874497141073,2025-05-15,0,20.0,25.0,19.7,70.0,0.178,-0.031
35.06842470959171,8.629605778085612,2023-05-22,0,22.0,12.5,0.1,67.0,0.074,-0.112
35.18552797276613,8.6712556250051,2019-06-04,0,28.8,15.6,0.0,56.8,0.275,-0.055
36.39183438063717,8.968611955160611,2022-09-10,0,37.2,20.4,0.0,44.2,0.12,-0.127
33.87294,9.99389,2018-01-01,1,20.5,28.8,0.0,69.25,0.114,-0.225
35.92547911813141,9.303958791357134,2016-05-24,0,28.4,11.4,0.0,57.400000000000006,0.25,0.05
36.31802238018375,9.706630801301277,2024-05-21,0,27.1,16.2,0.0,59.35,0.19,-0.101
34.765703797995926,8.379302830897824,2023-08-21,0,33.6,28.1,0.0,49.6,0.079,-0.135
35.84923,8.59069,2022-04-20,1,27.3,26.3,2.1,59.05,0.118,-0.036
37.1467254163708,9.633928676096112,2018-07-07,0,31.3,17.5,0.0,53.05,-0.197,0.11
36.5244563440144,8.838076722141826,2022-10-05,0,31.2,12.5,0.0,53.2,0.105,-0.126
36.06020423000432,9.4571176272881,2017-10-24,0,18.7,25.0,3.1,71.95,0.079,-0.156
36.38911578283937,9.364741848482517,2025-08-05,0,31.0,15.7,0.0,53.5,0.24,-0.031
35.38522853811417,8.724103927968264,2023-05-25,0,16.6,12.2,9.2,75.1,0.129,-0.155
31.64767,9.17243,2025-03-08,1,25.0,18.0,0.0,62.5,0.077,-0.097
35.01151101182965,8.75548422708132,2017-07-03,0,27.2,30.9,0.0,59.2,0.121,-0.136
35.896794190701456,9.34805580206299,2022-09-08,0,36.3,14.8,0.0,45.55,0.198,-0.054
35.71956930227818,9.446072217472834,2023-08-11,0,35.5,17.0,0.0,46.75,0.133,-0.096
36.38522397518884,9.77543069701942,2020-05-15,0,27.7,22.7,0.1,58.45,0.142,-0.097
36.59088,10.31627,2018-07-03,1,34.2,13.4,0.0,48.7,0.084,-0.134
35.20758,8.72,2019-07-06,1,35.7,16.2,0.0,46.45,0.248,-0.094
35.25317601832182,8.507161152874344,2016-10-27,0,24.0,20.1,0.0,64.0,0.184,-0.104
36.38975543893238,9.361698416880428,2024-08-10,0,37.6,19.6,0.0,43.6,0.203,-0.051
33.36287,8.54657,2023-09-28,1,30.0,14.5,0.0,55.0,0.047,-0.037
35.21505,8.7183,2019-07-05,1,35.9,18.7,0.0,46.150000000000006,0.334,-0.041
35.46899540336407,9.29464692443868,2020-06-16,0,32.3,19.6,0.0,51.55,0.167,-0.138
36.27861428390857,9.232361064898583,2025-09-06,0,37.3,16.5,0.0,44.05,0.195,-0.034
35.77186875819682,9.123516001326175,2025-05-14,0,20.0,27.2,0.8,70.0,0.152,-0.066
36.17264845867996,9.676405252100611,2019-05-10,0,26.8,17.0,0.0,59.8,0.403,0.044
33.87315,9.98881,2018-09-05,1,41.3,16.8,0.0,38.05,0.049,-0.019
33.49706,8.72927,2018-12-11,1,18.9,14.3,0.0,71.65,0.156,0.092
35.84458,9.30865,2016-07-25,1,30.0,15.6,0.2,55.0,0.187,-0.132
36.44836940673488,9.804637171880504,2024-06-16,0,33.5,15.0,1.2,49.75,0.106,-0.146
36.4998899254,10.18394537993358,2020-05-14,0,36.4,28.2,0.0,45.400000000000006,0.255,-0.07
36.1345261183076,9.210577560874954,2021-08-06,0,39.1,17.7,0.0,41.35,0.115,-0.189
34.959130927179835,8.806910407340347,2025-09-16,0,34.6,22.9,0.0,48.1,0.09,-0.132
35.49645444281769,9.115760813887364,2022-09-20,0,30.8,13.1,0.0,53.8,0.312,0.049
36.73711,9.1499,2021-08-13,1,42.2,17.4,0.0,36.7,0.281,-0.096
36.831285716118565,8.897153017473938,2018-06-12,0,24.7,13.4,0.0,62.95,0.226,0.112
36.18789953823648,9.206924168586838,2017-06-21,0,36.4,22.9,2.9,45.400000000000006,0.166,-0.147
34.8684923163932,8.829260942416935,2024-09-03,0,34.1,20.2,0.1,48.85,0.057,-0.115
36.36585132616084,9.9261246004577,2018-07-13,0,44.2,18.5,0.0,33.69999999999999,0.095,-0.156
36.382111095361125,9.421525586164831,2016-07-09,0,40.1,13.0,0.0,39.85,0.132,-0.172
36.29611886480305,9.2100716710468,2018-10-20,0,24.0,9.8,0.1,64.0,0.159,-0.246
35.39297204196188,8.824359385281484,2016-06-24,0,30.3,17.3,0.0,54.55,0.152,-0.192
36.42422,8.3788,2021-08-11,1,43.0,20.9,0.0,35.5,0.321,-0.064
34.815578830364124,8.405043338971776,2016-05-15,0,22.8,15.8,0.0,65.8,0.124,-0.134
35.592847648109675,8.538254521050723,2019-06-14,0,36.3,26.0,0.0,45.55,0.171,-0.097
33.52781,9.68115,2022-04-08,1,25.1,20.2,0.0,62.35,0.074,-0.074
36.677988445243365,8.966138706787623,2025-05-27,0,28.3,12.4,0.0,57.55,0.23,-0.049
35.34311367754243,8.752319330444024,2021-06-11,0,29.2,14.0,0.0,56.2,0.132,-0.158
36.79101247921388,8.871943123219932,2021-09-12,0,25.4,14.1,0.2,61.900000000000006,0.793,0.274
36.477810479631614,10.142790725977427,2018-06-18,0,28.4,27.2,0.0,57.400000000000006,0.265,-0.103
36.02294497223474,9.207253123716908,2025-05-21,0,22.5,13.1,0.0,66.25,0.231,0.015
37.24190831184946,9.554146488344948,2022-06-10,0,22.2,31.6,0.7,66.7,0.435,0.159
34.76300442976772,8.407851946876344,2017-06-27,0,38.6,32.2,0.0,42.1,0.101,-0.148
35.11567517726239,8.728800451204272,2018-08-04,0,27.8,15.6,0.3,58.3,0.098,-0.172
37.03641251438815,9.310566236638088,2021-10-13,0,20.0,28.3,5.7,70.0,0.178,-0.223
35.577305555306154,8.705300363997866,2021-10-21,0,22.0,17.6,0.0,67.0,0.25,0.05
32.28825,10.97452,2016-09-17,1,37.0,21.6,0.0,44.5,0.058,-0.124
33.36664,8.54901,2023-03-24,1,26.1,17.2,0.0,60.85,0.075,-0.012
35.37650230827276,9.013383220790445,2024-09-20,0,25.0,10.2,0.8,62.5,0.119,-0.079
35.571605444679314,8.508466321635757,2019-06-27,0,32.5,15.4,0.0,51.25,0.13,-0.128
36.38919265221806,9.394898803570104,2018-09-23,0,29.5,14.2,0.0,55.75,0.384,-0.042
34.72039643849016,8.411261614782454,2016-09-07,0,29.4,22.0,0.0,55.900000000000006,0.097,-0.131
35.034299285211226,8.408707897121124,2022-09-09,0,36.1,16.6,0.0,45.85,0.109,-0.122
36.15804,10.28406,2020-07-21,1,32.3,17.3,0.0,51.55,0.073,-0.174
35.66133547857063,9.260092914236012,2020-06-06,0,29.4,22.7,0.0,55.900000000000006,0.12,-0.069
32.2891,10.97367,2018-08-05,1,36.2,34.5,0.0,45.7,0.067,-0.119
36.85312829616991,11.017908911285405,2021-08-09,0,34.5,24.7,0.0,48.25,0.083,-0.082
34.845661329170625,8.834933102789934,2021-10-26,0,21.5,26.5,0.2,67.75,0.126,-0.083
36.31796335833335,9.42709404322079,2020-08-20,0,42.2,19.7,0.0,36.7,0.107,-0.151
36.44984728195632,8.857179108435348,2021-07-01,0,38.4,16.8,0.0,42.400000000000006,0.184,-0.105
35.095643561046266,8.815780661138959,2016-10-26,0,31.5,15.1,0.0,52.75,0.117,-0.114
36.15976,10.28508,2021-09-06,1,32.1,17.5,0.0,51.85,0.041,-0.176
37.00251369962175,11.056347192765267,2021-10-20,0,22.7,19.2,0.9,65.95,0.067,0.087
37.10329582271031,9.75580279027043,2019-08-13,0,33.5,26.8,0.0,49.75,0.197,-0.153
36.54038881737998,10.749608100122064,2020-07-18,0,31.3,18.1,0.0,53.05,0.299,-0.046
36.21965124665221,9.488792016724773,2024-08-08,0,37.0,13.0,0.0,44.5,0.094,-0.118
36.36818,8.48547,2016-07-06,1,29.8,15.7,0.0,55.3,0.25,0.05
36.45706242504403,10.361238000766992,2022-08-23,0,33.3,20.6,0.2,50.05,0.157,-0.084
35.50841217479945,9.331355723125023,2025-07-15,0,38.1,15.1,0.0,42.85,0.071,-0.145
31.6511,9.17193,2021-08-11,1,43.5,25.2,0.0,34.75,0.084,-0.129
31.39957,10.02158,2022-07-19,1,36.8,27.8,0.0,44.8,0.062,-0.091
36.92307,8.8024,2022-11-03,1,28.9,13.9,0.0,56.650000000000006,0.414,0.13
33.87367,9.9942,2021-05-30,1,26.9,25.8,0.0,59.650000000000006,0.05,-0.161
34.60045,10.58551,2018-02-09,1,14.3,29.6,6.9,78.55,0.092,-0.082
31.70556,9.24601,2020-10-07,1,28.4,30.8,0.0,57.400000000000006,0.088,-0.199
36.94403,8.80352,2020-08-12,1,35.1,27.3,0.0,47.35,0.703,0.194
36.951406237483454,9.33879131045355,2020-09-15,0,27.1,12.0,0.1,59.35,0.199,-0.221
36.65538,9.20318,2019-08-02,1,42.8,18.9,0.0,35.80000000000001,0.134,-0.1
36.96260900365691,9.42422221648007,2018-08-23,0,26.8,19.3,6.4,59.8,0.08,-0.027
36.26900415031105,10.277477882190318,2023-08-26,0,40.4,21.1,0.0,39.400000000000006,0.104,-0.15
36.67203840622288,8.586092377059874,2019-06-21,0,36.7,14.3,0.0,44.95,0.339,-0.074
36.36727984711081,10.030698772822712,2023-10-16,0,32.2,16.9,0.0,51.7,0.101,-0.138
36.3995638592556,10.416188014718498,2023-10-18,0,34.4,19.6,0.0,48.400000000000006,0.256,-0.04
36.708670319236646,9.001760187525933,2020-07-15,0,29.6,13.7,1.5,55.6,0.185,-0.112
36.42352885714147,10.175195607637155,2021-07-27,0,35.1,23.5,0.0,47.35,0.138,-0.122
33.36395,8.54965,2023-06-15,1,33.8,43.2,0.0,49.3,0.049,-0.056
36.459065222916735,8.316497576673873,2025-07-25,0,35.8,19.9,1.2,46.3,0.307,-0.002
37.02385541329269,9.725963991482525,2018-05-19,0,24.0,20.5,0.0,64.0,0.199,-0.093
35.387701894084074,8.751325165449892,2016-10-15,0,24.1,8.7,0.0,63.85,0.25,0.05
36.26633006832164,9.539880462163492,2017-06-27,0,39.4,19.2,1.5,40.900000000000006,0.153,-0.123
35.73750724346187,9.19689860068874,2025-08-18,0,29.2,17.3,0.0,56.2,0.122,-0.106
36.344,8.98475,2019-07-07,1,41.0,18.7,0.0,38.5,0.189,-0.173
36.23338114727789,10.07250127907148,2019-05-24,0,26.7,19.2,2.2,59.95,0.374,-0.057
36.96462790138223,9.2568153817475,2022-09-19,0,31.8,18.5,0.0,52.3,0.156,-0.095
36.97902302306304,10.9117820622168,2017-07-20,0,29.7,23.8,0.0,55.45,0.415,0.024
35.02020219141154,9.120002257632285,2018-05-06,0,23.6,14.1,0.1,64.6,0.127,-0.118
36.10262951666767,9.586989991976914,2017-06-07,0,24.4,18.4,0.0,63.400000000000006,0.189,-0.077
34.903615256680595,8.838318335554899,2019-07-08,0,37.9,13.1,0.0,43.150000000000006,0.096,-0.149
36.6463289364526,10.756978612675848,2022-08-07,0,33.7,17.8,0.0,49.45,0.065,-0.093
31.65013,9.17019,2019-03-14,1,20.3,29.5,0.0,69.55,0.11,-0.089
36.75185,8.64007,2017-08-01,1,39.5,21.2,0.0,40.75,0.742,0.207
35.35109954682689,8.999335654718088,2017-09-10,0,30.4,31.5,0.7,54.400000000000006,0.1,-0.183
34.81975,10.67533,2021-03-30,1,20.8,21.3,0.0,68.8,0.235,-0.077
36.90086,10.02912,2023-12-10,1,20.1,36.2,0.1,69.85,0.25,0.05
35.40029,9.21675,2021-07-12,1,38.4,16.5,0.0,42.400000000000006,0.194,-0.141
36.563438029459896,10.604180679101797,2020-09-05,0,27.7,12.7,4.8,58.45,0.342,-0.101
31.69541,9.2033,2025-01-26,1,21.1,13.6,0.0,68.35,0.075,-0.088
31.70286,9.2436,2020-03-23,1,24.2,33.8,0.0,63.7,0.076,-0.101
36.19677,9.8768,2016-07-22,1,36.0,19.6,0.0,46.0,0.274,-0.1
35.07394460944019,8.56667109077592,2017-06-22,0,28.8,16.2,0.4,56.8,0.131,-0.108
35.497730534627735,8.531228490814707,2021-09-19,0,35.5,18.1,0.0,46.75,0.377,-0.019
36.02416,9.64639,2022-07-25,1,34.9,10.2,0.0,47.650000000000006,0.245,-0.112
34.911499873412495,8.430676266929312,2018-07-16,0,38.9,21.0,0.0,41.650000000000006,0.125,-0.16
33.53199,9.68065,2022-07-19,1,37.1,30.6,0.0,44.35,0.071,-0.092
35.7765,9.89135,2022-01-05,1,24.2,13.3,0.0,63.7,0.151,-0.237
32.28997,10.97303,2017-07-31,1,37.0,23.9,0.0,44.5,0.066,-0.094
37.23844196273809,9.53797247099219,2019-09-25,0,27.5,13.9,0.0,58.75,0.77,0.263
36.86640111412336,8.97963912973421,2018-08-13,0,30.7,19.8,0.2,53.95,0.676,0.138
35.474796911337364,8.777651559944687,2025-07-16,0,30.1,19.6,0.2,54.85,0.085,-0.111
37.026249817149726,9.312615240391082,2022-07-01,0,36.1,18.0,0.0,45.85,0.209,-0.062
35.84105444409873,9.272225872174536,2017-09-23,0,27.4,16.1,1.6,58.900000000000006,0.256,-0.079
35.22827000634076,8.498156507863756,2019-06-13,0,35.0,18.0,0.0,47.5,0.207,-0.1
36.93983,9.41655,2020-09-09,1,31.5,15.1,0.0,52.75,0.372,-0.053
37.0224,9.56267,2025-08-07,1,34.8,14.5,0.0,47.8,0.137,-0.102
36.59031,10.32037,2022-10-19,1,26.0,9.9,0.0,61.0,0.057,-0.059
36.01842048269553,9.41791541725954,2021-09-11,0,27.8,25.5,0.8,58.3,0.106,-0.118
31.48539,9.54135,2017-10-10,1,26.1,21.2,0.0,60.85,0.041,-0.026
32.29035,10.97784,2017-10-31,1,25.8,15.1,0.0,61.3,0.095,-0.099
32.29047,10.97467,2016-08-22,1,34.5,25.3,0.0,48.25,0.06,-0.128
35.02357759615251,9.077056946916551,2025-10-18,0,20.0,19.4,14.0,70.0,0.086,-0.112
35.04677164834751,8.691014683177366,2024-10-11,0,26.1,14.9,0.0,60.85,0.096,-0.111
36.18297082433931,9.052327893625122,2020-07-05,0,29.1,19.1,0.0,56.35,0.131,-0.177
31.70459,9.24347,2024-10-30,1,33.1,21.1,0.0,50.35,0.057,-0.094
35.56124,9.02375,2019-12-24,1,14.7,25.6,0.0,77.95,0.274,-0.043
36.95874,9.25736,2020-07-31,1,38.3,18.8,0.0,42.55,0.412,-0.012
36.67389,10.20687,2017-08-28,1,36.9,14.2,0.0,44.650000000000006,0.156,-0.141
33.52844,9.68442,2023-01-13,1,16.4,18.9,0.0,75.4,0.066,-0.068
36.14781324930227,9.929154916181869,2017-06-15,0,35.9,15.4,0.0,46.150000000000006,0.395,-0.084
36.68475,9.97419,2025-08-24,1,34.8,17.5,0.0,47.8,0.101,-0.124
35.4667,9.00097,2020-07-29,1,31.8,11.0,0.0,52.3,0.39,-0.078
36.24377,8.80777,2020-08-01,1,38.1,20.5,0.0,42.85,0.234,-0.147
37.08046859210192,9.852592294064282,2022-09-12,0,33.7,14.3,0.0,49.45,0.144,-0.108
36.72350134132997,10.757024200460132,2022-09-10,0,34.3,13.9,0.0,48.55,0.101,-0.173
36.83331610245188,10.878909631440758,2016-05-24,0,22.3,14.4,0.0,66.55,0.293,-0.112
35.313480843017246,8.792090714125559,2023-08-11,0,33.8,18.4,0.0,49.3,0.114,-0.144
36.39904387245396,9.985930936746506,2020-07-20,0,33.3,17.8,0.0,50.05,0.242,-0.124
31.65047,9.17226,2022-07-14,1,35.9,26.0,0.0,46.150000000000006,0.069,-0.118
33.52994,9.68564,2021-12-20,1,13.5,23.8,0.0,79.75,0.082,-0.081
36.96673624073201,9.46643909053936,2016-06-09,0,29.1,12.6,0.2,56.35,0.546,0.061
36.75029844197005,8.606367588532457,2016-10-27,0,23.1,29.5,2.7,65.35,0.25,0.05
36.11236311725239,10.017066098445872,2019-05-11,0,32.4,15.0,0.0,51.400000000000006,0.307,-0.057
35.12341428620354,9.067957500465583,2020-06-22,0,30.2,21.0,0.0,54.7,0.184,-0.142
35.09847765367648,8.733359849390304,2022-10-25,0,27.7,11.2,0.0,58.45,0.2,-0.025
35.7909114414727,9.076563780262983,2018-05-26,0,29.6,16.6,0.0,55.6,0.255,-0.136
35.39551,9.22839,2020-08-03,1,37.2,18.4,0.0,44.2,0.147,-0.164
36.57355445872581,10.05334123699519,2017-05-04,0,30.9,17.7,0.4,53.650000000000006,0.223,-0.148
35.876262821636885,9.331272148247086,2018-07-18,0,36.9,14.9,0.0,44.650000000000006,0.174,-0.137
36.39024647888767,9.363954514350132,2016-06-03,0,31.8,14.1,0.0,52.3,0.25,0.05
36.87443228937435,8.802267142905599,2019-10-05,0,22.8,14.0,0.0,65.8,0.818,0.306
36.78425039126489,10.78351572056564,2019-05-11,0,28.0,10.2,0.0,58.0,0.505,0.042
35.11946202035727,8.53061399017066,2017-08-27,0,30.4,13.8,0.0,54.400000000000006,0.113,-0.125
36.76673516492981,8.818129468940358,2021-09-02,0,35.9,15.7,0.0,46.150000000000006,0.535,0.233
36.09382422999594,10.036671849287153,2017-08-09,0,41.9,19.9,0.0,37.150000000000006,0.079,-0.119
37.18500696528486,9.480134737864011,2017-10-21,0,23.9,13.8,0.2,64.15,0.361,-0.061
37.20288516035223,10.026434792643,2019-05-17,0,29.4,25.7,0.0,55.900000000000006,0.756,0.329
36.48765338001037,10.041796928261446,2025-05-21,0,26.8,16.2,0.0,59.8,0.17,-0.068
36.77675,10.20052,2019-09-28,1,30.1,13.2,0.0,54.85,0.105,-0.099
36.94545,10.88512,2022-08-17,1,37.6,23.9,0.0,43.6,0.241,-0.061
36.67592,9.92016,2024-04-22,1,21.5,19.3,0.0,67.75,0.216,0.053
36.26843391017856,10.14625037252146,2016-09-22,0,30.0,15.7,0.0,55.0,0.184,-0.203
35.33173130387227,8.433562379957836,2018-05-19,0,21.0,13.0,6.2,68.5,0.124,-0.038
36.29008283467855,9.00658019028359,2021-05-24,0,25.7,25.4,0.0,61.45,0.22,-0.117
33.36619,8.54927,2022-11-27,1,21.2,34.9,0.0,68.2,0.063,-0.034
31.64698,9.17009,2021-12-03,1,13.5,29.8,0.5,79.75,0.094,-0.118
34.988675909680225,8.887494090861088,2019-07-23,0,32.6,12.2,0.0,51.1,0.123,-0.128
35.470441491587124,9.013874271050495,2016-08-06,0,28.0,20.9,0.0,58.0,0.359,-0.065
35.22164634273938,8.49018277131538,2022-07-07,0,36.2,22.5,0.6,45.7,0.117,-0.13
36.90946343211798,9.5142176516211,2017-08-16,0,35.6,16.6,0.0,46.6,0.162,-0.108
36.5355920944663,8.698511038980836,2021-05-22,0,35.3,17.0,0.0,47.05,0.296,-0.083
31.40289,9.85233,2023-09-07,1,31.6,23.8,0.0,52.6,0.069,-0.103
36.963201165036736,9.713581881137522,2024-10-22,0,24.8,16.2,2.6,62.8,0.105,-0.147
35.39558154251223,9.047838824685597,2016-10-21,0,24.8,11.6,1.5,62.8,0.108,-0.159
36.16062024305906,9.754927147815142,2017-05-09,0,25.7,20.6,0.0,61.45,0.39,-0.072
37.27488324251598,9.57521483724419,2017-05-03,0,20.7,21.1,0.1,68.95,0.764,0.293
36.569835104302726,8.408025968599889,2020-09-18,0,30.5,7.4,0.0,54.25,0.452,0.046
35.77512,9.88894,2019-04-15,1,22.5,17.5,0.0,66.25,0.127,-0.119
35.66850585682024,9.104461462727734,2024-07-26,0,36.1,13.3,0.0,45.85,0.054,-0.156
35.06348093782631,8.530277960995047,2025-08-02,0,36.8,30.7,0.0,44.8,0.14,-0.081
37.00186736435856,9.5083766284583,2018-06-09,0,31.0,16.6,0.0,53.5,0.561,0.097
36.75582,8.97171,2017-09-12,1,31.7,11.7,0.0,52.45,0.131,-0.116
37.061805175972125,9.609077724064724,2023-06-22,0,37.8,18.9,0.0,43.3,0.159,-0.119
35.10603,8.92578,2020-08-03,1,36.0,23.2,0.0,46.0,0.193,-0.183
36.4159,9.46692,2017-11-24,1,19.9,8.0,0.0,70.15,0.25,0.05
36.79786,8.6082,2017-07-30,1,39.6,22.6,0.0,40.6,0.568,0.077
31.00361,10.06098,2024-02-13,1,20.6,22.4,0.0,69.1,0.064,-0.067
36.6642917403002,8.504210524072159,2025-07-06,0,32.5,12.4,0.0,51.25,0.168,-0.091
31.64741,9.17375,2021-09-22,1,38.7,24.9,0.0,41.95,0.075,-0.115
36.95503419707828,8.690256958247648,2025-09-18,0,26.5,11.4,0.7,60.25,0.25,0.05
35.70077416376129,8.876501012788848,2020-06-07,0,33.2,27.4,0.7,50.2,0.177,-0.11
35.09445,10.43673,2016-01-03,1,19.8,18.0,0.0,70.3,0.158,-0.049
35.355451203036814,8.350917643625056,2025-05-21,0,24.5,16.6,1.2,63.25,0.242,0.025
35.18025108723657,8.677333942422786,2020-05-17,0,23.9,21.9,2.2,64.15,0.28,-0.078
31.703,9.24071,2022-04-24,1,32.4,25.7,0.0,51.400000000000006,0.065,-0.079
37.15340610912468,9.17325722474738,2022-10-12,0,27.3,18.1,0.0,59.05,0.413,0.196
37.14483986609427,9.54340335500974,2020-09-05,0,28.5,13.0,1.7,57.25,0.123,-0.151
35.21368,8.72475,2019-07-06,1,36.1,16.2,0.0,45.85,0.307,-0.079
31.4022,10.02255,2018-10-28,1,27.3,29.2,0.0,59.05,0.103,-0.114
36.16179469094909,10.07349531534462,2025-10-11,0,28.1,16.1,0.4,57.85,0.147,-0.136
35.46495972436909,9.121564043979356,2020-06-18,0,33.7,16.7,0.0,49.45,0.234,-0.101
36.77744,10.20317,2019-12-04,1,19.6,23.4,13.0,70.6,0.12,-0.074
35.44724,8.99349,2020-07-28,1,33.7,14.5,0.0,49.45,0.271,-0.095
36.626782088068566,10.723877046834437,2024-05-22,0,27.5,15.2,0.0,58.75,0.246,0.001
34.91186953805826,8.823481726900942,2018-09-16,0,28.8,12.7,0.0,56.8,0.142,-0.12
35.816337322321665,9.326981049503797,2016-07-08,0,34.7,10.2,0.0,47.95,0.283,-0.077
31.64861,9.16961,2022-01-11,1,12.9,24.5,0.0,80.65,0.098,-0.108
34.90638529162167,8.325382299807485,2021-07-11,0,38.6,15.8,0.0,42.1,0.097,-0.143
36.29012928255509,9.022705672701129,2024-07-05,0,36.9,19.3,0.0,44.650000000000006,0.096,-0.119
34.73976971538989,8.52778087614934,2024-05-15,0,36.7,33.7,0.0,44.95,0.107,-0.067
35.932148093640336,9.48427504190809,2018-06-10,0,35.3,19.1,0.0,47.05,0.205,-0.112
35.51129704948596,9.254180242325676,2019-09-14,0,28.5,9.4,0.0,57.25,0.151,-0.114
37.13192307975263,9.27951103116468,2020-10-03,0,27.6,25.0,0.0,58.6,0.154,-0.235
36.08008790809832,10.01750040364762,2019-05-22,0,23.9,17.0,2.8,64.15,0.399,-0.006
36.80576278972275,11.044337669134697,2021-08-08,0,30.6,16.1,0.0,54.1,0.063,-0.139
35.56630639719414,8.60459841529058,2019-08-09,0,38.9,21.6,0.0,41.650000000000006,0.083,0.086
37.13222142298087,9.455986444308428,2020-07-16,0,26.4,17.5,0.0,60.400000000000006,0.55,0.036
36.15822,10.28307,2016-05-14,1,24.6,15.4,0.9,63.1,0.143,-0.101
35.47382334685032,8.675879577147034,2024-07-13,0,37.7,17.8,0.0,43.45,0.129,-0.108
37.00539750524203,9.701026133896232,2018-07-02,0,32.6,18.9,0.0,51.1,0.154,-0.109
34.90769445599779,8.79430117622828,2021-08-18,0,36.4,26.5,0.0,45.400000000000006,0.072,-0.162
35.96551018563409,9.37795558698658,2018-05-23,0,24.8,10.3,0.0,62.8,0.304,-0.05
36.57346,8.33263,2020-08-29,1,38.5,13.4,0.0,42.25,0.666,0.148
36.456728245471744,10.57020317564677,2024-05-19,0,26.1,22.7,0.3,60.85,0.237,-0.006
31.64979,9.17367,2024-05-27,1,33.7,24.6,0.0,49.45,0.067,-0.108
36.95988575768031,11.003055054973109,2025-09-03,0,29.1,18.1,0.0,56.35,0.393,0.126
35.76434222322025,9.27739454517002,2017-06-17,0,33.5,15.7,0.3,49.75,0.164,-0.089
35.73376556067799,9.264433853978442,2022-09-11,0,33.0,12.5,0.0,50.5,0.088,-0.097
36.05163183439846,10.04715613242424,2016-06-19,0,26.5,24.9,1.5,60.25,0.145,-0.118
37.15197332683912,9.623032873513823,2019-10-05,0,27.1,18.7,0.0,59.35,-0.69,0.848
36.59153,10.32002,2018-06-01,1,28.4,9.6,0.0,57.400000000000006,0.086,-0.09
31.70427,9.24629,2020-01-11,1,11.9,19.1,0.0,82.15,0.091,-0.082
35.50911475250482,8.433716938240417,2022-09-10,0,34.6,16.2,0.0,48.1,0.061,-0.127
35.75894469640405,9.145295454118951,2019-09-02,0,22.0,23.7,3.8,67.0,0.175,-0.15
35.14295943313597,9.240597488374402,2025-06-13,0,33.6,16.1,0.0,49.6,0.174,-0.057
36.65511108965339,10.694998045051475,2025-08-25,0,31.6,14.7,0.0,52.6,0.192,-0.098
35.29478,8.76644,2021-07-17,1,26.8,17.7,0.0,59.8,0.122,-0.238
37.17908,9.27495,2017-08-03,1,41.6,17.9,0.0,37.6,0.464,0.011
34.31719,8.9393,2022-09-15,1,38.4,17.1,0.0,42.400000000000006,0.059,-0.11
36.5264,8.6361,2019-07-28,1,33.8,22.1,0.0,49.3,0.402,-0.05
31.64751,9.17003,2018-11-23,1,25.7,27.6,0.0,61.45,0.093,-0.107
36.74892382887126,8.49648676466442,2018-10-24,0,21.5,23.7,1.5,67.75,0.395,-0.07
31.40514,9.85377,2024-02-06,1,19.7,12.5,0.0,70.45,0.07,-0.082
35.151381253339714,8.823716031586443,2020-09-07,0,27.9,11.5,0.1,58.150000000000006,0.103,-0.14
36.50026,10.0255,2020-11-14,1,25.9,15.8,0.0,61.150000000000006,0.098,-0.209
33.86051,9.79979,2020-01-23,1,19.3,17.0,0.0,71.05,0.153,-0.023
31.70325,9.24562,2023-10-01,1,29.1,28.4,0.0,56.35,0.059,-0.098
36.77674,10.20118,2019-01-23,1,13.4,19.7,1.5,79.9,0.048,0.017
35.48183701623168,8.535798296347355,2018-10-16,0,17.2,12.0,4.2,74.2,0.33,-0.118
35.641930139125066,8.77201609382191,2025-05-08,0,22.1,19.8,0.1,66.85,0.164,-0.022
36.15871,10.28506,2022-02-21,1,19.6,21.0,0.0,70.6,0.053,-0.097
36.769328192511296,8.734674193136485,2021-10-24,0,15.3,24.8,45.6,77.05,0.25,0.05
36.41481,9.04701,2023-07-25,1,38.8,26.2,0.0,41.8,0.193,-0.064
35.543480827166434,8.539622240274698,2019-08-19,0,35.7,16.8,0.0,46.45,0.285,-0.111
35.02573227071672,8.945125827944747,2017-07-25,0,34.4,15.6,0.0,48.400000000000006,0.097,-0.157
36.59124,10.31686,2025-12-13,1,18.6,9.0,1.6,72.1,0.045,-0.153
35.43287383346523,8.998482416259236,2022-05-05,0,26.1,28.0,0.0,60.85,0.209,-0.042
36.528983992529405,8.339681759201035,2017-07-12,0,37.5,16.9,0.0,43.75,0.604,0.132
36.98808,9.75968,2024-08-04,1,32.7,29.1,0.0,50.95,0.068,-0.148
36.25070127606343,9.801454161523422,2017-09-03,0,29.2,21.1,0.0,56.2,0.179,-0.07
37.31999928126828,9.700139763431098,2023-05-09,0,19.5,30.0,5.7,70.75,0.353,0.098
32.28757,10.97297,2019-01-16,1,16.0,15.8,0.0,76.0,0.095,-0.066
35.44119660577011,8.502205980694379,2020-08-21,0,40.6,18.1,0.0,39.1,0.105,-0.173
33.36701,8.5472,2023-08-03,1,44.2,20.6,0.0,33.69999999999999,0.05,-0.017
33.87302,9.9931,2020-03-09,1,20.2,31.2,0.0,69.7,0.075,-0.136
36.46280772605397,9.781295508167096,2019-08-16,0,34.1,19.2,0.0,48.85,0.093,-0.125
31.64654,9.16852,2023-04-06,1,22.9,43.5,0.7,65.65,0.078,-0.086
36.52046952538405,8.291274945916369,2023-10-11,0,27.2,10.2,0.0,59.2,0.339,0.026
37.14731854727185,10.104524448482756,2024-07-04,0,28.6,30.7,0.0,57.1,0.086,-0.036
34.2345,8.63331,2018-11-08,1,21.8,7.1,0.0,67.3,0.277,-0.177
31.64793,9.17333,2024-10-10,1,38.7,23.1,0.0,41.95,0.064,-0.146
36.58815,10.3197,2023-02-18,1,17.2,10.1,0.0,74.2,0.11,-0.046
34.777008736075544,8.697837064128574,2018-06-04,0,32.1,28.3,0.5,51.85,0.11,-0.135
35.080656502401446,8.886872385136746,2020-08-10,0,29.7,12.6,0.0,55.45,0.208,-0.133
35.441878071789645,8.675275708004587,2018-05-16,0,21.6,13.4,0.5,67.6,0.282,-0.069
36.377054683394654,10.207975677226363,2024-09-03,0,37.7,16.7,0.0,43.45,0.25,0.05
36.70976929055616,10.919882800277536,2020-09-14,0,25.2,13.0,26.7,62.2,0.234,-0.165
36.35130164539921,10.047779653740614,2020-08-12,0,35.0,18.9,0.0,47.5,0.336,-0.116
34.8168562269006,8.663868988155755,2020-09-25,0,35.7,41.6,0.0,46.45,0.089,-0.134
36.03383333395033,9.300717480795594,2024-10-21,0,20.4,11.8,1.9,69.4,0.121,-0.096
35.52801541697846,9.311267664170517,2020-06-26,0,39.4,15.1,0.0,40.900000000000006,0.188,-0.132
36.46241380337566,9.739655994863558,2016-09-08,0,26.2,21.3,1.0,60.7,0.138,-0.25
36.71085146856306,8.912502737054002,2016-05-14,0,18.6,18.1,0.1,72.1,0.25,0.05
36.15006474874036,9.67671454127786,2024-10-01,0,27.4,14.7,0.0,58.900000000000006,0.147,-0.074
36.82092493340936,8.693412675521813,2017-06-21,0,31.2,13.3,0.0,53.2,0.5,0.026
31.40455,9.85466,2019-07-10,1,40.8,19.5,0.0,38.8,0.081,-0.105
31.39753,10.02346,2021-08-17,1,38.6,13.2,0.0,42.1,0.08,-0.125
35.161032562335,8.46076094559058,2018-08-21,0,23.8,16.3,3.1,64.3,0.247,-0.126
35.91087,9.77282,2023-07-25,1,45.8,23.8,0.0,31.30000000000001,0.156,-0.081
31.64885,9.17079,2021-12-22,1,17.1,11.4,0.0,74.35,0.098,-0.121
31.70513,9.24233,2019-10-19,1,28.6,19.8,0.0,57.1,0.25,0.05
36.4997044892049,8.822048795680148,2024-10-01,0,34.0,13.7,0.0,49.0,0.077,-0.184
33.95403,7.97509,2020-04-13,1,29.0,39.5,0.0,56.5,0.172,-0.011
36.59919880931105,10.657133367161522,2016-10-19,0,23.1,17.7,0.2,65.35,0.391,-0.055
36.6447,8.59824,2021-07-29,1,38.0,20.0,0.0,43.0,0.659,0.191
36.81619270155033,10.912130216649256,2021-10-27,0,18.6,16.6,18.6,72.1,0.259,-0.12
36.35825,8.40633,2016-08-03,1,30.8,13.0,0.0,53.8,0.346,-0.057
32.28951,10.97479,2019-12-05,1,21.2,14.3,0.0,68.2,0.08,-0.094
36.8734465559031,9.420473156463192,2025-05-27,0,25.1,20.0,0.0,62.35,0.278,0.038
37.31116,9.67186,2020-08-16,1,32.4,25.8,0.0,51.400000000000006,0.306,-0.162
36.69218693885707,10.924737840995832,2017-10-26,0,22.6,14.5,0.0,66.1,0.247,-0.232
36.50815844337804,8.648317562615475,2019-05-20,0,21.7,17.1,0.0,67.45,0.25,0.05
31.64927,9.1731,2023-04-15,1,26.4,19.5,0.0,60.400000000000006,0.077,-0.11
32.28844,10.97574,2018-01-23,1,20.4,20.5,0.0,69.4,0.103,-0.09
35.77662681051692,9.03420213256858,2019-05-27,0,17.7,37.8,0.9,73.45,0.43,0.088
35.376046073114075,9.1831147602589,2016-10-26,0,30.7,10.6,0.0,53.95,0.273,-0.092
36.20591525192027,9.537218233547849,2021-09-20,0,26.0,11.7,0.5,61.0,0.151,-0.119
36.208933728217445,9.445465765706494,2020-09-23,0,29.6,12.2,1.1,55.6,0.125,-0.219
36.77436588748577,10.65069609979407,2018-05-24,0,26.7,11.8,0.0,59.95,0.25,0.05
35.29684635509852,9.148819683493292,2020-10-22,0,23.6,12.6,0.0,64.6,0.315,-0.092
34.918485437628505,8.786307272692385,2016-06-15,0,38.7,29.0,0.0,41.95,0.25,0.05
36.58904119973346,8.64509559654762,2022-07-15,0,34.9,17.3,0.0,47.650000000000006,0.135,-0.099
35.88474,9.5017,2016-07-07,1,33.6,11.8,0.0,49.6,0.279,-0.094
35.510500340061554,9.242239441221011,2023-05-04,0,26.3,13.4,0.0,60.55,0.09,-0.133
32.29487,10.94587,2016-03-04,1,20.5,13.8,0.0,69.25,0.091,-0.085
36.54797,8.76519,2019-08-19,1,39.9,19.6,0.0,40.150000000000006,0.138,-0.132
36.9522922924913,11.03171571934308,2021-05-02,0,20.8,22.0,0.0,68.8,0.526,0.077
31.64718,9.17097,2022-01-30,1,14.9,12.0,0.0,77.65,0.075,-0.094
36.294577210198106,9.4388501013255,2025-06-27,0,36.6,19.2,0.0,45.1,0.135,-0.09
36.26604104693661,10.032498396580744,2017-08-22,0,31.9,18.2,0.0,52.150000000000006,0.168,-0.112
35.143047662998065,8.937764789838564,2022-08-19,0,32.9,15.4,0.0,50.650000000000006,0.116,-0.136
35.116768733984834,8.443847472098811,2016-09-18,0,27.5,15.8,0.4,58.75,0.243,-0.11
36.65079,9.20395,2019-08-02,1,42.8,18.9,0.0,35.80000000000001,0.146,-0.132
36.32083395701144,10.02260580933634,2018-05-21,0,24.1,11.9,1.0,63.85,0.188,-0.108
35.77518,9.8915,2024-08-23,1,33.9,14.1,0.0,49.150000000000006,0.035,-0.128
35.0409181586707,8.552032321672325,2018-07-14,0,40.5,22.9,0.0,39.25,0.098,-0.137
36.98473101022571,9.348331148278248,2018-08-17,0,30.6,13.9,0.4,54.1,0.295,-0.19
36.568120812412985,8.645762508994697,2022-10-26,0,30.2,9.7,0.0,54.7,0.146,-0.134
35.62498,10.87739,2022-08-19,1,32.9,25.1,0.0,50.650000000000006,0.148,-0.094
35.63662545642048,8.464675546656325,2017-09-03,0,28.2,16.8,0.0,57.7,0.1,-0.152
35.82012122136065,9.288393039639953,2022-07-20,0,35.2,15.5,0.0,47.2,0.121,-0.105
35.04573673357175,8.504599654380515,2022-05-25,0,32.4,30.3,0.2,51.400000000000006,0.108,-0.086
35.659868689833324,8.663379925524099,2021-09-06,0,29.6,12.3,0.0,55.6,0.097,-0.178
37.24895048288503,9.796896088887246,2023-09-25,0,25.8,19.8,0.0,61.3,0.162,-0.129
37.08197150580601,9.583516934334252,2017-10-13,0,24.9,14.1,0.0,62.650000000000006,0.243,-0.286
35.3542,10.90458,2016-06-17,1,29.1,35.6,0.0,56.35,0.122,-0.139
31.70548,9.2452,2021-06-29,1,44.0,27.3,0.0,34.0,0.075,-0.113
31.70498,9.24601,2022-06-04,1,39.2,29.1,0.0,41.2,0.075,-0.079
36.51056837015032,8.607265815892713,2025-08-08,0,36.9,13.5,0.0,44.650000000000006,0.361,0.065
37.10466999681812,9.508593203316805,2021-06-23,0,30.8,18.4,0.0,53.8,0.355,-0.035
36.11523302196387,9.781016940177452,2021-08-23,0,35.8,13.0,0.0,46.3,0.108,-0.15
36.53472466560524,10.412259536437384,2018-08-11,0,31.2,12.8,0.0,53.2,0.227,0.066
36.71809,10.67108,2021-09-09,1,28.3,21.4,2.5,57.55,0.37,-0.009
36.87650976862908,9.65358930638797,2025-05-18,0,29.6,11.6,0.0,55.6,0.23,-0.039
36.21475407299372,9.294030137644844,2017-05-02,0,21.9,19.3,0.2,67.15,0.232,-0.029
36.296102520987056,10.243819388641793,2017-10-26,0,22.8,15.0,0.0,65.8,0.203,-0.146
37.13089,9.96139,2022-09-04,1,38.7,14.2,0.1,41.95,0.12,-0.13
34.882218312714144,8.417624087623183,2022-06-09,0,33.0,28.8,0.0,50.5,0.084,-0.121
33.53074,9.68518,2023-02-19,1,17.6,16.6,0.0,73.6,0.076,-0.08
34.79994702309265,8.504859300149395,2024-05-19,0,31.4,28.1,0.0,52.900000000000006,0.08,-0.068
36.28539553772248,10.136877823069236,2018-06-07,0,26.1,26.4,0.2,60.85,0.272,-0.185
36.74678394289489,8.83479560551373,2020-07-08,0,26.1,17.9,0.0,60.85,0.286,0.077
37.00624353071845,9.24169036292568,2016-05-02,0,13.5,34.2,16.0,79.75,-0.027,0.237
35.64015641059705,8.505090880404289,2017-08-11,0,31.2,14.1,0.2,53.2,0.1,-0.154
33.92614,10.08261,2016-09-20,1,28.5,18.9,0.2,57.25,0.047,-0.067
35.2583690616532,8.739877753497872,2020-08-14,0,38.2,15.5,0.0,42.7,0.134,-0.11
36.77679,10.20185,2019-04-29,1,23.8,21.0,0.0,64.3,0.096,-0.092
35.82026706507972,9.452052544671304,2022-07-01,0,41.2,18.7,0.0,38.2,0.22,-0.023
36.69586790215973,10.882452398152603,2017-06-24,0,31.9,10.5,0.0,52.150000000000006,0.263,-0.098
37.24621906849577,9.77767673265046,2024-09-18,0,27.1,14.2,0.0,59.35,0.071,-0.072
36.436509568849246,8.385301052190881,2020-05-16,0,26.8,13.3,0.0,59.8,0.477,0.032
33.8728,9.99034,2024-07-04,1,33.4,23.8,0.0,49.900000000000006,0.032,-0.106
34.79101363279696,8.321560217346606,2019-08-12,0,35.7,14.9,0.0,46.45,0.131,-0.142
36.71239,8.76361,2017-08-01,1,38.6,16.6,0.0,42.1,0.746,0.26
33.87261,9.99337,2023-09-09,1,33.2,22.0,0.0,50.2,0.036,-0.154
37.0436701767724,9.86166119137532,2019-08-03,0,35.3,18.8,0.0,47.05,0.104,-0.168
36.45923408877939,10.78296833852386,2024-06-10,0,32.3,16.2,0.0,51.55,0.156,0.014
36.024341694720675,9.456090953276773,2023-10-20,0,31.4,23.7,0.4,52.900000000000006,0.094,-0.112
37.15398,9.43864,2022-09-04,1,38.2,17.9,0.4,42.7,0.372,0.079
36.41598031174193,8.697554197114144,2019-08-20,0,37.7,16.3,0.0,43.45,0.157,-0.157
37.16775,9.23923,2017-08-04,1,42.3,17.0,0.0,36.55,0.558,0.045
36.22499867983559,9.147167945338088,2024-06-23,0,29.8,14.5,0.0,55.3,0.144,-0.127
35.20964,8.72328,2019-07-06,1,35.4,16.2,0.0,46.900000000000006,0.264,-0.088
36.71893200502628,8.796468177436491,2022-08-05,0,31.9,15.3,0.1,52.150000000000006,0.382,0.095
35.16486076366931,8.786009866286069,2021-07-09,0,38.0,8.7,0.0,43.0,0.1,-0.152
36.26353834192729,9.134072897379166,2022-06-19,0,36.1,21.1,0.0,45.85,0.148,-0.079
35.5872147275264,8.416744214949041,2017-08-07,0,38.0,16.7,0.0,43.0,0.144,-0.159
34.93624,8.53033,2016-09-01,1,33.3,10.5,1.4,50.05,0.053,-0.038
35.49847898686662,8.929849400121512,2019-06-01,0,20.3,18.0,0.0,69.55,0.25,0.05
36.94166717040327,9.660650630020136,2023-08-22,0,34.3,16.3,0.7,48.55,0.124,-0.146
34.82416,10.80459,2016-06-24,1,31.2,22.1,0.0,53.2,0.077,-0.129
35.3684968577416,9.184121535666552,2020-10-11,0,25.7,18.7,0.8,61.45,0.104,-0.145
36.8249847911819,11.034506088672238,2017-06-06,0,26.0,19.8,5.8,61.0,0.199,-0.128
35.47226123218544,8.955999111444571,2022-07-25,0,35.7,11.8,0.0,46.45,0.085,-0.131
31.39915,10.02104,2022-09-06,1,41.0,29.3,0.0,38.5,0.06,-0.087
36.94127236392017,10.995156718633051,2021-09-25,0,29.8,24.3,0.0,55.3,0.425,0.056
36.6744076180057,8.787496309221485,2022-08-09,0,35.5,14.0,0.0,46.75,0.195,-0.002
35.595818248616766,9.125137478566623,2021-08-16,0,37.1,10.0,0.0,44.35,0.073,-0.183
36.516821826154896,8.794854761315893,2025-08-07,0,38.0,17.0,0.0,43.0,0.119,-0.127
36.77994,8.62392,2021-08-11,1,42.3,15.7,0.0,36.55,0.458,0.158
36.59092,10.31705,2018-09-24,1,29.5,19.5,0.0,55.75,0.065,-0.114
35.91455740883044,9.451465510675506,2018-06-12,0,29.4,16.6,0.0,55.900000000000006,0.27,-0.076
35.5245694816956,8.875415338064265,2024-09-26,0,28.8,17.9,0.0,56.8,0.085,-0.13
35.27961873070439,8.442061068127542,2023-06-25,0,33.4,18.2,0.0,49.900000000000006,0.121,-0.092
36.44227881346714,9.035867526035824,2017-09-17,0,25.9,16.3,0.6,61.150000000000006,0.047,0.077
36.83016788565672,8.8642040769827,2021-10-11,0,17.5,17.2,1.3,73.75,0.484,0.194
35.04593848613302,8.884297117979145,2019-09-15,0,28.8,10.4,0.0,56.8,0.136,-0.172
31.64828,9.1732,2019-03-16,1,22.5,8.4,0.0,66.25,0.105,-0.081
36.44924402529166,10.526777428437263,2025-05-25,0,25.1,28.2,1.2,62.35,0.24,-0.034
35.35458364686165,8.71363823444534,2017-09-23,0,27.7,15.5,0.2,58.45,0.167,-0.124
36.83891674442068,9.506395507682823,2019-07-26,0,40.4,19.4,0.0,39.400000000000006,0.188,-0.136
36.31271652447441,9.551630009975948,2019-07-15,0,30.8,26.0,0.1,53.8,0.121,-0.147
36.36462,8.48403,2016-07-08,1,35.7,13.6,0.0,46.45,0.233,-0.043
36.396428311996,9.065181206797751,2025-10-04,0,23.5,16.1,0.4,64.75,0.141,-0.137
36.39682847039002,8.973232797039076,2025-08-08,0,37.0,16.8,0.0,44.5,0.16,-0.066
33.52899,9.68648,2022-02-04,1,19.4,30.0,0.0,70.9,0.076,-0.056
36.03948708587969,9.370773474828304,2025-06-07,0,36.8,24.1,0.0,44.8,0.109,-0.114
33.87329,9.99058,2021-06-06,1,33.9,30.1,0.0,49.150000000000006,0.048,-0.136
36.52333414708998,10.636752336889227,2021-10-13,0,24.0,19.8,0.4,64.0,0.328,-0.14
35.488853866795026,9.021074912681192,2017-10-14,0,22.5,9.8,0.0,66.25,0.191,-0.114
36.18332461377411,10.004669956869703,2020-08-23,0,36.1,24.9,0.0,45.85,0.077,-0.195
31.64741,9.17336,2024-10-16,1,34.6,29.5,0.0,48.1,0.051,-0.13
33.53088,9.68402,2023-01-03,1,18.6,15.9,0.0,72.1,0.074,-0.086
35.35707888121105,8.901634684217186,2017-10-14,0,21.8,10.7,0.0,67.3,0.354,-0.033
36.228765905739735,9.624563330571169,2021-06-05,0,32.1,22.8,0.0,51.85,0.178,-0.096
35.496935103490344,8.924681280031363,2021-07-23,0,35.3,12.0,0.0,47.05,0.125,-0.177
36.49877960312429,8.586090833496828,2019-07-27,0,35.4,21.3,0.0,46.900000000000006,0.346,-0.041
36.817610150017416,8.855130454626444,2025-05-14,0,20.4,18.0,11.9,69.4,0.595,0.285
36.15787,10.28613,2017-02-24,1,22.9,24.3,0.1,65.65,0.139,0.03
35.51917059158122,9.108960533334,2017-07-13,0,39.0,19.1,0.0,41.5,0.387,0.035
36.93174,9.54278,2022-10-26,1,30.7,11.0,0.0,53.95,0.194,-0.035
36.3943187915139,10.035856523918808,2016-06-16,0,35.5,21.3,0.0,46.75,0.181,-0.162
35.50944232972607,8.678573937566462,2022-09-21,0,26.0,13.0,0.0,61.0,0.09,-0.134
36.042191119582114,9.3871897827874,2020-08-02,0,40.3,13.2,0.0,39.55,0.1,-0.168
37.15116885071007,10.017434309082418,2024-07-04,0,27.9,29.2,0.0,58.150000000000006,0.103,-0.09
35.36144560057079,8.582585543966642,2018-09-22,0,24.5,16.4,0.0,63.25,0.413,0.058
36.56666809681667,9.010319329005604,2024-10-02,0,32.0,10.8,0.1,52.0,0.148,-0.121
35.53676018806483,9.169243194907288,2020-07-22,0,35.1,14.8,0.0,47.35,0.131,-0.147
36.58788,10.31922,2021-03-31,1,20.9,9.5,0.0,68.65,0.242,-0.046
36.37289700229356,9.944208253075043,2021-07-20,0,34.3,16.1,0.0,48.55,0.039,-0.027
35.85118,8.59168,2021-10-12,1,22.4,13.0,0.0,66.4,0.053,-0.175
36.47923,9.1811,2022-09-11,1,34.4,13.5,0.0,48.400000000000006,0.108,-0.146
35.77454,9.89071,2017-12-25,1,18.2,11.0,0.0,72.7,0.085,-0.155
36.78658318205641,10.812008509138476,2016-07-17,0,27.4,12.8,0.0,58.900000000000006,0.219,-0.102
33.3652,8.55204,2022-12-19,1,20.4,27.2,0.0,69.4,0.116,0.006
31.65055,9.17127,2021-08-01,1,43.0,14.5,0.0,35.5,0.086,-0.14
36.4818,10.26412,2016-07-27,1,32.0,16.1,0.0,52.0,0.389,-0.069
31.9995,9.49356,2022-03-24,1,20.8,30.4,0.0,68.8,0.057,-0.087
34.800875943786124,8.832317333977768,2019-09-06,0,27.7,21.2,0.0,58.45,0.089,-0.141
36.47640372598873,8.900784076884865,2021-06-12,0,32.8,18.7,0.0,50.8,0.427,0.058
37.22416,9.65664,2025-09-01,1,38.2,20.8,0.0,42.7,0.104,-0.183
35.72030610223376,9.132361767948248,2016-08-14,0,30.4,11.9,0.0,54.400000000000006,0.084,-0.152
35.09887,8.89632,2020-07-23,1,31.8,13.0,0.0,52.3,0.221,-0.147
35.65956464773107,8.62054823579278,2022-10-19,0,26.6,14.4,0.0,60.1,0.071,-0.145
36.63792,8.44468,2020-08-02,1,36.5,14.6,0.0,45.25,0.323,-0.117
32.29078,10.97453,2021-05-11,1,40.9,37.1,0.0,38.650000000000006,0.072,-0.107
34.6409373092747,8.569212058684757,2019-07-15,0,36.4,26.5,0.0,45.400000000000006,0.096,-0.13
36.9022,9.34021,2024-09-02,1,35.6,13.0,1.3,46.6,0.075,-0.08
36.198987890867286,9.814375948279242,2016-08-18,0,32.1,10.4,0.0,51.85,0.303,-0.035
35.28909698368885,8.344928673409846,2017-05-01,0,21.6,18.1,4.1,67.6,0.27,-0.052
35.21801342440355,8.661519174622896,2019-10-19,0,24.5,15.8,0.0,63.25,-0.021,0.349
36.39513532659111,9.802296460644014,2016-08-13,0,29.8,15.1,0.0,55.3,0.085,-0.128
34.74554681126229,8.39314481154031,2024-05-12,0,26.9,30.6,0.0,59.650000000000006,0.086,-0.092
37.08635156530885,9.167163451133462,2019-07-24,0,35.2,17.1,0.0,47.2,0.226,-0.221
36.65670642452164,8.944410204192838,2021-08-23,0,38.6,12.8,0.0,42.1,0.294,-0.05
36.05524169725833,9.174651848621624,2023-07-15,0,40.6,18.5,0.0,39.1,0.092,-0.137
36.13966969093004,9.59137654982043,2023-06-09,0,30.3,12.4,9.6,54.55,0.122,-0.181
35.889112745638485,9.13537490511152,2016-10-06,0,23.5,10.6,1.5,64.75,0.107,-0.166
35.10692,8.91473,2017-07-04,1,28.0,12.6,0.0,58.0,0.275,-0.109
35.17181128723243,8.755072701880614,2017-09-16,0,34.1,18.0,0.0,48.85,0.114,-0.179
36.28573239975432,10.028090105198846,2021-06-25,0,34.1,16.8,0.0,48.85,0.343,-0.007
37.04316,10.0127,2016-06-13,1,28.0,25.6,0.0,58.0,0.173,-0.233
31.64786,9.17096,2019-05-08,1,33.7,21.6,0.0,49.45,0.096,-0.112
34.88237659164864,8.814981618403486,2018-05-17,0,23.7,22.1,0.5,64.45,0.09,-0.113
36.27402865361904,9.999252824260912,2020-05-12,0,29.5,33.5,0.0,55.75,0.298,-0.007
36.58433978313023,8.951032376849085,2022-07-08,0,32.3,21.7,0.0,51.55,0.126,-0.066
36.22420431855436,10.325231958636074,2016-08-25,0,31.1,14.1,0.0,53.35,0.1,-0.188
36.15709,10.28476,2018-12-22,1,17.8,12.2,0.0,73.3,0.161,-0.128
36.08550323272772,9.210044299340057,2025-09-04,0,34.0,16.1,0.0,49.0,0.094,-0.114
31.65049,10.24096,2016-03-13,1,16.7,23.5,0.0,74.95,0.108,-0.101
37.30599295544066,9.678059745692806,2020-09-20,0,28.1,23.8,0.1,57.85,0.313,-0.103
35.77594,9.8907,2021-02-03,1,25.0,10.5,0.0,62.5,0.115,-0.158
36.835995128627374,11.02492843809726,2021-06-13,0,29.6,14.3,0.0,55.6,0.013,0.103
35.85224,8.59132,2022-12-14,1,23.3,20.3,0.0,65.05,0.05,-0.115
36.665995292526205,10.83201543820162,2022-05-02,0,23.1,20.2,0.0,65.35,0.25,0.05
35.69510572090856,8.908599354531772,2018-05-25,0,31.2,16.0,0.0,53.2,0.133,-0.119
36.07730677803532,9.63168769388153,2017-07-27,0,25.7,18.9,0.0,61.45,0.297,-0.06
36.22523678294024,9.43870002480003,2020-09-27,0,26.0,25.0,0.0,61.0,0.184,-0.188
36.75792,8.61157,2017-08-01,1,42.0,25.3,0.0,37.0,0.695,0.197
35.26567503120032,9.14854556531586,2018-09-10,0,32.1,11.5,0.0,51.85,0.173,-0.173
35.53407270997738,9.375634368566043,2022-05-24,0,36.7,11.9,0.0,44.95,0.162,-0.085
36.73248611502979,10.797012234429223,2024-07-04,0,29.0,26.1,0.1,56.5,0.152,-0.101
31.70552,9.2425,2022-07-05,1,40.9,25.3,0.0,38.650000000000006,0.052,-0.1
35.624744962441845,9.194764306712322,2021-07-06,0,39.4,15.8,0.0,40.900000000000006,0.125,-0.132
35.31683,8.79439,2017-08-05,1,36.6,11.3,0.0,45.1,0.267,-0.118
36.86196586265029,10.876166618709046,2017-06-11,0,27.1,14.9,0.0,59.35,0.186,-0.19
36.41927621745809,9.902686858802888,2019-08-02,0,42.9,19.5,0.0,35.650000000000006,0.162,-0.169
31.40446,9.85453,2019-09-13,1,37.5,29.1,0.0,43.75,0.062,-0.13
36.15916,10.28356,2018-11-05,1,21.2,17.7,0.0,68.2,0.25,0.05
35.44041016792032,8.41184908999994,2017-06-10,0,31.8,15.3,0.3,52.3,0.143,-0.113
36.3945280236922,9.737019773421103,2020-05-25,0,31.9,23.2,0.0,52.150000000000006,0.238,-0.064
35.95103,8.86195,2019-07-20,1,35.3,19.1,0.0,47.05,0.131,-0.158
31.40254,9.85527,2019-10-26,1,23.1,16.5,0.4,65.35,0.069,-0.123
37.32909652730563,9.69633803549721,2016-08-10,0,29.0,21.9,0.0,56.5,0.52,0.059
36.38192015923104,8.991847492120025,2024-10-09,0,33.4,15.0,0.0,49.900000000000006,0.113,-0.175
37.05485900206277,9.81726286451072,2021-07-05,0,34.0,23.0,0.0,49.0,0.15,-0.138
35.989368035598744,9.48476959867214,2021-08-21,0,33.9,13.4,0.0,49.150000000000006,0.139,-0.16
37.25431472603713,9.471303133202786,2021-05-04,0,25.5,17.1,0.7,61.75,0.303,0.282
35.0765182477308,9.181567258325456,2024-05-24,0,29.1,20.7,0.0,56.35,0.14,-0.052
37.1278193884086,10.070130963143756,2023-08-21,0,32.1,19.5,0.0,51.85,0.184,-0.109
34.86903825168539,8.453194584724027,2022-06-01,0,37.0,20.1,0.0,44.5,0.107,-0.101
32.28981,10.97391,2018-10-08,1,31.2,21.2,0.0,53.2,0.078,-0.103
36.519507073898325,8.964128697495605,2024-05-16,0,27.2,15.4,0.0,59.2,0.151,-0.086
36.81434,9.07975,2020-08-02,1,36.2,18.4,0.0,45.7,0.414,0.035
36.6437625850205,8.571096115231736,2023-09-23,0,23.2,24.0,2.2,65.2,0.095,-0.141
34.94997077910252,8.704653814409216,2017-06-12,0,29.4,24.7,0.0,55.900000000000006,0.12,-0.149
32.29124,10.97448,2018-11-02,1,21.6,23.1,1.8,67.6,0.086,-0.074
35.85049,8.59292,2021-02-19,1,21.8,10.0,0.0,67.3,0.082,-0.216
37.17240082522955,9.3272961637283,2017-06-14,0,36.2,19.6,0.0,45.7,0.697,0.249
35.0701854162817,9.101042670754373,2024-06-27,0,39.4,17.5,0.0,40.900000000000006,0.083,-0.166
36.00247535956976,9.238499916069337,2025-06-04,0,32.1,14.9,0.0,51.85,0.148,-0.096
34.78297962587176,8.551310281630418,2016-09-04,0,33.3,16.4,0.0,50.05,0.11,-0.158
36.94028,8.7287,2023-07-25,1,36.9,21.7,0.0,44.650000000000006,0.277,0.044
36.26110601741873,9.973275152583144,2023-09-21,0,36.4,17.8,0.0,45.400000000000006,0.141,-0.076
35.51877018473354,8.819062859564408,2020-10-06,0,19.6,16.0,0.0,70.6,0.13,-0.199
33.36593,8.55,2022-06-01,1,43.1,25.8,0.0,35.349999999999994,0.07,-0.023
36.812012098884594,8.713007610724313,2019-08-16,0,29.2,13.4,0.0,56.2,0.676,0.137
32.28893,10.97443,2016-11-27,1,21.1,10.5,0.0,68.35,0.067,-0.119
35.42465,9.22798,2021-07-05,1,37.8,15.0,0.0,43.3,0.258,-0.082
36.65128926108707,10.890660178085456,2023-09-25,0,25.4,20.4,0.6,61.900000000000006,0.115,-0.196
33.87072,9.99309,2020-02-09,1,19.7,13.2,0.0,70.45,0.072,-0.101
36.768549875695086,8.563332002170387,2019-09-11,0,25.7,14.9,3.5,61.45,0.268,-0.192
35.05256746759474,9.102887860820688,2017-10-01,0,25.3,13.7,1.4,62.05,0.101,-0.088
31.00308,10.06095,2020-02-29,1,23.2,15.2,0.0,65.2,0.077,-0.082
36.89584753715754,9.66402511458102,2016-08-08,0,30.4,17.0,0.0,54.400000000000006,0.12,-0.162
36.72776,8.86,2020-05-20,1,18.9,23.8,0.0,71.65,0.605,0.09
35.22611321366393,9.026887424199378,2025-10-03,0,21.9,19.3,0.3,67.15,0.16,-0.113
37.08420836963684,9.81539327370086,2025-06-11,0,28.5,16.7,0.0,57.25,0.201,-0.079
35.88531521916269,9.248743019502726,2017-07-14,0,34.7,20.4,0.0,47.95,0.149,-0.135
35.64106296748394,8.468582237998096,2017-08-21,0,31.2,16.6,0.0,53.2,0.094,-0.171
36.63604,10.48648,2022-07-03,1,35.6,15.6,0.0,46.6,0.198,-0.066
34.89619322721425,8.928454418428165,2016-09-20,0,25.3,13.5,0.0,62.05,0.089,-0.158
35.39082888261831,8.598001999023122,2021-06-14,0,33.7,16.8,0.0,49.45,0.098,-0.155
34.80201294092854,8.58010502110278,2025-08-26,0,35.7,23.0,0.0,46.45,0.071,-0.113
36.13126,9.84153,2021-08-12,1,43.3,14.8,0.0,35.05000000000001,0.244,-0.064
31.64736,9.16953,2022-03-10,1,18.5,18.0,0.0,72.25,0.25,0.05
35.8299359826946,9.084470857316782,2017-09-19,0,20.9,27.3,0.0,68.65,0.108,-0.134
36.95531,8.70302,2023-07-25,1,37.6,24.6,0.0,43.6,0.218,0.043
31.6507,9.17136,2025-01-21,1,16.7,16.7,0.0,74.95,0.073,-0.1
34.91464336985773,8.450483729842322,2024-10-12,0,25.7,12.7,0.0,61.45,0.092,-0.109
31.70705,9.24098,2022-03-06,1,18.1,16.2,0.0,72.85,0.25,0.05
36.90035675578254,11.017432061973068,2019-05-27,0,20.0,25.9,4.2,70.0,0.419,-0.002
33.36644,8.5486,2022-06-19,1,39.1,32.3,0.0,41.35,0.067,-0.02
36.74262,9.54697,2022-09-07,1,36.7,16.1,0.0,44.95,0.138,-0.09
34.93832,8.52773,2018-10-08,1,25.9,13.7,0.0,61.150000000000006,0.133,-0.005
37.06113264112822,9.82915699324933,2023-10-14,0,31.5,8.4,0.0,52.75,0.106,-0.18
37.22890881693076,9.342267089123387,2024-09-08,0,37.3,22.3,1.1,44.05,0.206,-0.074
36.82328,8.6737,2017-08-02,1,37.9,15.4,0.0,43.150000000000006,0.596,0.178
36.523780937752576,8.697305097842813,2023-06-09,0,30.6,15.0,2.2,54.1,0.25,0.05
35.587490805090205,8.809538383638106,2018-09-15,0,28.5,13.2,0.0,57.25,0.11,-0.153
36.93706424003984,10.990147943826292,2025-10-10,0,27.5,21.6,0.5,58.75,0.212,-0.088
36.502542775033454,10.438923196521584,2020-08-10,0,32.6,11.6,0.0,51.1,0.276,0.001
35.055884225620645,8.369692252353301,2018-06-25,0,29.2,20.9,0.0,56.2,0.114,-0.171
35.50342109429046,9.042607886584662,2017-09-05,0,29.8,13.4,0.0,55.3,0.098,-0.137
36.53579,8.66689,2019-09-04,1,27.8,17.4,0.0,58.3,0.135,-0.219
36.37596993511003,8.978170582617375,2023-07-22,0,46.9,20.9,0.0,29.65000000000001,0.176,-0.078
36.73577295853443,10.81350795816683,2021-10-21,0,24.4,20.5,0.0,63.400000000000006,0.183,-0.262
35.0643,8.86426,2022-06-21,1,32.9,13.8,0.0,50.650000000000006,0.115,-0.157
36.47637901809925,9.852471327622542,2017-07-10,0,40.3,20.9,0.0,39.55,0.11,-0.157
31.65045,9.17163,2023-07-05,1,40.8,25.8,0.0,38.8,0.065,-0.119
35.037422173298594,8.678230798280994,2019-10-22,0,25.7,27.5,0.0,61.45,0.164,-0.058
36.59,10.31968,2018-08-01,1,34.6,14.4,0.0,48.1,0.04,-0.148
36.36936,8.44242,2021-07-27,1,38.1,17.2,0.0,42.85,0.382,0.005
35.80221808083407,9.142329432871955,2021-08-18,0,30.8,13.7,0.2,53.8,0.114,-0.138
37.28109582922101,9.77565148222599,2024-07-07,0,28.6,16.2,0.0,57.1,0.109,-0.1
34.93821,8.52809,2024-05-23,1,29.5,24.1,0.0,55.75,0.071,-0.03
35.464693697692006,8.790585468444336,2022-05-15,0,30.7,18.8,0.0,53.95,0.133,-0.064
36.72957300462995,8.522860578600119,2025-06-15,0,35.0,13.9,0.0,47.5,0.275,-0.034
36.56301286027343,9.018402269226137,2021-06-23,0,38.7,24.1,0.0,41.95,0.185,-0.135
35.436069151184704,8.70270263365548,2025-06-14,0,31.0,16.7,0.0,53.5,0.178,-0.085
35.127780883367336,8.739549115046012,2025-10-06,0,20.3,29.1,0.0,69.55,0.097,-0.067
37.20707693353255,10.167089915228935,2025-09-04,0,28.7,17.5,0.0,56.95,0.252,-0.019
35.77657,9.89054,2022-08-27,1,35.1,11.3,1.1,47.35,0.039,-0.141
36.556784741995344,10.505832323828065,2018-08-02,0,35.7,10.9,0.0,46.45,0.181,-0.145
35.334968706688265,9.141597611235756,2019-10-21,0,25.0,16.1,0.3,62.5,0.202,-0.122
36.85386315042766,10.808574735698407,2017-08-17,0,33.8,10.7,0.0,49.3,0.399,-0.002
35.29176,8.8722,2021-07-30,1,40.2,20.1,0.2,39.7,0.236,-0.135
36.72088140342187,8.812996169942464,2021-08-18,0,25.9,17.4,0.0,61.150000000000006,0.694,0.158
31.70211,9.24205,2019-02-28,1,16.5,22.5,0.0,75.25,0.102,-0.07
35.46862,9.03284,2020-08-03,1,35.3,22.7,0.0,47.05,0.187,-0.136
36.07429406977288,10.035861448538746,2025-08-22,0,35.3,23.2,0.2,47.05,0.166,-0.09
36.893004747090096,9.376189672438311,2024-10-24,0,24.7,23.2,0.0,62.95,0.115,-0.119
34.86138343656428,8.83046480769444,2024-06-13,0,33.3,24.0,0.1,50.05,0.075,-0.097
36.54493726265178,8.550050152082111,2020-07-15,0,28.7,13.4,1.9,56.95,0.142,-0.175
37.06291045664063,9.717665613372253,2019-09-07,0,27.3,20.6,0.0,59.05,0.125,-0.208
31.00391,10.06057,2020-07-31,1,37.6,27.3,0.0,43.6,0.065,-0.126
36.94399513448355,9.593476573202398,2016-05-22,0,31.7,12.7,0.0,52.45,0.25,0.05
36.991261136847584,9.9562420995942,2024-09-03,0,38.6,16.5,0.0,42.1,0.25,0.05
35.39265344909818,8.546668764510933,2024-05-17,0,32.0,18.8,0.4,52.0,0.086,-0.103
34.97282503967464,9.017581605779604,2022-07-10,0,31.7,17.6,0.0,52.45,0.085,-0.096
35.0803122464105,8.952791637206566,2022-10-22,0,27.9,13.4,0.0,58.150000000000006,0.107,-0.121
37.11107830515104,9.35982955021204,2024-07-06,0,40.2,17.1,0.0,39.7,0.261,0.027
34.89894584598396,8.873801642546912,2025-05-01,0,26.4,15.8,0.0,60.400000000000006,0.118,-0.076
32.2877,10.97208,2017-07-10,1,38.5,26.0,0.0,42.25,0.071,-0.094
36.30102637726317,9.411341902235767,2023-08-23,0,36.4,16.1,0.0,45.400000000000006,0.08,-0.137
35.43224339291504,8.750395090062092,2019-08-09,0,37.5,17.0,0.0,43.75,0.168,-0.125
35.59660930147833,9.356627130268436,2025-06-18,0,32.8,21.7,0.0,50.8,0.084,-0.094
33.52987,9.68555,2017-09-25,1,31.1,30.0,0.0,53.35,0.058,-0.1
35.04573797294784,9.283729678518611,2025-05-25,0,25.7,26.2,0.0,61.45,0.181,-0.062
36.62244948259414,10.010010846114934,2019-10-05,0,27.7,14.8,0.0,58.45,0.241,-0.073
36.918293896409246,11.06763767351521,2021-07-03,0,34.2,13.0,0.0,48.7,0.447,0.113
36.49512573194503,10.346916056181351,2024-05-03,0,19.9,16.4,0.0,70.15,0.357,0.063
35.05111054720383,9.068891113356566,2025-10-14,0,24.7,15.6,0.7,62.95,0.087,-0.108
35.64257705755226,8.808577696316336,2023-07-26,0,32.5,15.8,0.0,51.25,0.081,-0.11
37.07919,9.598,2022-05-15,1,30.7,13.2,0.0,53.95,0.408,0.128
36.40332093897708,9.94276565365744,2020-07-23,0,37.2,17.1,0.0,44.2,0.22,-0.123
37.19194485252339,10.048137672989204,2016-06-05,0,22.0,14.9,2.8,67.0,0.177,-0.036
35.62803789428373,8.898000859990796,2022-09-07,0,34.0,19.4,0.0,49.0,0.125,-0.075
36.42216026885968,9.397914806358882,2024-08-10,0,39.3,16.0,0.0,41.05,0.116,-0.109
36.30096218407734,9.882486671847158,2016-10-04,0,29.2,6.6,0.0,56.2,0.167,-0.176
35.94352482471099,9.164613371226338,2018-08-11,0,30.5,10.4,0.0,54.25,0.11,-0.157
36.77813,10.20068,2023-08-17,1,36.1,17.4,0.0,45.85,0.056,-0.095
36.52633938864169,10.443158481386336,2024-08-07,0,34.2,7.3,0.0,48.7,0.133,-0.115
36.4208999399664,9.780212101073769,2024-05-14,0,33.0,18.0,0.0,50.5,0.028,0.409
36.86107616567551,8.677326531117249,2019-07-14,0,30.5,12.1,0.0,54.25,0.341,-0.073
36.26346558901016,10.136279633808282,2017-05-11,0,37.8,26.8,0.0,43.3,0.274,-0.091
35.45340131227329,8.947369232892898,2025-09-18,0,28.8,16.4,0.0,56.8,0.185,-0.064
35.469353251515024,8.676112165132144,2025-06-19,0,26.6,24.5,0.0,60.1,0.132,-0.02
36.83211,10.61877,2023-11-11,1,21.5,20.7,0.3,67.75,0.174,-0.109
35.65771377710553,8.621080266018092,2019-10-27,0,17.9,11.3,1.1,73.15,0.12,-0.203
34.89509328594286,8.604086438532754,2018-09-11,0,33.2,18.4,0.0,50.2,0.168,-0.133
33.36571,8.54882,2024-12-10,1,17.3,15.7,0.0,74.05,0.068,-0.008
35.65066876120372,8.442092278220883,2017-08-01,0,38.5,18.9,0.0,42.25,0.107,-0.135
35.542979487619604,8.462568187126687,2021-10-05,0,26.8,16.1,1.2,59.8,0.259,-0.145
36.30669806268522,9.821237747848873,2025-10-12,0,27.1,16.3,0.5,59.35,0.143,-0.106
36.84662265851105,8.672235292389974,2024-10-17,0,29.4,22.2,6.7,55.900000000000006,0.477,0.191
36.33684693782319,9.330584118226096,2024-06-11,0,35.7,21.4,0.0,46.45,0.193,-0.059
36.45102637893172,8.452826623243768,2022-08-12,0,35.5,13.7,0.0,46.75,0.105,-0.083
35.77552,9.89244,2021-12-05,1,21.0,20.5,0.1,68.5,0.013,-0.042
36.2602871783201,9.148585660880956,2023-09-02,0,36.0,17.7,0.0,46.0,0.082,-0.178
36.07586372228557,9.70135380894629,2024-08-27,0,34.7,13.6,0.0,47.95,0.148,-0.095
35.81361,9.78319,2018-07-10,1,35.4,16.5,0.0,46.900000000000006,0.107,-0.169
36.63851100354993,8.80767766229322,2022-09-24,0,29.4,13.9,0.0,55.900000000000006,0.136,-0.15
35.386403289024635,8.740658783263504,2022-10-10,0,24.5,8.8,0.0,63.25,0.161,-0.112
37.254241758252384,9.598383893845956,2025-10-27,0,20.9,32.1,0.0,68.65,0.358,0.049
37.05464670830889,9.387953857739506,2019-08-23,0,29.5,13.7,6.5,55.75,0.184,-0.123
35.21019,8.67189,2019-06-24,1,35.6,15.4,0.0,46.6,0.375,0.004
35.61621804888056,8.383158318341776,2017-08-14,0,34.7,16.5,0.0,47.95,0.262,-0.093
35.62931651865739,8.99946590887221,2022-10-17,0,24.8,10.4,0.0,62.8,0.111,-0.116
36.71905605137304,10.824785272469096,2023-08-08,0,29.8,17.3,0.0,55.3,0.122,-0.163
36.27693136852163,9.82525379168458,2016-05-12,0,25.1,18.7,0.5,62.35,0.333,0.006
35.65118773398454,9.039989314447071,2020-07-13,0,35.3,13.9,0.0,47.05,0.105,-0.158
34.69703471826835,8.585354697550784,2025-08-09,0,33.1,13.2,0.0,50.35,0.089,-0.087
34.68550891613088,8.451584730545221,2024-09-25,0,28.0,27.8,0.5,58.0,0.125,-0.082
36.92497992262139,10.859141447627987,2021-06-14,0,31.2,10.6,0.0,53.2,0.275,-0.109
36.46784,9.16761,2022-09-14,1,38.5,16.3,0.2,42.25,0.151,-0.067
35.54305169285303,9.001193455523277,2018-07-04,0,39.9,15.8,0.0,40.150000000000006,0.171,-0.114
35.46008053560687,8.670375805872858,2023-06-20,0,33.0,15.3,0.0,50.5,0.226,-0.045
35.35793783315869,8.813105409575652,2019-06-23,0,36.6,19.7,0.0,45.1,0.208,-0.124
36.83858,10.62103,2023-11-11,1,21.5,20.7,0.3,67.75,0.148,-0.155
35.457643410885495,8.683406020205235,2021-07-09,0,37.3,16.4,0.0,44.05,0.291,-0.048
36.47646551017748,9.048534002072229,2023-09-21,0,36.7,19.3,0.0,44.95,0.103,-0.136
36.37810661562503,9.994263251361533,2021-07-25,0,41.1,24.5,0.0,38.35,0.204,-0.129
37.061519400333786,9.67880246450364,2024-07-18,0,37.6,15.7,0.0,43.6,0.25,0.05
36.65335377057234,8.645491402339214,2023-05-22,0,23.2,13.0,0.0,65.2,0.25,0.05
35.706303615722184,8.860943431625296,2018-09-21,0,24.2,15.5,0.5,63.7,0.1,-0.178
36.02389398288814,9.187645127918426,2017-06-04,0,30.9,15.8,0.0,53.650000000000006,0.129,-0.147
36.916419644885465,11.025937792020498,2023-08-12,0,32.0,11.5,0.0,52.0,0.166,-0.144
33.87344,9.99012,2020-12-31,1,15.5,14.5,0.0,76.75,0.078,-0.104
36.58556339339561,10.443905006804933,2020-06-17,0,31.6,10.3,0.0,52.6,0.397,0.022
36.20913978497974,9.289137594153187,2020-08-14,0,41.3,23.3,0.0,38.05,0.116,-0.138
34.92711550879344,8.498531022990218,2018-05-03,0,19.5,33.9,0.0,70.75,0.119,-0.11
35.59463371689256,9.020114664632588,2017-10-18,0,24.8,9.7,0.0,62.8,0.163,-0.141
36.82182,9.09132,2025-10-05,1,23.8,19.0,0.0,64.3,0.334,0.063
37.10231817346355,9.623322357805232,2017-05-12,0,28.3,23.0,0.0,57.55,0.433,-0.043
34.7559321881479,8.629125429889319,2020-10-26,0,21.4,24.9,0.0,67.9,0.109,-0.143
37.0029337543343,10.029657853032626,2016-09-24,0,27.2,16.2,0.0,59.2,0.108,-0.223
36.49505592017955,8.794322019680898,2019-08-04,0,41.3,19.5,0.0,38.05,0.128,-0.124
36.50188,10.02785,2021-01-20,1,19.1,13.8,0.0,71.35,0.153,-0.124
36.46452084153795,10.592893751414422,2025-10-04,0,25.9,19.9,0.0,61.150000000000006,0.179,-0.095
36.480634714532485,9.041741261411545,2017-10-22,0,23.6,13.5,1.6,64.6,0.172,-0.201
37.08553699573762,9.153846998902276,2019-07-05,0,32.7,10.9,0.0,50.95,0.291,-0.166
33.53012,9.68218,2022-09-04,1,41.8,37.8,0.0,37.3,0.045,-0.1
36.06901705496686,9.436447654150829,2016-08-09,0,33.0,10.8,0.0,50.5,0.13,-0.149
35.68582263487845,9.223675977907154,2021-09-07,0,27.7,14.9,0.0,58.45,0.128,-0.22
34.871695477601016,8.425729069693887,2025-10-12,0,23.3,16.1,0.0,65.05,0.076,-0.102
34.93882500252031,8.539284680050772,2022-07-18,0,33.6,20.2,0.0,49.6,0.06,-0.078
36.97561946626198,9.982732764288382,2016-08-26,0,30.4,15.6,0.0,54.400000000000006,0.082,-0.09
35.48104200865583,8.964481120363295,2018-08-22,0,28.2,12.6,0.0,57.7,0.156,-0.184
35.49809310734038,8.932007286544561,2024-10-24,0,20.8,21.4,1.0,68.8,0.081,-0.129
37.08135898103191,9.442070293977244,2017-10-16,0,26.4,15.2,0.0,60.400000000000006,0.17,-0.229
35.24241837879007,8.738251437752544,2019-05-08,0,29.8,15.3,0.0,55.3,0.193,-0.094
35.43607523068564,8.387140230370308,2021-08-06,0,40.1,13.0,0.0,39.85,0.099,-0.152
36.93276859403293,9.44947195491529,2020-07-05,0,27.4,24.3,0.0,58.900000000000006,0.201,-0.161
36.287119849914085,9.501836391843783,2016-10-02,0,29.9,7.8,0.5,55.150000000000006,0.104,-0.158
36.59312,10.31823,2021-08-06,1,38.5,17.3,0.0,42.25,0.079,-0.195
37.24275417568389,9.387588543856472,2017-08-19,0,32.6,14.2,0.0,51.1,0.278,-0.086
36.118841627855154,9.957093266168007,2018-08-23,0,30.3,13.8,0.0,54.55,0.069,-0.217
36.39939928165195,10.008791029622223,2019-07-20,0,35.4,24.5,0.0,46.900000000000006,0.394,-0.021
35.40372729096712,8.93484095568896,2022-05-12,0,22.9,11.8,0.0,65.65,0.181,-0.07
35.26575542843815,8.714885567308837,2024-05-17,0,31.6,15.8,0.0,52.6,0.166,-0.058
34.98872192995865,8.772491321337167,2018-06-20,0,26.5,16.4,0.9,60.25,0.11,-0.143
36.58971,10.31786,2025-03-28,1,17.1,26.2,0.5,74.35,0.11,-0.055
36.287669288366885,10.020253308051313,2022-05-19,0,27.4,14.0,0.0,58.900000000000006,0.231,-0.034
31.40729,9.85272,2016-01-03,1,17.3,22.9,0.0,74.05,0.25,0.05
35.67800730074543,8.670481561867954,2019-07-17,0,31.9,10.5,0.0,52.150000000000006,0.146,-0.126
35.61989923977199,8.481396196724209,2021-09-20,0,24.7,16.2,2.4,62.95,0.08,-0.134
31.49221,9.49114,2023-09-24,1,32.2,33.0,0.0,51.7,0.058,-0.095
35.50140831312115,8.527520302985062,2021-08-23,0,34.6,14.2,0.0,48.1,0.088,-0.171
36.5316308479594,10.82221762361694,2016-06-11,0,23.9,25.7,0.0,64.15,0.25,0.05
36.875822821881535,8.761565282286305,2018-06-08,0,21.5,18.3,0.6,67.75,0.754,0.257
36.612558243713664,9.002728229701832,2023-09-24,0,27.0,17.8,0.0,59.5,0.162,-0.126
36.33384731754786,9.439220723303222,2017-09-19,0,26.6,23.0,0.2,60.1,0.138,-0.136
36.97979,9.53029,2025-10-13,1,29.6,10.8,0.0,55.6,0.321,0.02
36.84439,9.10291,2020-08-01,1,37.5,17.4,0.0,43.75,0.265,-0.099
33.36536,8.54649,2022-09-25,1,33.5,17.7,0.0,49.75,0.048,-0.017
35.79993389662303,9.067688516794409,2025-07-18,0,32.5,18.9,0.0,51.25,0.132,-0.113
36.78329753795457,10.812791820061072,2019-05-25,0,19.7,19.7,16.0,70.45,0.405,-0.002
37.22577516993198,9.658543266190046,2022-09-23,0,24.4,12.2,1.3,63.400000000000006,0.08,-0.143
35.479155010221334,8.932329073197273,2017-10-06,0,22.7,18.1,0.0,65.95,0.198,-0.115
33.87278,9.9938,2019-02-19,1,17.8,18.6,0.0,73.3,0.08,-0.162
36.48127887395813,8.563941833208775,2018-08-18,0,33.1,17.0,0.5,50.35,0.144,-0.178
36.59116,10.31671,2018-07-18,1,35.3,13.1,0.0,47.05,0.056,-0.132
36.60821037513372,8.561786275221326,2024-06-04,0,26.9,18.5,0.0,59.650000000000006,0.463,0.247
34.860718437519665,8.522839480157959,2021-09-03,0,35.5,20.4,0.0,46.75,0.087,-0.173
35.27025732398734,8.876571413583868,2019-07-12,0,36.3,11.0,0.0,45.55,0.145,-0.136
36.65697,9.60396,2025-06-27,1,34.4,22.3,0.0,48.400000000000006,0.107,-0.092
31.70278,9.24412,2019-05-15,1,27.2,14.8,0.0,59.2,0.077,-0.099
36.15663,10.28448,2019-08-26,1,34.3,15.8,0.2,48.55,0.088,-0.215
35.10320316424036,8.534878257055597,2022-08-13,0,35.8,19.7,0.0,46.3,0.074,-0.12
36.45983059693331,8.481093938508213,2023-08-22,0,34.8,15.3,0.1,47.8,0.161,-0.109
34.96866,10.88541,2020-06-22,1,32.4,28.6,0.0,51.400000000000006,0.145,-0.105
34.93736,8.52907,2020-01-05,1,12.2,22.6,0.0,81.7,0.096,-0.003
35.85022,8.59442,2023-10-06,1,27.6,13.8,0.0,58.6,0.023,-0.156
34.95782581724973,8.373137954491286,2019-07-27,0,36.7,29.6,0.0,44.95,0.129,-0.139
36.04156564795208,9.360156229985227,2022-07-01,0,43.5,23.7,0.0,34.75,0.105,-0.074
36.56793690338791,9.859830484172765,2016-06-06,0,29.1,14.5,0.0,56.35,0.132,-0.138
31.00288,10.06166,2021-09-27,1,34.5,18.0,0.0,48.25,0.065,-0.103
35.571621265739694,8.414283312276805,2019-10-19,0,25.2,12.7,0.0,62.2,0.134,-0.166
31.63789,9.22469,2019-09-28,1,32.0,20.0,0.0,52.0,0.065,-0.116
34.60283,10.5852,2017-05-09,1,23.8,23.9,0.0,64.3,0.25,0.05
35.26102548227748,8.393680322586,2022-06-16,0,32.5,19.9,0.0,51.25,0.116,-0.122
35.15104231107823,8.606740803318594,2022-06-21,0,34.0,15.8,0.0,49.0,0.25,0.05
37.06227052370664,10.038572583032526,2019-05-07,0,20.1,12.9,0.0,69.85,0.424,0.173
31.00368,10.06059,2021-10-06,1,34.2,27.8,0.0,48.7,0.062,-0.104
35.09605769767726,9.038453246654043,2018-08-12,0,30.3,11.6,0.0,54.55,0.068,-0.204
34.753245483519095,8.579914911502778,2018-05-07,0,25.4,24.4,0.5,61.900000000000006,0.138,-0.1
36.05688442117265,9.489407242250488,2023-06-09,0,30.9,12.0,2.0,53.650000000000006,0.122,-0.115
37.05970643938468,9.356541459191732,2024-10-26,0,25.1,24.2,0.2,62.35,0.108,-0.178
34.754446320243446,8.784468128750843,2019-09-18,0,32.6,27.1,0.0,51.1,0.119,-0.154
36.70204,9.18975,2021-08-31,1,36.5,13.0,0.1,45.25,0.114,-0.116
36.250011285202014,9.4364529814746,2017-09-20,0,23.6,22.3,0.6,64.6,0.112,-0.073
36.50362,10.02667,2023-10-15,1,31.7,16.9,0.0,52.45,0.049,-0.103
37.06893498694989,9.906820386455308,2023-07-13,0,42.8,23.1,0.0,35.80000000000001,0.212,-0.082
35.78125255829517,9.27289363492347,2023-10-01,0,26.5,11.5,0.0,60.25,0.139,-0.089
33.52855,9.68461,2023-02-07,1,18.5,31.8,0.0,72.25,0.069,-0.072
37.11767,9.41194,2022-08-15,1,40.7,23.8,0.0,38.95,0.403,0.108
36.319039446665855,10.163021827406718,2018-07-21,0,42.2,20.6,0.7,36.7,0.151,-0.15
35.4003538987932,8.68499067214854,2017-06-05,0,25.5,14.9,6.0,61.75,0.112,-0.155
35.515986714338304,9.265860374180628,2019-09-20,0,31.0,14.7,0.2,53.5,0.109,-0.151
37.03501845155227,9.334131663397086,2018-08-19,0,25.4,19.8,5.1,61.900000000000006,0.16,-0.274
37.06955,9.97399,2023-09-01,1,29.6,17.7,0.0,55.6,0.193,-0.109
36.23048561482337,9.32431537003576,2020-05-02,0,26.1,16.6,0.0,60.85,0.25,0.05
36.977475393109934,9.520100703811558,2019-05-25,0,20.5,15.9,31.5,69.25,0.414,0.019
36.08112548408578,9.402620515495288,2024-10-01,0,32.6,13.5,0.0,51.1,0.086,-0.123
36.26801588493221,9.28093151916497,2019-08-09,0,40.0,17.3,0.0,40.0,0.115,-0.144
36.75461675629053,10.638386654791384,2019-07-05,0,35.6,16.4,0.0,46.6,0.475,0.059
36.09395142483896,9.408974222613477,2023-10-01,0,27.3,10.6,0.0,59.05,0.072,-0.184
35.21004913572479,8.566719049884625,2022-07-23,0,35.3,14.9,0.0,47.05,0.121,-0.121
37.208470943690216,9.59851974029716,2022-10-24,0,31.6,11.8,0.0,52.6,0.103,-0.212
36.715880553239415,10.767091656365666,2021-05-05,0,20.1,13.1,4.1,69.85,0.541,0.153
36.01993402265405,10.041364363275433,2020-06-21,0,32.8,24.3,0.0,50.8,0.145,-0.145
36.512448545351184,8.361739967285654,2021-07-01,0,32.3,12.2,0.0,51.55,0.635,0.182
34.93854423364727,8.863740460575995,2022-10-26,0,27.4,9.9,0.0,58.900000000000006,0.109,-0.058
31.00414,10.05965,2020-08-10,1,35.1,30.8,0.0,47.35,0.063,-0.124
35.16931632852507,9.199707052563443,2020-05-21,0,27.5,21.3,0.0,58.75,0.198,-0.109
36.26006411144287,10.166873190102152,2022-05-26,0,30.8,24.3,0.0,53.8,0.191,-0.07
36.46014545454364,8.998853593492948,2024-06-12,0,28.9,18.1,0.0,56.650000000000006,0.272,0.009
36.097257870234,9.662729558168634,2025-10-08,0,24.2,7.4,0.0,63.7,0.177,-0.084
35.4008255789152,8.603613138965562,2018-05-26,0,31.0,16.3,0.0,53.5,0.161,-0.133
36.78578,9.51903,2022-09-16,1,35.0,16.3,0.9,47.5,0.089,-0.158
36.91936288616676,9.575060855067807,2023-09-25,0,24.8,18.7,0.0,62.8,0.101,-0.174
36.14761727355893,9.57378540578415,2018-09-17,0,32.2,11.6,0.6,51.7,0.129,-0.21
36.63507386376967,9.044067285853265,2025-09-22,0,31.5,15.4,6.5,52.75,0.111,-0.162
36.120614113870815,10.097001333167784,2016-05-13,0,25.9,18.4,12.4,61.150000000000006,0.114,-0.073
37.04339537155401,11.033103073850814,2022-07-04,0,30.9,11.6,0.0,53.650000000000006,0.13,-0.152
35.29912242619038,8.468460267950174,2021-08-11,0,40.3,15.5,0.0,39.55,0.152,-0.145
36.88918666554395,9.37857455450767,2017-06-24,0,33.3,14.1,0.0,50.05,0.132,-0.14
36.92093,9.03478,2022-08-17,1,43.5,22.5,0.0,34.75,0.306,0.02
36.50271,10.02652,2024-08-19,1,33.4,20.5,0.0,49.900000000000006,0.051,-0.123
36.84072889103895,9.434757150876957,2017-10-21,0,23.9,13.1,0.4,64.15,0.194,-0.213
36.1749129506909,10.008832344297772,2017-07-22,0,40.8,15.6,0.0,38.8,0.091,-0.119
37.03933991351823,10.060733002870869,2024-09-14,0,25.1,32.2,0.0,62.35,0.126,-0.067
36.5056,8.63479,2019-07-28,1,33.8,22.1,0.0,49.3,0.488,-0.026
35.073813553729764,8.813057358156023,2023-05-02,0,20.2,26.2,4.3,69.7,0.102,-0.109
35.29288,8.8271,2020-07-03,1,36.7,14.6,0.0,44.95,0.303,-0.099
36.45315713278686,8.351154251004703,2020-10-05,0,22.7,12.6,0.5,65.95,0.519,0.006
35.5101126849655,9.417620759847392,2019-06-10,0,38.7,18.0,0.0,41.95,0.143,-0.105
37.13960814518482,9.138247612519216,2022-09-06,0,30.2,18.1,0.0,54.7,0.145,0.166
35.24494,10.43304,2023-02-16,1,16.0,12.2,0.0,76.0,0.102,-0.038
36.63200525882975,8.462029181893241,2023-10-17,0,31.3,14.5,0.0,53.05,0.292,-0.019
36.5633189367297,8.669499116637606,2018-08-18,0,30.7,19.0,0.6,53.95,0.201,-0.05
36.13410978134857,9.511981653648464,2017-09-20,0,22.0,20.2,0.7,67.0,0.132,-0.2
35.1003708885666,9.219355034831793,2024-06-06,0,33.6,15.1,0.0,49.6,0.15,-0.048
36.625746639094366,10.801362849965784,2019-07-10,0,33.0,25.8,0.0,50.5,0.18,-0.154
36.13646804589354,9.3246407978569,2022-05-09,0,19.3,19.2,4.2,71.05,0.29,0.049
36.26859,8.73876,2016-08-03,1,32.4,12.6,0.0,51.400000000000006,0.311,-0.036
37.25017803730553,9.453893428859748,2025-10-23,0,25.7,34.4,2.2,61.45,0.277,-0.044
33.53114,9.68546,2022-05-04,1,32.7,45.2,0.0,50.95,0.25,0.05
36.57139495302269,8.41009511577376,2023-09-23,0,23.3,17.7,4.0,65.05,0.205,-0.043
37.04768,9.15952,2017-08-01,1,42.1,22.8,0.0,36.85,0.711,0.187
35.016318205867,9.047747843572049,2016-09-02,0,33.3,14.0,0.0,50.05,0.117,-0.169
35.77542,9.89048,2017-10-27,1,29.4,18.2,0.0,55.900000000000006,0.088,-0.18
33.87487,9.99089,2022-07-25,1,36.9,16.2,0.0,44.650000000000006,0.037,-0.116
36.06007,8.64581,2022-09-18,1,31.0,10.6,0.0,53.5,0.124,-0.15
35.41878172045973,8.602609569885567,2016-06-07,0,30.5,15.4,0.0,54.25,0.107,-0.129
36.99980963924517,9.93502114049323,2017-10-08,0,23.8,9.0,0.0,64.3,0.219,-0.068
31.70354,9.24371,2019-06-28,1,35.6,26.5,0.0,46.6,0.075,-0.103
31.39749,10.0232,2017-10-27,1,21.8,13.8,0.0,67.3,0.051,-0.1
35.11257939404129,9.028845223502293,2022-10-20,0,26.5,9.1,0.0,60.25,0.099,-0.118
36.93804995518104,9.944571186176388,2019-06-04,0,32.9,20.9,0.0,50.650000000000006,0.151,-0.198
33.36535,8.55112,2023-05-20,1,27.0,31.4,1.1,59.5,0.095,-0.007
31.00485,10.06328,2020-10-01,1,37.7,18.1,0.0,43.45,0.062,-0.132
35.412973945843675,8.704565556712188,2016-10-03,0,27.1,8.5,0.0,59.35,0.087,-0.172
34.71383306772526,8.49301487331215,2017-07-03,0,29.9,21.3,0.0,55.150000000000006,0.101,-0.12
33.52987,9.68651,2022-05-18,1,33.2,30.2,0.0,50.2,0.065,-0.076
36.84037,9.49914,2017-10-16,1,26.7,11.2,0.0,59.95,0.14,-0.222
35.71283066284111,9.261380366794166,2023-08-22,0,30.2,16.6,1.6,54.7,0.116,-0.093
37.011384500472886,9.953045568548928,2021-07-22,0,36.3,16.0,0.0,45.55,0.148,-0.118
33.87222,9.99202,2021-01-12,1,17.0,21.8,0.0,74.5,0.089,-0.15
36.56936140102342,8.717068287007931,2021-05-18,0,25.7,12.8,0.0,61.45,0.328,-0.017
36.50093,10.02872,2018-10-30,1,20.3,18.4,0.0,69.55,0.148,-0.131
36.045033957390125,10.021586688307178,2020-07-04,0,32.1,25.9,0.0,51.85,0.084,-0.189
35.89399271148498,9.133985925415663,2016-10-19,0,19.0,12.2,2.5,71.5,0.15,-0.18
35.03822544387905,8.690264053084043,2022-06-21,0,34.5,15.0,0.0,48.25,0.079,-0.118
36.94142761927972,9.255902697133209,2022-05-27,0,20.7,26.6,4.3,68.95,0.328,0.088
35.94341768591041,9.544140141578383,2019-10-01,0,27.6,7.6,0.0,58.6,0.673,0.218
36.77467,10.20025,2025-08-27,1,40.1,15.1,0.0,39.85,0.061,-0.088
35.33271,9.15137,2021-08-11,1,41.0,18.0,0.0,38.5,0.274,-0.109
36.27745530773691,9.37849620043004,2024-05-18,0,34.6,19.4,1.8,48.1,0.124,-0.127
35.852,8.59307,2023-03-27,1,21.3,23.7,0.0,68.05,0.045,-0.126
36.31064232181532,8.959224781588418,2017-05-27,0,31.5,18.3,0.0,52.75,0.217,-0.077
36.43378302817987,8.792376353317252,2022-09-07,0,40.4,14.1,0.0,39.400000000000006,0.164,-0.07
36.3464475423701,9.429989423344406,2020-07-15,0,31.8,15.9,0.6,52.3,0.117,-0.178
31.65414,10.23482,2017-05-17,1,25.7,23.2,0.0,61.45,0.25,0.05
33.87272,9.99238,2024-03-21,1,22.4,19.1,0.0,66.4,0.057,-0.127
36.10958547379395,9.16104639121187,2020-07-06,0,28.8,21.7,0.0,56.8,0.114,-0.127
36.226089520558,9.34071643358252,2018-07-07,0,36.1,14.3,0.0,45.85,0.106,-0.141
36.16094227597442,9.748818403767146,2016-08-09,0,32.0,10.8,0.0,52.0,0.446,-0.035
34.92936165317302,8.767151545676287,2020-10-08,0,24.4,21.1,0.0,63.400000000000006,0.113,-0.149
36.072088974113896,9.616599108679166,2020-06-03,0,25.8,13.9,0.0,61.3,0.629,0.185
37.14392603919956,9.283686639338248,2022-06-05,0,30.0,20.3,0.0,55.0,0.286,-0.024
34.60408,10.5842,2024-11-27,1,21.6,13.6,0.0,67.6,0.144,-0.041
31.39998,10.0221,2019-03-02,1,20.0,23.8,0.0,70.0,0.105,-0.077
35.37574057320654,8.848178345080898,2025-06-07,0,32.8,10.1,0.0,50.8,0.128,-0.072
36.81640942073227,8.90492601133024,2024-10-03,0,25.7,23.8,3.6,61.45,0.507,0.217
36.78332307468313,9.373263411123196,2017-05-13,0,26.7,20.5,0.0,59.95,0.538,0.139
31.30785,10.03322,2020-12-08,1,16.5,32.8,0.0,75.25,0.09,-0.085
36.75328,10.90865,2024-03-24,1,22.9,14.2,0.0,65.65,0.169,0.007
35.32301378780563,8.519611161848232,2022-07-21,0,35.2,12.0,0.0,47.2,0.087,-0.112
35.274720611094814,8.942947626540013,2023-07-09,0,42.9,11.4,0.6,35.650000000000006,0.128,-0.075
37.08523842859041,9.913319765938777,2022-08-17,0,44.2,29.8,0.0,33.69999999999999,0.094,-0.14
36.986591866103936,9.847642816057103,2017-08-15,0,32.1,19.1,0.0,51.85,0.26,-0.059
36.29892442627704,9.317589754940403,2021-10-09,0,23.1,16.3,0.0,65.35,0.134,0.005
35.85194,8.59221,2021-04-29,1,29.4,15.8,0.0,55.900000000000006,0.104,-0.141
36.77312920635259,8.759893691291511,2024-09-24,0,26.1,10.4,0.7,60.85,0.464,0.191
35.93886025410232,9.188513618652784,2024-08-27,0,31.2,13.2,0.0,53.2,0.11,-0.129
35.485790445424044,8.52953296284461,2016-07-05,0,35.8,18.9,2.9,46.3,0.334,-0.052
35.19247,8.60859,2017-08-05,1,37.6,14.2,0.0,43.6,0.324,-0.068
37.26743516472695,9.683775998150129,2025-05-27,0,23.9,21.0,0.0,64.15,0.22,-0.042
36.294718459761775,9.24781604291036,2024-09-07,0,37.8,16.7,0.0,43.3,0.154,-0.087
37.29924,9.63433,2019-08-22,1,32.5,24.8,0.0,51.25,0.347,-0.141
37.20939264798389,9.59656045143918,2023-09-03,0,35.4,20.8,0.0,46.900000000000006,0.104,-0.137
36.439675077368,9.773274307794807,2024-06-10,0,35.3,24.5,0.0,47.05,0.016,0.388
36.47884616690133,8.198970625755525,2025-08-21,0,31.9,16.5,0.0,52.150000000000006,0.124,-0.152
36.44031716205136,8.779300428416864,2019-07-06,0,41.6,17.8,0.0,37.6,0.449,0.032
34.878964508143056,8.320433877568108,2017-07-20,0,36.6,19.5,0.0,45.1,0.11,-0.147
36.12019,9.71915,2016-05-20,1,19.4,30.5,0.0,70.9,0.008,0.124
31.40424,9.85373,2021-09-12,1,34.1,24.9,0.0,48.85,0.08,-0.132
34.90472751673475,8.75998830774687,2017-09-17,0,32.5,27.8,0.0,51.25,0.101,-0.163
35.83196472097095,9.21784080578342,2022-07-11,0,32.1,17.2,0.0,51.85,0.142,-0.105
35.0928809434622,8.572124863165756,2019-10-11,0,25.4,13.7,0.0,61.900000000000006,0.19,-0.138
35.56084644787658,9.073838282432474,2024-08-24,0,35.0,8.6,0.0,47.5,0.268,0.015
33.36477,8.54735,2021-10-12,1,28.8,18.7,0.0,56.8,0.061,-0.039
37.069069558032645,9.638014748692347,2016-05-09,0,27.8,25.1,0.0,58.3,0.013,0.115
37.32206475444408,9.763013095759408,2022-06-22,0,31.4,23.9,0.0,52.900000000000006,0.141,-0.127
32.51803,9.68751,2016-09-22,1,32.5,23.1,0.0,51.25,0.063,-0.142
36.89092,10.22521,2017-05-31,1,28.6,18.0,0.0,57.1,0.242,0.001
35.01222623065956,9.0975798614177,2020-08-17,0,40.1,18.5,0.0,39.85,0.098,-0.107
36.24755072648237,9.84169185137421,2020-08-27,0,35.6,10.2,0.0,46.6,0.377,-0.046
36.948948565483214,8.92022626309904,2025-05-06,0,21.1,14.1,0.0,68.35,0.443,0.168
36.77845,10.20003,2020-06-16,1,30.2,16.6,0.0,54.7,0.084,-0.056
36.37008393549931,8.441773778518877,2021-10-24,0,15.4,21.7,7.7,76.9,0.25,0.05
31.64888,9.17177,2022-09-23,1,29.3,32.0,0.0,56.05,0.076,-0.118
36.3299938752383,10.062244924690711,2020-09-10,0,28.2,12.8,15.6,57.7,0.405,-0.019
37.16960851062511,9.96597520057328,2025-06-19,0,26.8,24.2,2.6,59.8,0.16,-0.084
37.20004,9.96135,2022-05-04,1,23.9,23.8,0.1,64.15,0.272,0.028
36.67602,9.92239,2021-07-29,1,44.1,20.5,0.0,33.849999999999994,0.102,-0.109
36.38301574244284,10.077269038286849,2019-05-02,0,21.4,18.3,0.0,67.9,0.432,-0.031
36.06349809226501,9.677395648515397,2016-06-04,0,28.3,14.1,0.2,57.55,0.252,-0.008
36.430820605391816,10.371448777684648,2023-07-06,0,35.4,19.0,0.0,46.900000000000006,0.113,-0.155
36.87971,10.22635,2025-07-27,1,30.7,24.6,0.0,53.95,0.121,-0.07
36.412376881933696,8.57170673645608,2023-08-15,0,38.3,15.1,0.0,42.55,0.12,-0.144
36.60605928623777,10.572433009212508,2017-07-02,0,27.9,26.6,0.0,58.150000000000006,0.426,0.013
35.41488,9.23462,2020-08-16,1,36.3,15.3,0.0,45.55,0.364,-0.011
31.64671,9.17153,2022-02-17,1,18.2,22.9,0.0,72.7,0.077,-0.091
35.19946795509868,8.807848947592753,2022-08-05,0,33.4,10.8,0.0,49.900000000000006,0.196,-0.039
35.8516,8.59103,2019-10-07,1,24.4,27.0,4.8,63.400000000000006,0.131,-0.138
35.68352912296935,8.671878869665358,2020-09-11,0,25.4,13.9,0.2,61.900000000000006,0.111,-0.163
35.20198,8.6741,2019-06-24,1,34.8,15.4,0.0,47.8,0.387,0.035
36.56610634119754,9.0703919031649,2019-06-25,0,41.3,23.0,0.0,38.05,0.313,-0.013
36.93617,9.09033,2017-07-31,1,41.0,23.1,0.0,38.5,0.677,0.124
36.196890716350914,9.560875232697224,2022-07-08,0,30.0,23.7,0.0,55.0,0.192,-0.059
36.63673446475576,10.488352800567188,2025-09-17,0,30.6,24.0,0.0,54.1,0.13,-0.133
36.22393,8.74241,2017-07-29,1,37.2,15.8,0.0,44.2,0.216,-0.151
35.10545,8.41161,2021-07-01,1,38.1,30.9,0.0,42.85,0.2,-0.127
32.52022,9.68374,2020-07-12,1,39.4,32.1,0.0,40.900000000000006,0.086,-0.113
35.20478,11.10372,2023-11-30,1,25.9,23.1,0.0,61.150000000000006,0.126,-0.073
35.48970257783321,8.80708823653845,2025-08-09,0,32.5,14.3,0.0,51.25,0.183,-0.076
35.98758704932544,9.363268616009224,2019-09-04,0,25.3,19.6,0.0,62.05,0.144,-0.147
35.82231964673863,9.491773714329469,2024-08-20,0,30.7,14.9,0.0,53.95,0.128,-0.124
31.64789,9.1689,2023-05-03,1,29.3,22.4,0.0,56.05,0.077,-0.087
35.19599,8.6768,2019-07-06,1,35.4,19.1,0.0,46.900000000000006,0.226,-0.098
35.67380519386776,8.778641002021017,2023-08-14,0,33.1,18.4,0.0,50.35,0.093,-0.111
36.22939540894806,9.37903044727806,2023-09-07,0,30.0,19.1,0.0,55.0,0.067,-0.155
31.70549,9.24295,2018-09-20,1,34.6,29.3,0.0,48.1,0.074,-0.107
36.38083786107109,10.025096508958418,2016-05-04,0,23.9,21.2,0.0,64.15,0.348,-0.028
36.439430401561175,10.406330949902628,2020-07-15,0,30.5,17.6,3.1,54.25,0.435,-0.036
34.905983354237705,8.520632617246418,2018-08-08,0,29.4,16.3,0.6,55.900000000000006,0.151,-0.164
36.86182229438105,8.786609656888608,2018-07-07,0,27.1,13.0,0.0,59.35,0.565,0.323
34.88419660922379,8.557414158312563,2020-05-04,0,30.8,23.9,0.0,53.8,0.183,-0.108
37.232076082509984,9.838393670962535,2025-06-18,0,27.7,24.4,0.2,58.45,0.199,-0.083
33.87264,9.99092,2024-03-09,1,29.0,25.2,0.0,56.5,0.042,-0.081
37.32766,9.65285,2017-08-01,1,38.9,23.5,0.0,41.650000000000006,0.394,0.076
36.57941793537692,9.047817746471836,2017-07-22,0,42.2,13.0,1.0,36.7,0.164,-0.123
36.77779,10.20137,2016-05-22,1,29.5,18.8,0.0,55.75,0.093,-0.103
33.87234,9.99269,2023-03-13,1,22.0,17.9,0.0,67.0,0.051,-0.055
32.29006,10.97583,2017-08-26,1,33.1,24.7,0.0,50.35,0.066,-0.123
36.4453967558419,8.410795037868935,2017-08-11,0,32.7,20.6,0.0,50.95,0.163,-0.164
36.25267946902718,10.041661201713582,2021-07-07,0,37.7,15.0,0.0,43.45,0.138,-0.166
35.99332546198366,9.56257986422402,2021-07-27,0,34.2,16.1,0.0,48.7,0.241,-0.004
36.71313,8.69209,2021-08-12,1,40.3,17.8,0.0,39.55,0.523,0.24
31.40411,9.85313,2017-03-09,1,19.0,24.5,0.0,71.5,0.088,-0.092
31.70408,9.24501,2023-02-02,1,17.0,30.0,0.0,74.5,0.074,-0.075
34.93655,8.52921,2024-06-13,1,31.8,21.3,0.0,52.3,0.053,-0.015
35.513491705392745,8.513912715963052,2017-09-10,0,29.6,33.8,4.2,55.6,0.229,-0.124
35.10714198425024,9.244505818737384,2022-06-19,0,35.9,19.4,0.0,46.150000000000006,0.106,-0.089
36.493631698091946,10.408013839934103,2019-09-07,0,28.4,20.0,0.0,57.400000000000006,0.108,-0.236
34.96794759420841,8.661932399052507,2020-05-04,0,30.4,25.2,0.0,54.400000000000006,0.2,-0.11
33.53121,9.68494,2022-12-17,1,19.3,12.1,0.0,71.05,0.067,-0.089
35.85234,8.59258,2019-03-25,1,18.3,11.7,1.4,72.55,0.166,-0.189
35.73272820982931,9.04255337259263,2021-07-17,0,29.8,28.3,0.0,55.3,0.098,-0.176
35.28218880433188,8.439877549035998,2020-09-11,0,24.6,15.9,0.1,63.1,0.119,-0.163
35.254920870839854,8.410081012721742,2016-08-11,0,26.8,10.1,1.1,59.8,0.149,-0.127
35.54395050869064,9.235038052660109,2025-06-19,0,30.0,22.0,0.0,55.0,0.172,-0.063
33.87355,9.99164,2023-10-12,1,29.2,12.3,0.0,56.2,0.034,-0.13
36.9523,9.4438,2020-08-29,1,38.7,19.4,0.0,41.95,0.233,-0.236
37.23535840328288,9.582310729209713,2017-09-15,0,34.1,17.0,0.0,48.85,0.178,-0.177
36.79114801578248,9.44037694756595,2017-10-09,0,23.6,11.2,0.0,64.6,0.106,-0.176
36.64820082607741,10.732264691833231,2020-06-10,0,26.3,13.5,0.2,60.55,0.375,-0.009
36.72903767560703,9.00077807279511,2020-05-07,0,24.8,15.5,0.0,62.8,0.25,0.05
34.92375004156968,8.298779215420671,2020-05-01,0,26.9,18.7,0.0,59.650000000000006,0.184,-0.117
34.82214857990966,8.921088335821743,2016-08-18,0,33.8,20.4,0.0,49.3,0.093,-0.13
36.94084,9.81035,2025-07-12,1,37.2,26.1,0.1,44.2,0.323,0.051
36.15736,10.28577,2017-06-15,1,31.7,16.6,0.0,52.45,0.062,-0.174
36.81979026558115,9.515460162874234,2022-07-02,0,39.0,14.1,0.0,41.5,0.12,-0.091
35.16466117142706,8.59431632451404,2024-05-21,0,24.7,14.5,0.3,62.95,0.147,-0.097
31.39916,10.01932,2021-08-17,1,38.6,13.2,0.0,42.1,0.089,-0.132
36.89983918759,11.040832561580771,2021-07-18,0,28.4,33.3,0.0,57.400000000000006,0.189,-0.212
36.50332,10.02663,2024-04-07,1,31.5,17.7,0.0,52.75,0.085,-0.073
37.21869880309833,9.787562582085492,2020-06-01,0,25.2,22.4,0.0,62.2,0.179,-0.062
31.39961,10.02305,2021-08-19,1,40.7,24.3,0.0,38.95,0.076,-0.129
36.5068818934432,10.008759858849352,2020-10-17,0,22.6,16.3,0.0,66.1,-0.36,-0.098
35.77631,9.88906,2021-11-02,1,28.4,14.4,0.9,57.400000000000006,0.065,-0.136
36.172888326466094,9.401280215900943,2017-09-20,0,23.6,21.1,0.5,64.6,0.114,-0.128
35.856493210369216,9.21020585037881,2018-07-10,0,28.4,16.9,0.0,57.400000000000006,0.09,-0.134
35.43392519204651,8.390620945468488,2024-05-24,0,27.7,19.4,0.0,58.45,0.074,-0.101
35.21487500807989,8.496663624645342,2020-05-14,0,30.2,40.1,0.0,54.7,0.287,-0.074
36.95141390893975,10.015999367506597,2021-10-09,0,22.7,17.1,5.4,65.95,0.25,0.05
36.46278467004819,10.550582984632506,2018-08-08,0,28.9,14.0,3.1,56.650000000000006,0.174,-0.169
36.385431198252114,10.45266840709606,2016-09-09,0,28.4,18.8,0.5,57.400000000000006,0.125,-0.213
33.53068,9.68479,2018-10-09,1,29.7,27.3,0.3,55.45,0.087,-0.092
36.36021534896364,10.273279205710748,2023-08-01,0,37.7,15.6,0.0,43.45,0.076,-0.157
35.0882610803006,8.993583028637994,2024-09-12,0,29.7,12.5,0.0,55.45,0.068,-0.134
31.64847,9.17297,2022-06-18,1,37.0,20.7,0.0,44.5,0.067,-0.113
35.405251219396014,8.468279862916557,2021-09-24,0,33.0,18.6,0.0,50.5,0.107,-0.188
37.047669947279616,9.34243386691329,2025-10-10,0,26.7,14.4,0.8,59.95,0.106,-0.188
36.30471202517916,9.74062625827978,2018-06-14,0,26.9,33.1,0.0,59.650000000000006,0.106,-0.174
36.64964415827973,8.57046559276709,2017-09-09,0,30.3,12.4,0.0,54.55,0.158,-0.16
35.3424203917935,8.564765026853994,2023-06-22,0,35.6,12.2,0.0,46.6,0.31,0.051
37.06712484803968,9.569870387069344,2019-10-05,0,26.0,17.9,0.0,61.0,0.396,-0.061
32.02053,9.54397,2018-09-19,1,34.3,15.5,0.0,48.55,0.07,-0.11
37.13370682592249,10.097489396377066,2023-08-20,0,32.1,21.9,0.0,51.85,0.256,-0.018
36.305369873846345,9.749472347147382,2020-10-24,0,23.0,15.9,0.0,65.5,0.267,-0.087
31.64703,9.17086,2025-01-31,1,23.0,38.4,0.0,65.5,0.077,-0.086
34.97898670935865,8.83719320449724,2021-05-14,0,28.7,35.2,0.0,56.95,0.108,-0.116
35.96967653359312,9.221944189198508,2017-06-21,0,33.0,21.7,3.2,50.5,0.156,-0.107
36.42615339092235,9.418750677131536,2021-05-18,0,27.8,11.4,0.0,58.3,0.241,-0.091
36.65881604708839,8.759244961889689,2023-09-13,0,34.8,22.7,0.1,47.8,0.211,-0.061
35.588899667184144,8.58625363648121,2022-09-03,0,37.6,23.2,0.0,43.6,0.115,-0.097
36.24335120603449,9.244797402483552,2022-08-15,0,42.7,18.2,0.1,35.94999999999999,0.095,-0.136
33.87342,9.99272,2018-08-07,1,28.3,16.5,4.1,57.55,0.06,-0.187
37.29904542826837,9.62045456600418,2023-08-08,0,27.2,20.0,0.0,59.2,0.254,-0.027
36.38816633521712,9.35538396221627,2020-07-08,0,32.2,13.9,0.0,51.7,0.446,0.038
33.36617,8.54712,2023-12-01,1,22.6,18.8,0.0,66.1,0.048,-0.014
36.04749,9.69607,2025-08-01,1,33.9,13.7,2.7,49.150000000000006,0.136,-0.112
36.814870478851056,10.94849770849119,2021-06-21,0,28.9,25.2,0.0,56.650000000000006,0.14,-0.142
35.44481688441744,8.416047219437054,2018-05-27,0,31.6,19.5,0.0,52.6,0.123,-0.129
36.811791962965245,11.021241339019335,2020-05-20,0,24.3,32.8,0.7,63.55,0.393,0.039
36.32142649982576,9.469844495248298,2025-08-02,0,34.6,15.7,0.0,48.1,0.15,-0.075
35.677677350135646,8.868132185717949,2023-09-05,0,27.3,20.4,0.0,59.05,0.092,-0.102
36.8490806226024,8.930065534619294,2017-08-01,0,40.6,24.8,0.0,39.1,0.563,0.061
35.45827400115606,9.063246311941608,2023-06-01,0,18.8,12.2,3.3,71.8,0.078,-0.042
35.278392550792425,9.096331630283292,2025-05-06,0,24.0,14.4,3.8,64.0,0.149,-0.076
36.67339523138365,10.654955864657085,2023-08-24,0,37.4,15.5,0.0,43.900000000000006,0.319,0.004
36.33968,10.44972,2018-11-05,1,21.6,17.0,0.0,67.6,0.25,0.05
36.526255882357454,8.94472149991715,2017-07-05,0,39.1,18.7,0.0,41.35,0.152,-0.106
34.840405805805915,8.854198840696402,2018-10-10,0,25.1,17.4,1.8,62.35,0.131,-0.117
35.603467716647984,8.932614688128139,2018-08-23,0,26.0,15.6,0.0,61.0,0.298,-0.119
36.15808,9.81709,2021-08-11,1,43.8,14.1,0.0,34.30000000000001,0.219,-0.084
35.51056,11.02816,2025-10-26,1,37.2,29.8,0.0,44.2,0.122,-0.131
35.3101903879462,8.413338035158178,2022-10-12,0,25.6,11.9,1.2,61.6,0.138,-0.109
35.5297321167759,8.492650201490255,2023-10-02,0,26.5,11.2,0.0,60.25,0.061,-0.062
36.62681633714608,8.655902140623867,2019-10-10,0,24.2,18.2,0.0,63.7,0.426,-0.069
35.64296429251383,8.65358636975224,2017-09-16,0,35.5,22.9,0.1,46.75,0.106,-0.154
36.10363570310356,9.358432483912685,2016-06-13,0,29.3,20.6,0.0,56.05,0.128,-0.148
34.97381782504674,8.759735929869688,2024-09-18,0,24.4,13.0,11.2,63.400000000000006,0.069,-0.124
31.6503,9.17093,2024-02-15,1,19.1,14.9,0.0,71.35,0.075,-0.104
35.03323,9.8865,2025-07-17,1,35.4,20.5,0.0,46.900000000000006,0.125,-0.14
36.15815,10.28256,2018-08-19,1,32.3,14.3,6.8,51.55,0.16,-0.141
35.31999867807138,8.323817371684978,2022-06-13,0,30.1,14.5,0.0,54.85,0.174,-0.107
31.70516,9.2414,2022-05-15,1,32.8,13.0,0.0,50.8,0.064,-0.08
36.34676,8.42063,2021-07-26,1,40.2,18.4,0.0,39.7,0.475,0.026
34.93173341774509,8.572236918607212,2019-05-11,0,30.4,21.4,0.0,54.400000000000006,0.312,-0.007
35.917853385007234,9.427008722461602,2022-08-17,0,37.1,19.1,0.0,44.35,0.203,-0.049
31.48517,9.54185,2019-01-27,1,16.0,21.6,0.0,76.0,0.081,-0.093
36.62204,10.73839,2020-06-16,1,31.2,17.6,0.0,53.2,0.284,-0.092
36.47297,9.13268,2022-09-04,1,35.2,16.6,2.5,47.2,0.138,-0.08
36.844076072522085,10.71794604361309,2022-08-12,0,30.0,20.2,0.7,55.0,0.177,-0.044
34.901031854240784,8.851771481388448,2024-10-12,0,26.2,12.0,0.0,60.7,0.067,-0.12
36.44460737838333,8.314445813047083,2020-10-13,0,19.2,16.1,0.0,71.2,0.355,-0.179
36.21818857018872,9.09214268333019,2023-06-16,0,26.2,22.4,0.0,60.7,0.113,-0.146
37.05233619306964,9.276296774909326,2024-10-02,0,26.3,19.0,0.0,60.55,0.265,-0.057
37.14333,9.89286,2020-07-30,1,38.2,18.1,0.0,42.7,0.15,-0.169
36.51259593965413,10.675080560449947,2017-08-17,0,34.7,10.8,0.0,47.95,0.187,-0.134
36.5058465561816,9.975084653662252,2019-08-11,0,39.2,19.1,0.0,41.2,0.141,-0.11
36.75232,9.13871,2025-10-30,1,24.1,13.8,5.3,63.85,0.183,-0.094
36.95528,9.10612,2017-07-31,1,41.8,23.1,0.0,37.3,0.16,-0.115
37.06568761365404,9.125751209253426,2023-07-27,0,28.8,14.3,0.0,56.8,0.219,-0.073
36.05260955217436,9.628919725572455,2024-08-22,0,30.8,13.6,0.0,53.8,0.25,0.05
36.47913817163726,8.451711295774766,2025-10-21,0,27.3,11.9,0.0,59.05,0.128,-0.147
36.585530710516494,10.418238764413124,2018-06-03,0,27.8,20.7,0.0,58.3,0.47,0.059
36.4683917111566,10.012846097225925,2021-07-03,0,40.3,19.7,0.0,39.55,0.364,-0.007
36.16095,10.28369,2016-05-25,1,32.3,17.0,0.0,51.55,0.077,-0.1
36.66432,10.76704,2019-08-20,1,30.6,19.1,0.0,54.1,0.13,-0.136
37.209213457895984,9.76747599419156,2019-08-13,0,31.2,26.5,0.0,53.2,0.185,-0.18
36.078734993045074,9.509627780951186,2019-07-15,0,29.3,27.4,0.0,56.05,0.128,-0.244
35.91578684895558,9.29831896810792,2021-05-13,0,24.5,13.7,0.0,63.25,0.407,0.032
35.78809525244992,9.406076968599228,2022-06-02,0,36.3,16.0,8.6,45.55,0.227,-0.027
36.77765,10.19919,2018-11-12,1,22.4,15.3,0.1,66.4,0.167,-0.032
36.6784,9.92178,2020-07-26,1,39.4,22.4,0.0,40.900000000000006,0.057,-0.115
35.84943,8.59453,2023-04-13,1,25.7,24.9,0.0,61.45,0.038,-0.156
37.03041241301037,9.604579298824722,2024-08-10,0,38.0,15.4,0.0,43.0,0.111,-0.132
36.75545186587892,8.575696000783758,2016-05-15,0,20.4,18.0,0.0,69.4,0.25,0.05
36.92567462192827,10.847805568430864,2024-09-16,0,26.4,27.7,0.0,60.400000000000006,0.157,-0.183
36.56806844544688,10.64062080348904,2022-07-01,0,42.4,17.8,0.0,36.400000000000006,0.266,-0.015
37.2131575699048,9.516558338792606,2018-05-26,0,27.6,17.1,0.0,58.6,0.737,0.231
37.22349516446384,10.050571457562569,2017-05-14,0,23.3,16.8,0.0,65.05,0.299,-0.002
36.4133458887387,9.510948347791686,2020-10-17,0,22.6,10.3,0.0,66.1,0.299,-0.084
35.52088562007514,8.915169633834827,2024-08-14,0,37.2,15.7,0.3,44.2,0.118,-0.109
36.644006125726776,10.779444579224451,2021-10-23,0,25.9,12.5,17.0,61.150000000000006,0.173,-0.196
34.92111711466588,8.27212173242276,2022-05-06,0,19.5,31.7,0.0,70.75,0.115,-0.089
35.01269384896794,8.989912521674542,2017-08-07,0,39.6,14.2,0.0,40.6,0.123,-0.153
35.59177235690982,9.162313081096189,2022-05-17,0,32.0,15.7,0.1,52.0,0.132,-0.064
34.681759402181505,8.57579286689602,2019-05-19,0,23.4,24.8,0.0,64.9,0.116,-0.11
36.490703336335486,9.795396185924847,2023-09-01,0,32.7,19.1,0.0,50.95,0.075,-0.164
36.49891,10.02734,2020-06-21,1,31.2,27.8,0.0,53.2,0.1,-0.19
33.87234,9.99007,2024-03-30,1,33.5,32.2,0.0,49.75,0.061,-0.05
35.60061587806452,8.903319829830034,2023-10-02,0,25.9,15.2,0.0,61.150000000000006,0.105,-0.103
36.52479146766194,10.540424017007902,2020-06-07,0,28.2,25.7,0.3,57.7,0.294,-0.078
36.00061436298545,9.2817025571427,2022-08-03,0,33.0,16.9,0.0,50.5,0.045,-0.109
36.887697987992205,11.053917624503333,2016-05-06,0,19.7,22.5,0.0,70.45,0.509,0.078
33.87361,9.99179,2016-01-04,1,20.5,32.1,0.0,69.25,0.25,0.05
36.58636687395537,10.82190049531209,2020-06-09,0,25.8,16.9,0.3,61.3,0.22,-0.126
31.40624,9.85364,2017-02-26,1,17.3,30.9,0.3,74.05,0.074,-0.098
37.188812698814594,9.533703981988609,2024-09-21,0,30.1,16.1,0.0,54.85,0.294,0.051
36.71334,8.79867,2017-07-31,1,38.7,20.0,0.0,41.95,0.65,0.142
33.48101,11.10933,2020-04-23,1,20.5,30.2,1.7,69.25,0.25,0.05
36.66191391278563,9.011146253255568,2017-10-11,0,27.5,16.1,0.0,58.75,0.289,-0.161
34.98804466752562,9.086493750661568,2021-06-24,0,39.7,13.8,0.0,40.45,0.213,-0.059
35.592898812107,9.223206286116572,2023-05-24,0,17.7,15.8,4.7,73.45,0.106,-0.088
35.39955254408161,8.813327499968763,2017-05-16,0,23.9,14.2,0.0,64.15,0.336,-0.056
36.44108314999238,10.483828272748095,2017-07-22,0,33.7,13.1,0.0,49.45,0.143,-0.168
36.1689195639643,9.925980732009055,2024-05-25,0,29.3,10.7,0.0,56.05,0.188,-0.056
35.70229945522991,8.843571039492055,2022-08-23,0,29.9,23.1,0.0,55.150000000000006,0.091,-0.081
35.064753257822005,9.12834587756584,2022-07-20,0,36.4,21.1,0.0,45.400000000000006,0.09,-0.104
36.59034,10.31658,2021-10-12,1,24.5,14.3,0.0,63.25,0.077,-0.013
35.48318809791722,8.746131710758522,2019-09-09,0,24.1,12.5,4.3,63.85,0.158,-0.155
36.47099,8.89395,2025-08-09,1,37.5,17.6,0.0,43.75,0.17,-0.088
35.081375352592886,9.158037037211948,2023-06-08,0,30.6,15.2,0.0,54.1,0.25,0.05
36.02932146911592,9.218780824922732,2016-09-16,0,29.2,17.5,0.0,56.2,0.083,-0.194
36.49787340421769,9.9395328316309,2017-06-26,0,40.7,24.1,0.0,38.95,0.17,-0.172
35.548285968854344,8.692384927913956,2023-10-16,0,26.9,17.2,0.0,59.650000000000006,0.09,-0.115
35.38835471528997,8.391559103340027,2025-07-05,0,31.8,14.9,0.0,52.3,0.142,-0.136
36.35568994992715,9.8285975784953,2018-07-22,0,38.7,18.6,0.0,41.95,0.097,-0.172
35.878750907599866,9.162224517348411,2023-06-25,0,28.9,14.3,0.0,56.650000000000006,0.246,0.014
35.20573,11.10651,2020-07-04,1,31.9,31.9,0.0,52.150000000000006,0.095,-0.044
36.687524640481314,10.889072558319988,2024-10-10,0,30.6,20.1,0.0,54.1,0.193,-0.085
36.75119683336666,10.662527714810942,2016-06-18,0,25.8,19.7,0.0,61.3,0.25,0.05
36.20196694468818,9.098150646321404,2021-06-27,0,42.5,25.9,0.0,36.25,0.126,-0.196
36.28096637278643,9.41160229004906,2019-09-25,0,31.8,12.5,0.0,52.3,0.154,-0.157
36.410262000730086,9.551267985418116,2020-06-24,0,34.8,20.3,0.0,47.8,0.409,-0.015
35.476195339098645,8.765413165669818,2024-10-10,0,31.1,14.9,0.0,53.35,0.098,-0.106
37.27998,9.63162,2023-10-17,1,29.1,10.3,0.0,56.35,0.327,0.003
37.26459918009731,9.425357844983772,2021-05-19,0,21.7,20.4,0.0,67.45,0.564,0.1
36.0321122858377,9.235538341074742,2017-07-26,0,29.8,19.6,0.0,55.3,0.11,-0.136
36.56635998570688,10.583593137885302,2025-10-04,0,24.7,13.7,0.0,62.95,0.283,-0.01
36.49574104737248,8.819873092022604,2018-10-19,0,25.2,8.6,0.0,62.2,0.108,-0.203
32.29382,10.94695,2016-07-19,1,32.3,20.1,0.0,51.55,0.063,-0.103
35.08785762616693,9.080507836153744,2020-08-25,0,36.2,11.7,0.0,45.7,0.118,-0.155
31.40595,9.85464,2019-10-11,1,26.4,21.4,0.0,60.400000000000006,0.056,-0.093
35.83431260845291,9.494929142544615,2024-07-14,0,43.6,19.1,0.0,34.599999999999994,0.085,-0.139
31.65068,9.16873,2024-05-15,1,42.4,37.3,0.0,36.400000000000006,0.066,-0.102
31.64844,9.17147,2021-12-14,1,13.7,12.2,0.0,79.45,0.087,-0.133
32.29001,10.97416,2025-08-21,1,43.9,21.5,0.0,34.150000000000006,0.056,-0.097
35.274449297040086,8.468797769182233,2016-06-02,0,26.0,9.4,0.0,61.0,0.115,-0.173
31.00386,10.063,2023-11-04,1,24.6,13.8,0.0,63.1,0.059,-0.084
35.194188244922344,8.43624040808301,2019-09-09,0,25.3,20.6,8.7,62.05,0.106,-0.147
34.935495412622764,8.370154852768803,2024-10-15,0,28.8,15.2,0.0,56.8,0.075,-0.131
36.67012133939655,10.924416191151758,2022-09-17,0,31.2,20.0,2.7,53.2,0.111,-0.188
36.94208408329839,10.843973674897338,2017-10-20,0,21.3,16.2,15.1,68.05,0.363,-0.088
37.09441486152375,9.55978590119367,2023-10-24,0,28.3,21.0,0.0,57.55,0.168,-0.11
37.10246703146871,9.814761597641606,2025-10-14,0,29.8,14.0,0.0,55.3,0.06,-0.134
34.84069725593049,8.581333909311025,2018-07-27,0,37.2,20.4,0.0,44.2,0.089,-0.155
36.32774,8.44216,2021-07-26,1,41.4,18.5,0.0,37.900000000000006,0.443,-0.01
37.24636710661892,9.486854637672316,2016-10-02,0,26.8,10.1,0.5,59.8,0.25,0.05
36.627126971282266,10.666556135284669,2018-06-03,0,29.5,20.9,0.0,55.75,0.429,-0.014
36.204132100445406,9.922811029657652,2016-05-08,0,19.1,13.3,0.7,71.35,0.581,0.113
35.97800884285623,9.376054697201733,2016-10-25,0,31.2,8.9,0.0,53.2,0.153,-0.127
36.37994917904661,9.903135565556855,2024-07-19,0,39.3,19.7,0.0,41.05,0.123,-0.081
35.099321624588924,8.639041079088697,2023-06-16,0,25.5,23.9,0.0,61.75,0.13,-0.125
35.52206317484974,9.416756907571669,2023-08-12,0,34.2,13.8,0.0,48.7,0.124,-0.088
36.08750906713278,9.434259992010077,2023-08-22,0,32.5,18.6,0.0,51.25,0.073,-0.141
36.08351599768786,10.104885205601969,2017-09-01,0,38.3,19.1,0.0,42.55,0.128,-0.146
36.38304243157605,9.665246886014527,2021-06-06,0,35.0,19.4,0.6,47.5,0.162,-0.133
36.67138,9.58279,2024-06-17,1,40.1,20.9,0.0,39.85,0.105,-0.113
36.19838905024535,10.01972727185582,2024-06-17,0,35.2,16.8,0.0,47.2,0.106,-0.152
35.21573939964485,8.64821964208237,2024-07-03,0,30.7,15.0,0.0,53.95,0.1,-0.144
37.06351537767242,9.872498598984803,2022-08-24,0,31.4,19.2,0.0,52.900000000000006,0.084,-0.122
35.5757558894928,8.847566627146822,2023-05-05,0,27.6,13.0,0.0,58.6,0.072,-0.108
36.22411006267125,9.69191181737914,2024-09-18,0,27.9,13.8,1.3,58.150000000000006,0.217,-0.042
35.91668641692931,9.277568822474535,2017-05-24,0,27.2,15.7,0.0,59.2,0.123,-0.129
36.1270255935187,9.858042147295471,2021-10-27,0,19.5,17.3,0.1,70.75,0.074,-0.047
31.40466,9.85239,2018-08-25,1,35.1,28.2,0.0,47.35,0.08,-0.136
36.288272233237606,9.884471306040988,2024-09-07,0,39.5,24.0,0.0,40.75,0.111,-0.109
36.05556052326296,9.616536997004756,2017-08-16,0,33.4,12.6,0.0,49.900000000000006,0.475,0.036
33.87261,9.99115,2023-10-09,1,26.4,13.5,0.4,60.400000000000006,0.026,-0.124
31.4005,10.02038,2021-02-27,1,20.1,21.9,0.0,69.85,0.102,-0.089
34.948468409435065,8.303278962400245,2024-08-16,0,31.5,17.9,0.1,52.75,0.084,-0.116
35.97889500990006,9.32070005561907,2016-06-04,0,27.0,12.6,0.7,59.5,0.122,-0.097
35.06153797016432,9.044735200386524,2019-07-20,0,33.7,14.8,0.0,49.45,0.123,-0.131
37.12339476657214,9.598869127388465,2023-09-21,0,34.0,15.3,0.0,49.0,0.083,-0.159
36.36185895706174,9.509976293228195,2019-09-27,0,28.7,9.2,0.0,56.95,0.3,-0.073
35.061396303733915,9.128914698758958,2022-10-24,0,30.3,14.3,0.0,54.55,0.101,-0.096
35.6224983739031,8.859999706298323,2016-07-06,0,33.0,15.6,0.0,50.5,0.099,-0.159
34.36864,8.62064,2021-04-26,1,35.4,22.7,0.0,46.900000000000006,0.064,-0.072
33.52748,9.68537,2018-10-02,1,25.2,37.6,0.1,62.2,0.09,-0.08
35.288909192152886,8.921775488961769,2019-08-11,0,36.9,12.1,0.0,44.650000000000006,0.132,-0.152
35.73369190271721,9.036131528418808,2020-07-11,0,35.0,13.1,0.1,47.5,0.262,-0.067
36.88912494732587,9.381592001563607,2024-08-10,0,36.8,13.5,0.0,44.8,0.107,-0.115
36.02135298056204,9.515322253155048,2022-10-27,0,27.4,9.3,0.0,58.900000000000006,0.1,-0.175
36.94137,8.70205,2023-07-24,1,45.8,22.5,0.0,31.30000000000001,0.238,0.045
36.55108076051415,10.54482664214408,2019-08-11,0,35.8,9.4,0.0,46.3,0.388,-0.038
36.71829092583471,10.507177806166997,2021-07-07,0,36.7,21.6,0.0,44.95,0.273,-0.09
35.913949013122256,9.418473288002048,2025-09-02,0,27.9,18.5,4.2,58.150000000000006,0.252,-0.018
36.50635930566813,10.22233526529883,2016-06-24,0,31.3,18.8,0.0,53.05,0.132,-0.157
36.46275605053666,8.912101091949417,2025-09-03,0,32.2,15.5,0.0,51.7,0.149,-0.119
36.47025303151298,10.485700024325553,2019-06-15,0,31.6,16.6,0.0,52.6,0.225,-0.135
31.36924,9.96388,2018-11-27,1,17.5,22.4,0.0,73.75,0.099,-0.088
31.39772,10.02291,2022-01-25,1,13.9,27.3,0.0,79.15,0.087,-0.074
34.78458909309833,8.500503046876194,2017-05-08,0,26.7,24.9,0.0,59.95,0.127,-0.122
35.848481588189664,9.188561800479285,2025-10-08,0,22.5,10.4,0.0,66.25,0.088,-0.118
35.77409,9.89137,2017-05-20,1,30.7,20.0,0.0,53.95,0.082,-0.127
36.47997284704902,9.9351262506289,2023-09-09,0,32.7,18.8,0.0,50.95,0.095,-0.195
36.53937088801823,10.088977252257012,2016-05-23,0,28.7,18.6,0.0,56.95,0.106,-0.156
36.9747607888124,9.72475817545848,2024-07-27,0,38.3,24.4,0.0,42.55,0.095,-0.108
35.03512838455496,8.82128844768829,2024-08-25,0,36.0,15.4,0.0,46.0,0.075,-0.138
36.79568180106587,9.437553135930685,2023-08-05,0,26.1,32.3,0.5,60.85,0.096,-0.153
32.2892,10.97537,2018-12-11,1,18.6,11.9,0.0,72.1,0.102,-0.097
31.47896,9.67422,2018-07-03,1,43.7,24.9,0.0,34.44999999999999,0.094,-0.103
34.85085609361698,9.010784220124934,2023-10-12,0,27.6,9.7,0.0,58.6,0.075,-0.11
36.98379130633312,9.290178986753858,2021-09-27,0,25.5,20.1,0.8,61.75,0.165,-0.125
36.83495,9.14712,2021-10-03,1,31.4,17.8,0.0,52.900000000000006,0.228,-0.134
36.90101966538212,9.449977761119152,2019-09-08,0,29.5,14.9,1.3,55.75,0.25,-0.147
36.7864440701671,10.686944683396522,2022-09-18,0,27.4,18.7,0.0,58.900000000000006,0.132,-0.159
35.07147055198655,8.372001031872943,2025-08-07,0,32.9,17.8,0.0,50.650000000000006,0.127,-0.078
34.60401,10.58773,2016-04-15,1,22.9,17.9,0.0,65.65,0.25,0.05
35.16719851289806,9.048918763934132,2024-07-23,0,33.7,19.6,0.0,49.45,0.089,-0.109
31.70091,9.24327,2016-02-15,1,20.2,23.0,0.0,69.7,0.25,0.05
36.526863716476726,8.700718733015869,2020-05-15,0,25.5,19.8,0.0,61.75,0.622,0.152
36.20636727064559,9.22710927685767,2019-05-12,0,20.3,34.9,0.1,69.55,0.489,0.121
36.79251476105779,10.692397526341708,2021-05-14,0,25.3,21.3,0.1,62.05,0.5,0.051
36.21831675240142,9.260885447679165,2020-10-05,0,24.3,10.5,0.2,63.55,0.091,-0.188
34.93274351176653,8.437690426047446,2021-06-21,0,39.7,31.8,0.0,40.45,0.119,-0.152
36.21073884397989,9.783878822338512,2022-08-09,0,33.4,15.3,0.0,49.900000000000006,0.109,-0.184
35.61456576400752,9.085356476831178,2020-07-11,0,34.6,14.0,0.0,48.1,0.117,-0.107
36.55835506220377,10.561202285621098,2023-10-11,0,31.1,10.5,0.0,53.35,0.108,0.015
35.832969725475245,9.333428754585665,2017-10-13,0,22.0,10.5,0.0,67.0,0.385,-0.048
36.21442219056549,9.7040710265581,2021-05-10,0,27.9,25.4,0.0,58.150000000000006,0.165,-0.006
36.23556762019293,9.854657243734083,2016-10-12,0,24.3,14.8,0.0,63.55,0.179,-0.127
36.0980815054068,10.01089652996115,2019-09-20,0,30.4,18.2,0.0,54.400000000000006,0.259,-0.118
36.0885617116038,9.839988298431544,2021-05-06,0,19.1,10.7,9.5,71.35,0.333,-0.083
35.5814267192519,8.521557661790332,2021-09-20,0,26.1,14.4,1.6,60.85,0.083,-0.152
37.1874441425979,9.423611672066162,2017-10-27,0,21.4,29.1,0.0,67.9,0.715,0.258
35.6923099405593,8.787133207925702,2021-08-24,0,35.9,20.4,0.0,46.150000000000006,0.093,-0.158
35.3502,8.90352,2017-06-30,1,37.1,24.8,0.0,44.35,0.44,-0.001
35.91893,9.54642,2021-08-11,1,39.9,15.5,0.0,40.150000000000006,0.133,-0.204
35.50748924390822,8.749514015919026,2018-07-15,0,38.1,17.7,0.0,42.85,0.119,-0.171
35.38826875317535,8.535110515855715,2025-06-09,0,35.5,19.1,0.0,46.75,0.199,-0.043
36.12454278452911,9.35639157898026,2022-07-04,0,40.7,19.6,0.0,38.95,0.066,-0.09
36.92107357940779,9.7638772276694,2021-10-12,0,23.6,18.6,0.0,64.6,0.2,-0.049
37.10104171862657,9.514073448991272,2023-05-26,0,23.2,16.3,0.1,65.2,0.25,0.05
31.64927,9.17201,2018-11-22,1,23.6,17.7,0.0,64.6,0.097,-0.117
36.43596483432053,10.450351540016204,2020-08-08,0,32.8,18.7,0.0,50.8,0.12,-0.184
35.12358,8.90779,2017-08-05,1,38.0,15.1,0.0,43.0,0.323,-0.072
35.261569251848385,8.985262070256782,2024-10-06,0,27.9,10.2,0.0,58.150000000000006,0.143,-0.083
36.513755566033126,10.506504776115865,2023-09-12,0,31.3,14.0,0.0,53.05,0.274,-0.02
36.19816560546288,9.237197761798884,2019-09-04,0,27.2,18.0,0.0,59.2,0.148,-0.205
36.889851507699504,10.938286627565242,2023-10-03,0,28.4,8.3,0.0,57.400000000000006,0.077,-0.193
36.63773331116121,10.853258384586168,2024-07-10,0,33.3,14.1,0.0,50.05,0.199,-0.066
36.41414611034978,9.59314734068955,2023-10-21,0,24.5,13.7,1.9,63.25,0.16,-0.059
36.35157344579163,9.934037890273045,2018-09-26,0,23.8,26.6,2.1,64.3,0.1,-0.11
36.17354804266159,9.17647769011096,2019-08-03,0,38.4,15.1,0.0,42.400000000000006,0.16,-0.13
36.65181,9.58893,2023-04-26,1,28.9,17.1,0.0,56.650000000000006,0.143,-0.078
36.52803766043797,8.262419519933703,2020-05-08,0,27.8,19.3,0.0,58.3,0.726,0.203
37.178591602374695,9.782157562218789,2019-07-02,0,35.6,21.5,0.0,46.6,0.234,-0.033
36.59096,10.31904,2023-03-26,1,29.4,13.9,0.0,55.900000000000006,0.052,-0.135
35.06235,8.89755,2017-09-17,1,30.4,16.2,0.0,54.400000000000006,0.186,-0.16
34.71804908858958,8.671542662609017,2020-10-12,0,21.0,29.2,1.4,68.5,0.129,-0.099
36.61256313653775,8.588032790600003,2021-05-18,0,23.4,13.9,0.0,64.9,0.725,0.277
35.450960333767874,9.009490080198317,2016-10-14,0,26.5,19.8,0.0,60.25,0.216,-0.134
36.57411,9.61133,2022-06-27,1,45.6,23.7,0.0,31.599999999999994,0.123,-0.105
36.23678525154055,9.13053792901986,2024-10-24,0,25.4,18.6,0.0,61.900000000000006,0.106,-0.149
37.05099,9.59177,2016-10-17,1,26.1,13.2,0.0,60.85,0.194,-0.223
33.87449,9.99107,2022-06-19,1,31.9,27.4,0.0,52.150000000000006,0.037,-0.144
35.01939658694784,9.086012018905391,2016-06-02,0,28.5,13.4,0.0,57.25,0.116,-0.133
37.17775528905778,9.15622397959786,2017-09-04,0,30.0,21.1,0.0,55.0,0.454,-0.038
36.75891,10.5818,2019-06-06,1,29.0,13.4,0.4,56.5,0.472,0.009
36.44592810619739,10.30500825488794,2017-09-04,0,29.4,16.0,0.0,55.900000000000006,0.212,-0.102
35.11738726758842,9.2426014129662,2021-06-26,0,40.0,17.8,0.0,40.0,0.186,-0.067
36.137831265456086,9.282320786921032,2024-06-01,0,31.6,18.9,0.1,52.6,0.101,-0.086
36.32008757356356,9.54644639447095,2025-07-02,0,38.6,23.1,0.0,42.1,0.105,-0.12
34.79136,10.32806,2020-10-23,1,27.2,16.7,0.0,59.2,0.132,-0.124
36.04024563539399,9.494701223286675,2022-10-06,0,25.1,10.6,0.4,62.35,0.101,-0.147
30.98881,9.9708,2024-05-13,1,33.7,25.9,0.0,49.45,0.071,-0.09
31.40151,9.8557,2018-11-08,1,23.4,15.1,0.0,64.9,0.085,-0.118
35.449049503794924,8.796672586326434,2017-07-06,0,33.0,14.8,0.0,50.5,0.021,-0.004
33.87341,9.99111,2021-07-18,1,35.7,25.5,0.0,46.45,0.044,-0.135
36.36415,8.37464,2020-08-03,1,38.4,20.4,0.1,42.400000000000006,0.419,-0.024
35.105703240863065,8.683441159650718,2017-06-19,0,27.8,17.3,0.9,58.3,0.162,-0.142
36.449472030288405,9.476483926077478,2023-08-12,0,36.0,16.6,0.0,46.0,0.051,-0.136
35.38505808804605,8.516786939633779,2018-07-01,0,41.2,23.6,0.0,38.2,0.121,-0.133
36.50449463333019,10.799426218069357,2023-08-14,0,29.4,14.8,0.0,55.900000000000006,0.223,-0.052
33.53194,9.68423,2024-10-06,1,27.7,19.1,0.0,58.45,0.054,-0.1
35.55278258189642,9.33192093332022,2021-10-11,0,22.0,15.9,0.0,67.0,0.082,-0.173
36.768221501559495,8.558517733964885,2019-06-07,0,37.4,28.8,0.0,43.900000000000006,0.396,-0.019
35.28045190954383,8.52143488397917,2019-05-20,0,22.7,14.3,0.0,65.95,0.17,-0.089
35.01731823719215,9.098619562801131,2017-08-15,0,36.0,12.0,0.0,46.0,0.092,-0.151
36.59011,10.31647,2021-07-15,1,31.0,13.9,0.0,53.5,0.076,-0.176
36.73577,9.44313,2020-08-26,1,35.4,13.0,0.0,46.900000000000006,0.167,-0.149
31.64895,9.17021,2023-08-25,1,37.0,24.5,0.0,44.5,0.065,-0.126
36.7997,9.37058,2017-09-19,1,23.6,24.9,0.1,64.6,0.136,-0.03
34.81813,10.71068,2025-10-02,1,26.9,24.1,0.0,59.650000000000006,0.094,-0.1
35.17404357820846,8.679923834495561,2017-10-12,0,23.5,12.0,0.0,64.75,0.072,-0.016
35.530228177130205,8.628322018174568,2024-09-18,0,26.6,16.0,0.8,60.1,0.112,-0.103
36.73056387303388,10.61472451318227,2016-09-26,0,23.8,14.6,2.8,64.3,0.281,-0.161
37.1323331632176,9.989253824956233,2018-08-23,0,27.9,17.8,5.9,58.150000000000006,0.267,-0.126
35.263816449783235,8.614194157432493,2019-06-16,0,33.7,12.3,0.0,49.45,0.186,-0.099
31.48463,9.54031,2018-10-26,1,25.3,18.5,0.0,62.05,0.076,-0.107
35.67868300569313,8.711628175277806,2025-10-08,0,24.3,7.7,0.0,63.55,0.072,-0.149
34.9742358635853,8.814587253495295,2022-08-26,0,32.8,26.4,0.0,50.8,0.067,-0.125
35.242085023038,9.182092495704904,2019-09-20,0,34.0,15.1,0.6,49.0,0.106,-0.152
35.69981512351098,8.737469552520619,2016-05-17,0,25.5,10.3,0.0,61.75,0.204,-0.072
34.35562,8.73384,2023-01-03,1,17.6,12.9,0.0,73.6,0.183,0.005
36.7717287477888,8.798338433554042,2020-07-02,0,32.8,15.0,0.0,50.8,0.711,0.238
35.59381517943144,9.0047182088795,2018-05-09,0,19.9,13.2,0.4,70.15,0.212,-0.12
36.73369182969783,8.860219161829212,2024-06-19,0,36.6,14.4,0.0,45.1,0.523,0.202
35.36626832744863,9.087001072306297,2021-05-13,0,27.9,19.4,0.0,58.150000000000006,0.148,-0.104
36.55474421946276,8.715769272959886,2021-10-22,0,29.4,21.4,0.0,55.900000000000006,0.25,0.05
35.432114394241545,8.78200018704371,2022-09-19,0,33.4,22.8,1.0,49.900000000000006,0.121,-0.132
34.93322947113925,8.408666610071249,2021-06-09,0,30.5,26.0,0.0,54.25,0.108,-0.151
35.48053487697515,9.144135370478764,2019-08-25,0,32.2,8.8,0.0,51.7,0.123,-0.128
34.94632855821559,8.438875435537408,2025-10-13,0,24.2,11.7,0.0,63.7,0.119,-0.075
31.70443,9.24565,2020-03-09,1,18.2,18.8,0.0,72.7,0.085,-0.093
36.81952,9.88082,2022-07-16,1,36.4,19.3,0.0,45.400000000000006,0.151,-0.07
36.30303,8.36631,2024-03-26,1,19.0,18.2,2.4,71.5,0.355,0.099
35.25937598097181,8.649485447241398,2016-09-22,0,28.9,7.1,0.0,56.650000000000006,0.116,-0.19
36.64945804825941,10.873718860269204,2016-07-09,0,30.3,12.3,0.0,54.55,0.25,0.05
37.05225,9.16022,2017-08-01,1,41.1,22.8,0.0,38.35,0.7,0.198
36.31661,8.55086,2020-08-02,1,39.2,15.5,0.0,41.2,0.462,-0.037
35.3514412992053,8.805373898720187,2021-08-14,0,36.3,14.1,0.0,45.55,0.143,-0.194
36.51709144818357,8.39774989885953,2025-08-05,0,30.0,11.7,0.0,55.0,0.173,-0.1
36.5894272165726,8.903231158639906,2016-07-22,0,41.9,14.8,0.0,37.150000000000006,0.192,-0.122
35.423177429883175,8.48845561841037,2019-10-14,0,27.2,11.2,0.0,59.2,0.251,-0.127
36.73434,10.54641,2022-07-19,1,37.4,20.7,0.0,43.900000000000006,0.306,0.019
36.56943379004885,9.918389543922007,2025-06-14,0,34.9,18.4,0.0,47.650000000000006,0.127,-0.135
36.65179779510516,10.894789961038036,2022-10-07,0,25.1,14.8,0.4,62.35,0.125,-0.189
35.38574512998831,8.692628373834369,2025-10-08,0,23.6,8.2,0.0,64.6,0.089,-0.131
36.37077,9.65197,2017-09-27,1,26.9,12.4,1.0,59.650000000000006,0.152,-0.106
36.80406,9.91116,2025-11-15,1,27.6,11.6,0.0,58.6,0.17,-0.098
31.64742,9.17037,2024-05-20,1,39.3,42.2,0.0,41.05,0.089,-0.094
36.223587772609584,9.382688247548524,2023-05-24,0,23.5,15.7,2.2,64.75,0.25,0.05
31.01533,10.07253,2017-01-17,1,13.0,38.6,0.0,80.5,0.075,-0.093
35.93225685064216,9.2420045900449,2016-05-12,0,21.9,18.8,0.9,67.15,0.25,0.05
34.842077903180915,8.883647384693358,2024-06-07,0,36.2,28.7,0.0,45.7,0.08,-0.098
35.428181114854524,9.13751762798366,2024-08-24,0,34.5,10.1,0.0,48.25,0.266,0.024
36.21520886123011,10.315927669118462,2023-05-09,0,21.0,15.4,1.9,68.5,0.25,0.05
36.5350262455419,8.403546211417531,2021-10-03,0,31.6,14.3,0.0,52.6,0.319,0.012
36.28625706570145,9.812539831698622,2016-10-27,0,25.6,24.4,0.0,61.6,0.204,-0.139
36.43932043648863,10.561842350889638,2020-08-21,0,30.8,16.5,0.0,53.8,0.222,-0.118
36.59359506287528,8.492396386611134,2021-05-02,0,20.7,9.7,0.2,68.95,0.621,0.216
35.50358797411973,9.399155474195531,2018-08-03,0,36.5,18.5,0.1,45.25,0.091,-0.185
35.7737,9.88882,2018-12-25,1,17.9,24.3,0.0,73.15,0.15,-0.161
31.40014,10.02154,2019-09-05,1,33.7,26.7,0.0,49.45,0.07,-0.129
36.89679575184535,9.373766719313704,2018-07-14,0,31.3,25.7,0.0,53.05,0.208,-0.121
37.13292031090823,9.806113374953169,2018-07-22,0,32.6,17.9,0.0,51.1,0.153,-0.131
36.13821474910446,9.836564011706727,2023-05-24,0,22.3,15.9,0.5,66.55,0.079,-0.102
34.9372,8.53204,2016-02-01,1,17.1,12.1,0.0,74.35,0.061,0.02
36.59185,10.31975,2025-09-08,1,35.5,9.7,0.0,46.75,0.054,-0.128
36.76508517098698,10.548734761615265,2017-05-15,0,24.1,14.7,0.0,63.85,0.309,-0.086
36.69463988438969,10.60127461426169,2021-05-04,0,24.0,19.0,0.0,64.0,0.624,0.145
36.21058418491612,9.605207078204652,2024-07-16,0,39.2,14.2,0.0,41.2,0.122,-0.07
35.01789065923043,8.410505057932838,2019-05-24,0,23.8,21.1,3.6,64.3,0.221,-0.086
31.39943,10.02286,2018-08-10,1,38.9,29.1,0.0,41.650000000000006,0.073,-0.113
35.602806382842104,8.434105158474104,2018-09-16,0,30.3,15.6,0.0,54.55,0.219,-0.116
37.23997421612789,10.00945370438981,2025-09-14,0,32.0,13.0,0.0,52.0,0.35,0.119
36.89863373464956,8.97122216176583,2025-06-10,0,28.6,11.8,0.0,57.1,0.416,0.106
36.395747987065626,9.653598011713528,2020-10-17,0,22.4,11.5,0.0,66.4,0.233,-0.043
36.49920031858922,8.591566180560964,2022-06-06,0,38.7,13.6,0.1,41.95,0.167,-0.069
35.53308918394258,9.144704472343754,2017-08-14,0,36.6,10.5,0.0,45.1,0.107,-0.184
34.93637,8.52933,2019-07-23,1,32.3,15.7,0.0,51.55,0.071,-0.007
35.7228233933979,9.21440399602007,2023-09-05,0,25.8,18.4,0.0,61.3,0.065,-0.154
35.122787142329386,9.008360295141124,2023-10-09,0,25.7,10.4,0.0,61.45,0.087,-0.126
36.51381435303135,9.838225492354916,2021-07-09,0,37.7,23.8,0.0,43.45,0.162,-0.151
36.77637,10.20027,2016-04-23,1,22.0,17.4,0.3,67.0,0.101,-0.013
36.29268623947342,9.917891986875665,2019-07-03,0,36.1,20.5,0.0,45.85,0.202,-0.164
31.40111,10.02403,2019-07-16,1,38.2,30.4,0.0,42.7,0.089,-0.127
37.13470766724514,9.126627360457933,2018-05-23,0,20.8,16.6,0.0,68.8,0.759,0.281
35.137211227439664,9.184690429091392,2024-10-20,0,22.5,17.0,0.0,66.25,0.084,-0.104
34.75046268496001,8.621490618270107,2016-07-16,0,30.6,16.6,0.0,54.1,0.25,0.05
35.0624267076226,8.571720083318443,2023-10-06,0,27.5,15.4,0.0,58.75,0.109,-0.075
36.5693413200635,10.743098102354711,2016-06-14,0,28.2,20.7,0.0,57.7,0.25,0.05
36.817887929190576,10.759641923665043,2023-10-06,0,24.3,15.6,0.1,63.55,0.094,0.027
31.64731,9.17024,2023-03-20,1,29.4,44.3,0.1,55.900000000000006,0.076,-0.094
36.06304768758317,9.667179945222806,2016-05-26,0,38.1,14.1,0.0,42.85,0.332,-0.011
36.07572393877294,9.544400363733024,2021-06-24,0,35.8,10.7,0.0,46.3,0.124,-0.183
36.49977,10.02738,2025-08-12,1,36.2,17.3,0.0,45.7,0.045,-0.146
35.12160286116449,8.77748952578139,2023-06-11,0,30.0,12.5,0.1,55.0,0.25,0.05
31.39908,10.02161,2018-09-05,1,38.0,23.9,0.0,43.0,0.067,-0.113
36.45335540400197,10.360626755471902,2019-10-17,0,24.3,12.1,0.0,63.55,0.316,-0.082
36.77689,10.20034,2018-11-05,1,22.1,15.5,0.0,66.85,0.158,-0.033
36.05020523890885,9.501072998846224,2021-08-10,0,42.7,15.9,0.0,35.94999999999999,0.097,-0.183
35.37327658892618,8.772690215877212,2019-06-27,0,32.0,13.6,0.0,52.0,0.201,-0.129
35.20315139626227,8.924057863874829,2016-05-02,0,16.6,28.3,1.0,75.1,0.161,-0.075
33.87387,9.99186,2019-05-02,1,25.7,28.2,0.0,61.45,0.056,-0.11
37.09101477244592,9.490543925414215,2017-06-07,0,24.9,21.7,0.0,62.650000000000006,0.388,0.012
31.70415,9.24461,2022-06-09,1,43.2,34.6,0.0,35.19999999999999,0.069,-0.079
31.00226,10.0621,2025-10-11,1,30.1,30.4,0.0,54.85,0.046,-0.135
36.317327115540046,10.327187690278906,2022-10-05,0,28.0,14.5,0.0,58.0,0.047,-0.132
36.63201399023053,10.413090485233116,2016-05-06,0,22.2,21.4,0.0,66.7,0.438,0.021
34.98177709350094,8.462634615679352,2021-08-21,0,35.5,21.2,0.0,46.75,0.109,-0.168
36.24449898114616,9.767837266814237,2025-07-03,0,37.2,13.8,0.1,44.2,0.142,-0.106
35.25071824427749,9.048234683434243,2019-07-26,0,39.5,24.7,0.0,40.75,0.389,-0.005
31.39935,10.02436,2017-01-10,1,9.8,14.5,0.0,85.3,0.067,-0.096
36.49938500714629,10.50162305366489,2022-05-11,0,20.0,14.4,0.2,70.0,0.25,0.05
31.70086,9.24102,2016-09-05,1,34.6,14.3,0.0,48.1,0.054,-0.128
36.78974093724544,10.575355024249124,2023-10-02,0,25.4,13.0,0.0,61.900000000000006,0.209,0.092
35.39669350348304,9.134444823786664,2020-07-19,0,30.3,14.0,0.0,54.55,0.122,-0.162
36.5019,10.02622,2023-09-06,1,30.3,22.4,0.8,54.55,0.049,-0.125
36.95166,9.44344,2020-08-13,1,40.6,18.4,0.0,39.1,0.47,0.007
36.03672148434301,9.355503249396316,2018-08-17,0,31.5,15.6,2.0,52.75,0.034,-0.131
34.88752431325526,8.311952400824255,2021-05-04,0,24.0,18.5,0.0,64.0,0.117,-0.158
35.75853015842402,9.360809492143716,2018-08-19,0,28.4,12.4,2.6,57.400000000000006,0.194,-0.14
36.63784125195944,10.88826194158051,2021-05-26,0,25.6,14.6,0.0,61.6,0.362,-0.006
36.558562948044745,8.925612913389378,2017-10-06,0,26.2,23.7,0.0,60.7,0.126,-0.183
37.10251575408692,9.657651339631691,2021-05-03,0,21.5,17.3,14.3,67.75,0.328,0.178
36.759198034885294,10.841373310653054,2019-08-16,0,30.6,19.6,0.0,54.1,0.183,-0.135
35.346071950606586,8.646381234877925,2023-10-18,0,30.6,15.3,0.0,54.1,0.156,-0.053
36.115411737052746,9.173694981208056,2025-09-05,0,32.8,13.9,0.0,50.8,0.126,-0.112
37.21937,9.93701,2018-12-26,1,15.6,13.4,0.1,76.6,-0.001,-0.163
34.76293897199499,8.406147177186984,2025-07-01,0,33.9,16.6,0.0,49.150000000000006,0.068,-0.126
35.446836354560965,8.915755266669342,2019-07-09,0,37.7,19.9,0.0,43.45,0.167,-0.124
36.67715,9.92131,2024-09-07,1,40.2,25.6,0.0,39.7,0.062,-0.108
34.75141913195141,8.62134842256879,2022-10-20,0,25.5,14.5,0.0,61.75,0.095,-0.092
35.0294605755512,9.091244985311397,2024-10-12,0,26.9,10.3,0.0,59.650000000000006,0.076,-0.12
35.98315609888533,9.219474398029709,2017-09-27,0,21.4,9.0,0.6,67.9,0.095,-0.175
35.15523304890616,8.560029874568977,2020-09-20,0,29.2,13.4,1.4,56.2,0.005,0.071
35.28076,8.7847,2021-07-18,1,27.8,18.5,0.0,58.3,0.178,-0.162
36.50142,10.02778,2022-11-03,1,29.4,17.5,0.0,55.900000000000006,0.071,-0.118
34.84795075358267,8.448192496981264,2020-07-13,0,34.0,23.6,0.1,49.0,0.11,-0.163
35.8606,10.43194,2019-07-22,1,33.5,14.5,0.0,49.75,0.205,-0.15
37.05059480292099,9.73494794638433,2022-05-04,0,29.2,27.9,0.0,56.2,0.588,0.329
36.87009334296772,8.838623572048458,2018-09-10,0,29.5,19.7,0.4,55.75,0.35,-0.139
36.69368715702277,8.790400213840714,2021-08-03,0,39.4,19.5,0.0,40.900000000000006,0.365,-0.022
36.57474876238111,10.535868220665192,2017-10-15,0,24.9,9.7,0.0,62.650000000000006,0.247,-0.206
35.48088284493856,8.475602250040643,2016-08-23,0,27.9,15.0,0.0,58.150000000000006,0.074,-0.163
35.39154775702834,8.590949331473544,2017-05-05,0,29.5,13.3,0.0,55.75,0.198,-0.081
36.16172229429737,10.15121956552431,2019-09-14,0,29.4,15.6,0.0,55.900000000000006,0.166,-0.158
35.34617352190775,9.061120600543878,2018-05-15,0,23.5,15.5,0.0,64.75,0.161,-0.093
33.8749,9.99076,2018-01-12,1,15.2,42.9,0.0,77.2,0.12,-0.123
36.42827092311028,9.662203822094762,2020-09-05,0,26.0,10.0,18.4,61.0,0.145,-0.15
34.93830984782663,8.609182784158484,2018-05-20,0,24.0,14.9,1.0,64.0,0.131,-0.115
36.75315048402147,8.633429511941939,2016-07-03,0,25.6,11.2,0.0,61.6,0.25,0.05
35.85159410818256,9.31719459827406,2025-10-12,0,22.5,12.0,6.9,66.25,0.255,-0.018
35.57086941201032,9.296455540855142,2024-10-24,0,21.9,15.7,1.8,67.15,0.079,-0.124
35.53794425602522,9.304633411274713,2020-07-12,0,35.0,15.6,0.0,47.5,0.121,-0.172
36.29956,9.17178,2021-09-13,1,31.3,11.9,0.0,53.05,0.159,-0.222
36.54103993378209,9.852702777378973,2018-09-04,0,35.4,17.9,0.4,46.900000000000006,0.149,-0.239
31.56353,9.40791,2016-02-09,1,16.7,18.7,0.0,74.95,0.25,0.05
35.52695286063882,9.13099941043074,2021-09-07,0,29.3,11.5,0.0,56.05,0.149,-0.082
35.1895,8.61941,2021-06-22,1,37.8,23.4,0.0,43.3,0.203,-0.128
36.41234229551,8.957522333212838,2019-10-23,0,31.5,32.8,0.6,52.75,0.221,-0.166
36.50071,10.02701,2019-09-26,1,28.6,19.5,0.1,57.1,0.066,-0.147
36.34961,8.44151,2021-07-26,1,41.5,18.5,0.0,37.75,0.435,-0.006
31.39896,10.02537,2019-05-02,1,29.6,25.9,0.0,55.6,0.077,-0.105
37.1818,9.27225,2017-08-03,1,41.6,17.9,0.0,37.6,0.566,0.087
36.65930948927264,8.879250011408315,2023-09-18,0,33.3,18.0,0.0,50.05,0.156,-0.136
37.21740379788854,9.747483313333698,2021-05-27,0,24.7,15.2,0.0,62.95,0.415,0.043
35.6341198388817,8.56709858595704,2022-10-16,0,29.4,13.5,0.0,55.900000000000006,0.109,-0.111
35.82443836817159,9.341465212776708,2016-10-12,0,22.8,12.1,0.0,65.8,0.336,-0.086
37.01051094468508,9.724637306514571,2023-10-11,0,32.4,13.9,0.0,51.400000000000006,0.082,-0.148
37.26780557411134,9.85402734222876,2020-09-05,0,28.0,15.8,0.4,58.0,0.199,-0.048
31.70384,9.24504,2021-07-09,1,39.9,26.4,0.0,40.150000000000006,0.068,-0.123
31.40043,9.85552,2018-11-07,1,22.7,13.0,0.0,65.95,0.083,-0.113
36.13925966901692,9.639948093242236,2024-05-21,0,25.8,20.2,0.0,61.3,0.177,-0.057
33.87265,9.99231,2016-04-26,1,24.8,22.2,0.0,62.8,0.044,-0.141
33.53065,9.68292,2022-10-08,1,28.7,21.1,0.0,56.95,0.068,-0.095
36.50182,10.02544,2022-04-11,1,20.9,24.4,0.0,68.65,0.085,-0.085
35.63042670057869,8.929297829990094,2019-09-23,0,32.9,17.7,0.0,50.650000000000006,0.446,0.038
35.12053532900658,8.709144496916698,2023-08-23,0,31.8,13.8,0.0,52.3,0.108,-0.097
36.85736733718736,11.047709010383867,2022-07-09,0,30.0,24.4,0.2,55.0,0.096,-0.072
33.873,9.99068,2021-03-12,1,19.3,16.3,0.0,71.05,0.066,-0.134
35.14114401991844,8.90259626555579,2021-07-18,0,30.4,20.9,0.0,54.400000000000006,0.195,-0.166
36.23544920957964,9.58567241871416,2020-07-04,0,28.0,25.0,0.0,58.0,0.123,-0.117
36.764141191012335,9.434992364263405,2016-05-16,0,23.6,12.1,0.0,64.6,0.25,0.05
35.074731951332744,8.945863006891019,2025-07-09,0,34.6,17.2,0.0,48.1,0.077,-0.152
34.759198468731995,8.738186375516623,2023-07-09,0,43.6,38.2,0.0,34.599999999999994,0.071,-0.111
37.20179823264661,9.473812061879231,2022-08-25,0,28.1,12.6,0.0,57.85,0.357,0.122
37.21088223821796,9.745997849869289,2016-05-19,0,23.2,20.0,0.0,65.2,0.335,-0.014
33.53102,9.68393,2022-10-18,1,27.0,18.6,0.0,59.5,0.063,-0.113
36.8817480103048,8.937828546263907,2024-08-26,0,31.1,13.0,0.0,53.35,0.546,0.245
37.232,9.63811,2017-07-26,1,28.5,26.9,0.0,57.25,0.142,-0.137
31.40519,9.85471,2018-11-09,1,24.1,15.5,0.0,63.85,0.069,-0.131
36.234504744104925,10.0883249814665,2021-08-26,0,33.9,15.2,0.2,49.150000000000006,0.189,-0.086
35.900580846931064,9.384030418761675,2023-07-25,0,41.4,20.2,0.0,37.900000000000006,0.271,-0.017
36.511814292916974,8.43841010416201,2020-09-20,0,30.7,13.0,0.6,53.95,0.249,-0.212
36.67491129582165,8.967775602008556,2021-06-21,0,41.3,24.8,0.0,38.05,0.219,-0.098
34.81666347121433,8.530630282663466,2021-07-17,0,33.3,25.6,0.0,50.05,0.103,-0.127
36.8320683483327,8.907312594913591,2022-09-05,0,35.4,15.0,0.0,46.900000000000006,0.486,0.201
35.117416250765324,8.895590301469074,2024-05-16,0,31.3,23.8,0.0,53.05,0.124,-0.107
34.93798,8.53027,2017-11-17,1,15.6,21.9,0.1,76.6,0.076,-0.023
37.14065178530844,9.346075992747624,2019-06-21,0,39.4,15.5,0.0,40.900000000000006,0.279,-0.148
37.08343017192493,9.939699446632831,2019-07-08,0,39.5,14.4,0.0,40.75,0.215,-0.163
34.98705695548519,8.387176677986687,2023-05-27,0,23.8,11.6,0.0,64.3,0.089,-0.123
36.63616181399083,8.889481426645743,2019-07-01,0,37.8,22.6,0.0,43.3,0.261,-0.106
37.04254,10.00828,2016-06-13,1,28.0,25.6,0.0,58.0,0.212,-0.215
35.03333407985253,9.214625306158316,2024-05-14,0,34.8,35.0,0.0,47.8,0.089,-0.093
35.050855906109994,8.94212978529985,2021-07-10,0,41.7,22.9,0.0,37.45,0.096,-0.182
37.117635462479065,9.849367455477893,2016-06-16,0,29.2,25.1,0.0,56.2,0.213,-0.156
36.50064,10.02778,2021-08-06,1,40.4,21.4,0.0,39.400000000000006,0.098,-0.213
31.70494,9.24414,2022-02-23,1,17.0,17.1,0.0,74.5,0.071,-0.076
31.65297,10.24157,2016-01-11,1,20.9,23.0,0.0,68.65,0.072,-0.071
36.29882941266804,9.375406979921127,2022-05-02,0,24.1,16.2,0.0,63.85,0.373,0.131
34.25782,8.54064,2019-03-06,1,24.0,18.5,0.0,64.0,0.161,-0.058
36.85993497890341,10.750122219781906,2022-08-08,0,30.5,19.0,0.0,54.25,0.125,-0.071
31.4858,9.54233,2018-01-09,1,19.3,21.8,0.0,71.05,0.086,-0.088
31.70301,9.23991,2020-09-15,1,29.0,25.3,0.5,56.5,0.075,-0.101
36.298036463656125,9.58399646378992,2023-07-11,0,41.7,19.4,0.0,37.45,0.095,-0.194
37.068538276644674,9.854354004516711,2020-07-11,0,35.2,15.9,0.0,47.2,0.069,-0.054
36.45369,9.29517,2017-08-15,1,37.3,13.2,0.2,44.05,0.162,-0.111
36.378762042646095,9.007696632477032,2019-07-21,0,38.0,21.3,0.0,43.0,0.198,-0.139
36.2879062056567,10.136681644158294,2021-09-19,0,32.8,13.7,0.0,50.8,0.153,-0.118
36.96579577503324,8.852750410377718,2019-05-04,0,17.3,28.7,5.1,74.05,0.789,0.361
35.15382,8.62912,2021-06-29,1,39.5,25.6,0.0,40.75,0.196,-0.114
36.566,8.27079,2016-09-05,1,31.8,16.4,0.0,52.3,0.472,-0.019
36.58544517528309,8.544538788850025,2016-06-09,0,28.1,12.9,0.0,57.85,0.71,0.258
37.01166644064864,9.5274213963405,2022-09-04,0,38.6,19.2,0.0,42.1,0.101,-0.119
36.15904,10.28498,2024-01-28,1,17.9,12.6,0.0,73.15,0.048,-0.103
31.65333,10.24155,2016-03-30,1,29.6,15.3,0.0,55.6,0.25,0.05
32.51943,9.69149,2016-05-09,1,36.1,27.7,0.0,45.85,0.25,0.05
36.698547621475726,8.657266154429857,2025-08-09,0,34.3,16.6,0.0,48.55,0.468,0.174
36.80712541642771,10.992274930778656,2018-06-23,0,29.9,18.1,0.0,55.150000000000006,0.171,-0.23
31.64997,9.17306,2024-07-02,1,39.5,29.8,0.0,40.75,0.075,-0.121
36.58072897429693,8.967910712213882,2016-10-10,0,24.4,10.5,6.6,63.400000000000006,0.25,0.05
36.85741,8.95536,2022-10-22,1,32.2,12.8,0.0,51.7,0.345,0.012
36.39557556395568,10.032398702671928,2025-10-07,0,23.4,17.9,0.0,64.9,0.185,-0.065
35.5890296336824,8.523596166224078,2019-07-27,0,38.2,20.4,0.0,42.7,0.119,-0.117
36.99602023414453,9.902069430017802,2024-09-06,0,39.7,20.9,0.0,40.45,0.118,-0.111
36.60807382417204,9.027203617932315,2023-05-13,0,26.2,16.9,0.5,60.7,0.212,-0.054
33.87196,9.99299,2020-09-12,1,29.0,16.2,2.6,56.5,0.044,-0.168
35.994146128256766,9.414715099328172,2025-08-12,0,33.4,12.2,0.0,49.900000000000006,0.114,-0.091
36.70789962982054,10.5892799599855,2023-10-10,0,28.4,8.8,0.0,57.400000000000006,0.359,0.044
36.99973123984083,9.402413682445266,2022-08-03,0,31.9,15.5,0.0,52.150000000000006,0.152,-0.095
37.09611,9.68149,2022-08-25,1,32.5,16.4,0.0,51.25,0.096,-0.068
35.93912113247932,9.548739423981804,2025-05-21,0,20.9,15.3,0.0,68.65,0.45,0.14
36.89272908329975,10.94597220069842,2017-07-09,0,35.1,18.8,0.0,47.35,0.285,-0.164
36.03512631531226,9.562835193433608,2025-06-06,0,31.4,16.2,0.0,52.900000000000006,0.297,0.017
36.79750919254232,8.62827374311131,2020-08-11,0,35.6,25.9,0.0,46.6,0.702,0.199
37.26675132483147,9.611512759146304,2023-08-21,0,31.8,15.5,0.0,52.3,0.097,-0.001
34.93592,8.52935,2016-09-11,1,28.7,11.9,4.9,56.95,0.077,-0.03
33.36519,8.54817,2025-06-11,1,38.1,25.0,0.0,42.85,0.061,-0.023
37.06185668913953,9.66267098972648,2019-05-16,0,18.9,29.1,0.3,71.65,0.516,0.092
35.056241781910146,9.022662680018398,2020-09-04,0,25.5,14.3,0.3,61.75,0.052,-0.059
37.00220988590479,9.466161781871678,2019-08-07,0,42.5,12.9,0.0,36.25,0.33,-0.035
36.029768021473465,9.336734704210066,2019-09-12,0,27.0,21.4,0.0,59.5,0.114,-0.09
35.74911921292145,9.441954249454485,2016-06-07,0,31.9,11.3,0.0,52.150000000000006,0.12,-0.122
36.450172050554976,10.126351531715551,2024-06-21,0,34.1,18.8,0.0,48.85,0.12,-0.11
36.517356757233,8.31095035116957,2023-08-11,0,33.1,13.2,0.0,50.35,0.511,0.198
31.70337,9.24531,2020-08-23,1,38.6,19.5,0.0,42.1,0.072,-0.116
36.44831013749047,8.884116274712856,2019-05-05,0,20.1,22.7,0.2,69.85,0.54,0.147
36.00122909290836,9.582199152250878,2024-09-19,0,24.3,11.3,4.3,63.55,0.17,-0.104
31.40248,9.85649,2018-10-06,1,29.4,17.5,0.0,55.900000000000006,0.08,-0.119
36.26846237527052,9.384125502457277,2016-07-25,0,31.5,18.4,0.0,52.75,0.125,-0.168
35.52228521505706,8.999206727155482,2021-08-18,0,33.4,12.4,0.0,49.900000000000006,0.137,-0.155
35.38969717519964,8.847723001692676,2024-10-26,0,17.5,14.6,3.0,73.75,0.142,-0.08
35.02934090498842,9.065090299313624,2016-09-12,0,28.9,9.6,0.1,56.650000000000006,0.14,-0.185
35.57540397938927,8.779344442275539,2025-07-03,0,31.3,19.4,0.2,53.05,0.179,-0.091
34.78388169978137,8.374036912704362,2020-08-06,0,33.5,21.7,0.0,49.75,0.111,-0.124
37.05365610021165,9.4622272506229,2023-06-20,0,36.1,19.2,0.0,45.85,0.228,-0.06
34.03207,8.17006,2019-07-22,1,36.5,27.4,0.0,45.25,0.089,-0.032
36.42426657774648,8.643485119527439,2020-07-15,0,30.9,15.0,0.7,53.650000000000006,0.198,-0.157
36.18656690834956,9.111402436128031,2019-08-09,0,39.4,18.3,0.0,40.900000000000006,0.17,-0.136
36.073205471309976,10.029077706435537,2016-10-16,0,26.4,8.7,0.0,60.400000000000006,0.345,-0.052
35.77637,9.88942,2016-01-07,1,19.2,19.8,0.0,71.2,0.088,-0.143
36.49605379450572,10.62176958259679,2023-08-06,0,31.8,25.7,0.0,52.3,0.194,-0.061
36.29583,8.4856,2022-07-03,1,38.3,13.8,0.2,42.55,0.198,0.001
36.59193,10.31872,2023-06-11,1,28.2,16.9,0.5,57.7,0.25,0.05
36.801517589719616,8.859685034937437,2016-09-22,0,26.4,14.1,0.0,60.400000000000006,0.25,0.05
32.29567,10.94687,2016-03-12,1,17.9,19.8,0.0,73.15,0.105,-0.081
32.29582,10.94424,2016-05-22,1,29.1,13.9,0.0,56.35,0.088,-0.105
31.65059,10.24072,2016-05-04,1,27.4,12.2,0.0,58.900000000000006,0.25,0.05
36.78183727966506,8.647432921968253,2021-10-01,0,23.7,12.0,0.0,64.45,0.33,-0.045
37.078358146663554,9.549534231869655,2023-10-16,0,32.1,16.2,0.0,51.85,0.105,-0.189
34.87353356603632,8.783235467538658,2025-08-05,0,33.6,18.0,0.0,49.6,0.075,-0.114
36.49638108561604,8.475425707839827,2022-06-11,0,28.4,15.2,0.0,57.400000000000006,0.169,-0.082
36.93232053856977,9.4475716983507,2023-05-04,0,23.3,15.2,0.0,65.05,0.514,0.26
33.36283,8.54811,2024-12-04,1,21.7,22.1,0.0,67.45,0.049,-0.033
31.64866,9.17076,2022-10-24,1,28.0,13.5,0.0,58.0,0.072,-0.111
31.64682,9.17132,2023-03-15,1,23.4,28.2,0.0,64.9,0.067,-0.098
37.13569601230767,9.739853459867287,2016-08-06,0,27.9,36.4,0.0,58.150000000000006,-0.342,0.915
33.87286,9.99123,2025-07-19,1,36.2,21.4,0.0,45.7,0.037,-0.104
36.92235160576836,10.911253878116884,2020-08-02,0,32.3,19.1,0.0,51.55,0.147,-0.201
36.64314220905609,10.437009009902289,2018-07-23,0,31.8,23.7,0.0,52.3,0.153,-0.127
35.42826,9.24386,2021-06-24,1,34.5,14.4,0.0,48.25,0.241,-0.069
37.02883058717746,9.904246775827454,2018-06-11,0,28.7,21.3,0.0,56.95,0.3,-0.093
36.34777455353478,10.215542468494146,2022-10-13,0,27.4,20.0,0.6,58.900000000000006,0.085,-0.124
36.62120208524671,8.770477104501689,2025-08-08,0,34.8,13.5,0.0,47.8,0.13,-0.118
36.64876093821878,8.672711378325175,2017-10-25,0,21.2,21.8,0.0,68.2,0.382,-0.121
34.933655690822555,8.781318643920521,2017-06-02,0,30.0,21.3,0.0,55.0,0.141,-0.143
35.9016,9.40371,2025-08-28,1,37.4,17.6,0.0,43.900000000000006,0.192,-0.072
36.50295,10.02756,2017-07-31,1,38.9,24.4,0.0,41.650000000000006,0.087,-0.122
36.59014,10.31742,2016-10-04,1,28.8,7.9,0.0,56.8,0.054,-0.152
35.108830126999194,9.12448940130608,2022-08-27,0,33.8,17.6,0.0,49.3,0.072,-0.135
31.70331,9.24522,2016-03-12,1,16.3,14.8,0.0,75.55,0.097,-0.068
31.48492,9.54072,2017-09-09,1,32.6,16.7,0.0,51.1,0.055,-0.135
36.75701961887557,8.494527785339011,2018-10-10,0,27.5,29.9,1.8,58.75,0.22,-0.194
35.55571335802609,9.21828693379375,2018-07-12,0,39.5,14.1,0.0,40.75,0.097,-0.141
35.28106700798958,8.740311476834558,2024-06-14,0,34.7,14.6,0.0,47.95,0.092,-0.115
36.33232977378504,9.705718536050718,2018-10-10,0,26.3,27.9,0.0,60.55,0.124,-0.18
36.32540163304902,9.90741695928172,2018-07-11,0,38.1,19.5,0.0,42.85,0.158,-0.186
37.01179524661907,9.9784289016979,2018-05-08,0,23.8,17.3,0.0,64.3,0.086,0.066
36.77880203762577,8.609327413947131,2023-07-04,0,30.2,10.2,0.0,54.7,0.234,0.018
36.58894,10.31781,2025-02-23,1,17.3,24.7,0.0,74.05,0.144,-0.054
36.77763,10.2004,2020-05-24,1,32.4,17.0,0.0,51.400000000000006,0.106,-0.075
31.52131,9.68993,2017-03-04,1,26.2,24.0,0.0,60.7,0.081,-0.084
36.81065597712456,10.56495389492758,2018-07-27,0,34.9,13.8,0.0,47.650000000000006,0.038,-0.281
36.40655072454047,8.71260421688918,2016-05-17,0,26.2,13.5,0.0,60.7,0.25,0.05
31.64676,9.17184,2022-09-14,1,38.5,21.3,0.0,42.25,0.052,-0.117
35.10350610136783,9.104157763259105,2024-08-07,0,38.2,15.1,0.0,42.7,0.157,-0.045
31.9966,9.49202,2025-11-24,1,15.1,16.8,0.0,77.35,0.066,-0.091
36.24995156888393,9.263305647345469,2016-07-15,0,25.9,28.8,0.0,61.150000000000006,0.25,0.05
34.72567284119195,8.59066808248947,2021-10-22,0,25.2,13.2,0.0,62.2,0.097,-0.093
36.84800489751336,9.44607229257823,2017-08-24,0,33.3,16.3,0.0,50.05,0.154,-0.14
31.64893,9.17282,2018-11-07,1,21.9,11.3,0.0,67.15,0.09,-0.118
36.15829,10.28421,2017-10-03,1,23.8,17.8,3.3,64.3,0.078,-0.174
34.63292669698,8.540398376618592,2017-08-16,0,36.5,14.9,0.2,45.25,0.087,-0.166
31.64974,9.17129,2024-08-21,1,36.7,27.3,0.0,44.95,0.064,-0.157
36.49480368974021,10.555291195872638,2025-10-17,0,24.6,12.3,2.7,63.1,0.139,-0.125
36.77733,10.20272,2016-11-27,1,19.3,10.2,0.0,71.05,0.128,-0.093
34.994260800439534,8.962546211918685,2021-07-27,0,34.1,18.7,0.0,48.85,0.103,-0.162
33.36437,8.54634,2024-04-15,1,23.5,28.2,0.3,64.75,0.071,0.002
37.09148862251806,9.09839851910574,2021-05-27,0,23.3,21.1,0.0,65.05,0.8,0.35
31.39933,10.02203,2023-01-24,1,11.7,14.7,0.0,82.45,0.073,-0.066
36.68089705048597,10.73871233305264,2016-10-05,0,24.8,14.0,0.0,62.8,0.252,-0.153
31.70601,9.24252,2021-05-10,1,39.5,40.0,0.0,40.75,0.072,-0.108
35.16367,8.59006,2016-08-04,1,32.9,8.9,0.0,50.650000000000006,0.361,-0.038
37.03880591356859,9.782024905016844,2023-07-12,0,43.6,21.9,0.0,34.599999999999994,0.188,-0.103
34.94786165334686,8.51906169366313,2023-06-09,0,33.0,22.4,1.4,50.5,0.25,0.05
36.88141018753914,11.081674078162273,2020-07-24,0,32.1,13.3,0.0,51.85,0.192,-0.229
36.26712,8.42161,2016-07-22,1,37.3,11.9,0.0,44.05,0.384,-0.04
35.44466398106478,9.056165076484412,2022-05-27,0,22.3,20.9,0.0,66.55,0.131,-0.071
36.51328645866657,10.08776127759058,2024-09-09,0,30.2,22.8,2.5,54.7,0.079,-0.128
35.21519277952616,8.856363386608155,2019-08-21,0,33.9,15.2,0.0,49.150000000000006,0.16,-0.136
36.77742,10.20114,2023-08-31,1,29.5,15.3,0.2,55.75,0.049,-0.105
34.91676782881697,8.837804172893387,2020-06-05,0,28.5,31.5,0.0,57.25,0.126,-0.118
35.07684,8.31652,2021-05-14,1,25.6,26.6,0.0,61.6,0.208,-0.122
37.1239753560466,9.406044703146597,2022-08-02,0,31.1,14.5,0.0,53.35,0.395,0.091
35.26032401627836,8.98153478495102,2022-08-17,0,39.8,21.3,0.0,40.3,0.079,-0.125
35.19123,8.63692,2021-06-22,1,36.1,23.4,0.0,45.85,0.104,-0.201
36.58452271876955,8.884278983260218,2025-09-12,0,30.9,11.2,0.0,53.650000000000006,0.115,-0.128
31.64624,9.16887,2023-04-16,1,27.7,36.7,0.0,58.45,0.071,-0.098
37.1049640555233,9.160353422830966,2023-06-10,0,23.6,11.1,7.4,64.6,0.25,0.05
35.40124337253862,9.118980029291077,2025-08-12,0,32.5,22.0,0.0,51.25,0.164,-0.066
36.07854102288037,9.86351820652789,2025-06-25,0,38.0,21.8,0.0,43.0,0.215,-0.074
35.639575449627415,9.036326011372152,2022-06-25,0,38.5,20.3,0.0,42.25,0.168,-0.044
36.85048,10.31344,2017-08-14,1,28.5,27.4,0.0,57.25,0.139,-0.128
37.20413966028048,10.099222446104209,2022-08-14,0,33.6,16.5,0.0,49.6,0.109,-0.127
36.71040011841241,10.828233410143833,2022-06-03,0,30.7,16.1,0.0,53.95,0.203,-0.052
36.799542807792,10.983350643862885,2022-10-08,0,26.3,23.4,0.0,60.55,0.049,-0.152
36.52372238930403,8.82288895966657,2021-10-19,0,24.0,15.2,0.0,64.0,0.25,0.05
34.74029339758033,8.607196063215047,2022-06-25,0,38.3,23.8,0.0,42.55,0.105,-0.078
35.42456650596035,9.178156458899258,2021-09-11,0,31.0,20.0,0.0,53.5,0.263,-0.029
31.70371,9.2444,2023-03-15,1,23.2,29.0,0.0,65.2,0.061,-0.083
37.18377,9.40241,2023-08-17,1,37.9,15.0,0.0,43.150000000000006,0.419,0.146
35.659716325427155,8.992681428841564,2020-05-08,0,24.4,22.3,0.0,63.400000000000006,0.277,-0.084
37.20399119052468,10.130567641422989,2020-09-21,0,26.4,14.5,3.6,60.400000000000006,0.218,-0.108
36.57973,8.48465,2020-07-23,1,33.3,16.6,0.0,50.05,0.649,0.245
36.28847070352074,10.1975880406834,2022-06-06,0,36.4,14.5,0.0,45.400000000000006,0.255,-0.067
35.61334402823287,9.309231033865393,2025-06-02,0,27.9,16.2,0.0,58.150000000000006,0.12,-0.082
31.64778,9.17463,2021-11-10,1,20.3,15.0,0.0,69.55,0.25,0.05
36.4198102974248,9.439843158353304,2025-08-10,0,36.4,19.0,0.0,45.400000000000006,0.094,-0.131
31.49263,9.49274,2025-09-04,1,37.5,25.4,0.0,43.75,0.058,-0.096
35.458646126469624,8.500469076161595,2016-08-14,0,30.4,12.3,0.0,54.400000000000006,0.12,-0.14
36.15925,10.28371,2018-12-01,1,16.7,27.2,1.2,74.95,0.388,0.089
31.70594,9.24248,2022-05-21,1,30.0,28.1,0.0,55.0,0.063,-0.08
36.8447483306246,8.677587941335394,2018-07-06,0,26.7,17.9,1.2,59.95,0.325,0.344
35.39190025448754,8.32737961418713,2021-05-05,0,24.0,15.5,0.2,64.0,0.135,-0.134
31.70155,9.24238,2021-08-01,1,42.7,14.3,0.0,35.94999999999999,0.071,-0.101
35.09384,8.8957,2020-07-23,1,31.7,13.0,0.0,52.45,0.28,-0.108
37.52024924014117,8.9083246689076,2024-09-25,0,23.6,14.1,0.0,64.6,0.179,-0.014
35.01305856540868,8.332286847965277,2025-05-27,0,27.4,21.6,0.0,58.900000000000006,0.116,-0.09
36.62416988192725,8.665590637746165,2020-09-27,0,26.7,30.8,0.2,59.95,0.135,-0.251
35.31195,10.68,2025-06-14,1,35.8,18.8,0.0,46.3,0.115,-0.134
36.42869065732065,10.630485334810308,2020-06-12,0,26.3,16.9,0.0,60.55,0.381,-0.041
34.842891952045214,8.872253628358013,2025-09-12,0,29.6,21.0,0.0,55.6,0.086,-0.103
35.72747,10.60299,2021-02-05,1,26.4,23.4,0.0,60.400000000000006,0.433,0.075
33.36422,8.5489,2023-07-16,1,43.3,19.5,0.0,35.05000000000001,0.052,-0.039
37.116141856296544,9.706755671008208,2018-06-22,0,31.9,19.0,0.0,52.150000000000006,0.182,-0.125
31.48567,9.54278,2018-12-24,1,15.6,10.5,0.0,76.6,0.077,-0.098
35.493548607262014,9.154493083445509,2019-08-04,0,38.0,15.9,0.0,43.0,0.331,-0.043
32.02338,9.54125,2018-02-22,1,22.1,43.0,1.8,66.85,0.081,-0.096
33.87751,9.55375,2022-09-29,1,29.0,13.6,0.0,56.5,0.028,-0.112
36.9794,9.53388,2022-08-19,1,29.4,28.1,0.0,55.900000000000006,-0.003,0.304
35.613073568174705,9.16362869453247,2024-08-02,0,42.2,20.3,0.0,36.7,0.046,-0.141
35.01964061156017,8.541752375920094,2017-10-14,0,23.4,14.4,0.0,64.9,0.152,-0.125
37.01399896662901,9.447555414855206,2019-09-05,0,25.5,20.8,1.0,61.75,0.167,-0.2
36.65179175756103,9.0159283286536,2016-10-24,0,35.6,14.0,0.0,46.6,0.25,0.05
33.3664,8.54643,2024-04-02,1,25.8,33.9,0.0,61.3,0.059,-0.011
31.39682,10.02171,2016-07-17,1,34.2,29.6,0.0,48.7,0.055,-0.102
36.84785468734804,10.834631186642437,2023-10-21,0,25.1,21.9,1.9,62.35,0.16,-0.137
35.57683250565573,8.617004961064815,2018-10-26,0,22.0,22.2,0.0,67.0,0.306,-0.072
36.376799208295566,9.579459375778043,2025-08-09,0,36.2,17.2,0.0,45.7,0.113,-0.136
35.6244788994136,9.190601245670862,2025-06-20,0,27.0,21.1,0.2,59.5,0.106,-0.097
35.650495431143675,8.469702477857668,2025-09-19,0,29.5,17.8,0.0,55.75,0.081,-0.104
35.14842741621163,8.690654450258014,2024-06-25,0,32.0,15.2,0.0,52.0,0.087,-0.101
35.263297090772674,8.887281934032906,2020-10-09,0,27.6,11.6,0.0,58.6,0.141,-0.157
36.03156,9.22354,2020-07-29,1,35.7,17.1,0.0,46.45,0.116,-0.191
37.06351,9.80947,2021-09-13,1,30.4,14.8,0.0,54.400000000000006,0.134,-0.193
31.40281,9.8529,2018-11-03,1,19.1,18.4,0.0,71.35,0.098,-0.125
36.43649164549413,9.73536189324916,2020-10-15,0,22.6,22.4,0.0,66.1,0.056,-0.01
36.2596254456417,9.82472558494642,2017-10-03,0,21.8,16.2,1.1,67.3,0.311,-0.053
36.41935359951243,8.56996829687301,2023-08-02,0,38.9,17.3,0.0,41.650000000000006,0.102,-0.165
35.55953538571182,8.360213377048469,2023-08-03,0,37.0,12.4,0.0,44.5,0.105,-0.091
36.81688,9.08849,2020-08-02,1,36.3,18.4,0.0,45.55,0.353,-0.061
36.48627346404151,10.653821155914033,2018-05-12,0,22.2,11.7,0.0,66.7,0.25,0.05
36.39894483198347,10.15670884903804,2021-07-12,0,39.0,18.2,0.0,41.5,0.175,-0.074
37.2022,9.28452,2017-08-01,1,40.6,26.0,0.0,39.1,0.013,0.001
35.08545720157424,8.78761775680969,2018-08-13,0,26.5,12.7,13.3,60.25,0.1,-0.152
35.20346,8.67071,2021-06-21,1,35.3,25.9,0.0,47.05,0.285,-0.145
36.16783986886838,10.177916793295134,2020-05-16,0,34.1,20.5,0.0,48.85,0.208,-0.106
36.873683567746845,8.847930915473265,2017-05-05,0,29.4,19.5,0.0,55.900000000000006,0.625,0.179
35.12971818567752,9.006446232624322,2025-05-18,0,27.4,22.7,0.0,58.900000000000006,0.108,-0.111
35.45386,9.23519,2017-06-29,1,39.6,21.3,0.0,40.6,0.258,-0.125
36.52014219779565,8.248875593186058,2019-06-09,0,34.6,14.8,0.0,48.1,0.816,0.255
35.020680435056455,8.833301292493116,2018-10-03,0,17.5,15.3,0.4,73.75,0.136,-0.132
36.73500357588277,8.74078432556658,2018-09-20,0,23.2,17.2,7.2,65.2,0.798,0.275
36.50153,10.0288,2018-07-30,1,37.5,22.7,0.0,43.75,0.094,-0.147
37.0256634796224,9.925836485583842,2018-05-12,0,25.3,12.2,0.7,62.05,0.229,-0.038
35.67505033227864,8.627123221930733,2021-09-17,0,36.4,15.1,0.0,45.400000000000006,0.074,-0.15
35.53258489390882,8.893856218768041,2022-08-05,0,32.7,12.0,0.0,50.95,0.097,-0.139
36.77837,10.2019,2025-09-22,1,33.5,13.0,11.3,49.75,0.067,-0.071
36.67846,9.92169,2021-04-24,1,21.0,16.0,0.5,68.5,0.31,0.108
36.36154516934018,9.64022055828566,2023-08-05,0,27.9,29.8,0.0,58.150000000000006,0.049,-0.12
36.69854,8.66492,2021-08-11,1,42.4,18.8,0.0,36.400000000000006,0.275,-0.335
36.77263717390065,10.842315444935778,2017-08-22,0,29.5,18.6,0.0,55.75,0.16,-0.152
34.14351,10.01436,2023-06-19,1,30.6,23.1,0.0,54.1,0.033,-0.018
36.72428,10.4954,2023-08-16,1,33.8,15.1,0.0,49.3,0.174,0.21
36.75100802145745,10.80258839634701,2021-07-27,0,33.1,19.4,0.0,50.35,0.171,-0.156
31.3966,10.02446,2016-02-20,1,20.8,27.3,0.0,68.8,0.25,0.05
36.19630996248436,9.843884667335328,2025-06-06,0,31.7,16.5,0.0,52.45,0.229,-0.027
36.39543098358357,9.98614106915618,2023-06-11,0,29.9,16.1,0.0,55.150000000000006,0.176,-0.103
31.64876,9.17041,2025-02-14,1,18.5,13.9,0.0,72.25,0.085,-0.103
31.7065,9.24401,2021-08-01,1,42.7,14.3,0.0,35.94999999999999,0.07,-0.098
34.86917351567683,8.854477169809993,2024-08-23,0,32.9,14.8,0.0,50.650000000000006,0.061,-0.114
35.45205705390703,9.284902746000297,2025-09-17,0,31.7,15.2,0.0,52.45,0.159,-0.1
31.65205,9.16958,2023-01-16,1,17.8,25.8,0.0,73.3,0.077,-0.089
36.62190676589685,8.487204371958226,2025-06-01,0,28.8,12.0,0.0,56.8,0.262,0.025
35.32929232544091,8.820736352248753,2024-10-11,0,25.2,13.1,0.1,62.2,0.181,-0.076
31.70246,9.245,2021-09-11,1,37.2,20.5,0.0,44.2,0.064,-0.137
34.940684236012224,8.911691594715885,2020-07-02,0,40.2,18.5,0.0,39.7,0.147,-0.143
33.38114,8.45157,2020-02-16,1,20.3,13.2,0.0,69.55,0.057,-0.008
34.89842458810658,8.31555046323234,2023-05-17,0,21.0,15.1,0.7,68.5,0.102,-0.115
35.56172782323843,8.888583425031571,2024-08-02,0,38.5,17.2,0.0,42.25,0.133,-0.096
34.86387448150904,8.86517701502703,2022-05-12,0,24.8,12.0,0.0,62.8,0.123,-0.043
36.37412876787104,10.093012561983926,2021-10-12,0,23.0,14.2,0.0,65.5,0.46,0.078
37.18506,9.40773,2023-08-18,1,39.0,16.0,0.0,41.5,0.403,0.136
36.50031,10.02697,2018-05-07,1,24.1,12.6,0.6,63.85,0.097,-0.17
33.366,8.54909,2022-08-22,1,37.7,24.4,0.0,43.45,0.051,-0.036
35.336328155779015,8.943708105012728,2022-08-20,0,32.8,13.3,0.0,50.8,0.065,-0.073
35.59175653802848,9.142400559288824,2019-08-19,0,36.9,16.1,0.0,44.650000000000006,0.096,-0.189
36.68893385703285,8.926377657648365,2025-09-02,0,28.8,17.0,6.8,56.8,0.143,-0.109
36.02549843364421,9.27227362751636,2022-06-18,0,33.6,18.0,0.0,49.6,0.084,-0.124
36.241406161107015,10.255198154775618,2016-07-09,0,34.0,13.5,0.0,49.0,0.162,-0.161
36.86735,10.25263,2023-12-27,1,16.0,11.3,0.0,76.0,0.187,0.011
35.03892994850618,8.471757506912912,2019-09-25,0,32.1,16.8,0.0,51.85,0.18,-0.114
36.44739083685812,9.75086157820025,2020-08-01,0,41.8,25.4,0.0,37.3,0.066,-0.048
35.02730327715798,8.915920986133886,2024-09-03,0,33.4,14.8,0.0,49.900000000000006,0.073,-0.146
35.295978427191095,8.957390853885025,2020-05-22,0,27.0,15.1,0.0,59.5,0.228,-0.072
34.79679627912648,8.740639103701415,2019-06-04,0,31.2,26.1,0.0,53.2,0.129,-0.099
36.26903090005197,10.053592003792506,2020-09-02,0,27.4,15.7,3.0,58.900000000000006,0.168,-0.218
35.66530257606388,9.252870725805472,2016-07-02,0,32.6,15.5,0.0,51.1,0.102,-0.155
34.00603,10.02674,2018-10-29,1,29.1,44.2,0.0,56.35,0.309,0.01
36.45796819925229,10.244857557307329,2019-09-23,0,29.8,15.3,0.0,55.3,0.222,-0.164
36.14883749565401,9.26304032498499,2021-09-02,0,37.4,23.7,0.0,43.900000000000006,0.12,-0.131
35.641301827295315,8.635893884624103,2023-05-03,0,21.6,18.5,0.0,67.6,0.073,-0.1
36.72056484322539,9.024121179561948,2023-10-10,0,30.2,16.2,0.0,54.7,0.094,-0.193
35.342573773639096,8.42360809298184,2023-10-05,0,27.9,14.1,0.0,58.150000000000006,0.079,-0.146
35.617409869824755,8.415004193469976,2021-06-16,0,35.1,20.3,0.4,47.35,0.266,-0.111
36.59043,10.32032,2022-04-26,1,24.1,15.5,0.0,63.85,0.083,-0.081
36.15879,10.28477,2023-04-28,1,27.0,17.7,0.0,59.5,0.055,-0.119
34.93842,8.53084,2019-09-10,1,26.1,25.9,2.0,60.85,0.076,-0.036
36.67051857132961,8.726992947461898,2016-07-27,0,29.0,16.0,0.0,56.5,0.658,0.194
36.34156557337594,10.341415539685851,2024-08-10,0,38.0,15.5,0.0,43.0,0.137,-0.115
36.14529456612099,9.32573992186932,2019-09-07,0,26.3,14.2,0.1,60.55,0.139,-0.145
36.66488488469692,10.779359536162668,2017-06-24,0,34.2,8.5,0.0,48.7,0.239,-0.156
34.80779412158714,8.67462922059524,2025-06-08,0,37.5,30.2,1.0,43.75,0.085,-0.087
36.97246699301452,9.44186486931704,2023-10-15,0,28.4,19.2,0.0,57.400000000000006,0.231,-0.042
37.21888,9.29944,2022-09-15,1,32.8,27.1,0.0,50.8,0.216,-0.105
36.14270193585004,9.67953034815733,2022-09-09,0,33.9,14.2,0.6,49.150000000000006,0.221,-0.097
36.32834504795707,9.090714119572324,2025-10-26,0,34.0,29.2,0.0,49.0,0.107,-0.146
35.07817818407162,9.007491829325348,2018-06-23,0,31.7,13.9,0.4,52.45,0.111,-0.167
37.0840659340078,9.48700839746706,2025-08-23,0,29.7,16.6,0.1,55.45,0.112,-0.047
36.7425495434335,8.734215915091335,2022-08-20,0,27.5,17.6,0.0,58.75,0.272,-0.016
36.3780640744449,9.831668111404948,2016-05-21,0,25.6,19.7,0.0,61.6,0.139,-0.128
33.87373,9.99301,2024-04-03,1,23.8,16.6,0.0,64.3,0.065,-0.071
36.96624586823561,9.709832867469965,2025-06-08,0,34.0,15.5,0.0,49.0,0.159,-0.12
36.2128800916201,9.72334757697696,2021-08-24,0,37.9,16.4,0.0,43.150000000000006,0.13,-0.138
36.525337730383306,8.530321681425805,2021-10-20,0,25.8,14.4,0.0,61.3,0.25,0.05
34.91597900539891,8.299018532400623,2020-08-06,0,32.4,14.5,0.0,51.400000000000006,0.151,-0.117
37.14556179822546,9.673907531323284,2025-10-08,0,27.9,13.1,0.0,58.150000000000006,-0.162,0.091
35.363545693470016,8.662819016229992,2022-05-04,0,26.5,19.4,0.0,60.25,0.22,-0.001
36.68647,8.68571,2021-08-11,1,43.0,20.8,0.0,35.5,0.292,0.054
36.12534,9.84137,2021-08-12,1,43.4,14.8,0.0,34.900000000000006,0.229,-0.089
31.49534,9.49397,2021-09-15,1,34.9,19.2,0.0,47.650000000000006,0.072,-0.115
36.4434274092574,10.00665287049478,2025-10-03,0,23.2,21.4,0.0,65.2,0.276,-0.045
35.73363381087104,9.370590832804638,2017-06-07,0,25.5,20.2,0.0,61.75,0.151,-0.095
34.60437,10.58574,2016-06-07,1,29.0,21.3,0.0,56.5,0.081,-0.114
36.95127188156384,9.39302862096073,2023-07-14,0,36.3,12.9,0.0,45.55,0.157,-0.124
35.19206287561038,8.880511817659428,2020-09-26,0,23.6,19.3,0.0,64.6,0.263,-0.12
34.70315815668132,8.496178137116527,2022-08-21,0,34.4,25.7,0.0,48.400000000000006,0.059,-0.117
37.24889,9.55812,2022-09-14,1,40.7,21.4,0.0,38.95,0.405,0.086
35.44304814386813,9.05453972975519,2016-10-15,0,24.3,9.0,0.0,63.55,0.107,-0.122
37.22977632240442,9.7955514290722,2021-06-27,0,39.6,18.8,0.0,40.6,0.202,-0.108
35.28317536861554,8.383135476433345,2022-08-05,0,31.1,13.4,0.0,53.35,0.121,-0.122
36.980852976623126,11.05028676247356,2020-10-10,0,23.9,9.6,0.0,64.15,0.519,0.046
36.76883598637826,8.932511292206158,2023-10-26,0,23.6,18.6,0.1,64.6,0.094,-0.144
36.2225,9.92885,2024-07-02,1,28.9,31.1,0.0,56.650000000000006,0.211,-0.029
36.79489553516503,9.509238142440807,2020-05-12,0,30.9,23.3,0.0,53.650000000000006,0.443,0.109
36.38904931241846,10.390849047611136,2022-09-10,0,36.0,15.6,0.0,46.0,0.244,-0.009
35.36222298740778,8.835387898003317,2019-09-05,0,25.7,16.0,0.0,61.45,0.141,-0.17
31.65005,9.17263,2024-10-08,1,38.4,30.2,0.0,42.400000000000006,0.07,-0.16
34.86750887099972,8.59392076892822,2021-05-10,0,28.8,28.6,0.1,56.8,0.113,-0.141
36.20673410746336,10.040372847406012,2019-09-09,0,27.4,10.8,2.1,58.900000000000006,0.332,-0.122
36.40883036652797,10.49712321250158,2019-10-21,0,25.8,17.8,0.0,61.3,0.228,-0.12
34.99225955530349,8.69075739974768,2021-05-05,0,26.0,31.4,0.4,61.0,0.121,-0.147
35.20642910524049,8.955496316324044,2022-06-02,0,38.4,15.7,0.4,42.400000000000006,0.127,-0.096
32.2898,10.9736,2018-05-28,1,39.3,30.9,0.0,41.05,0.079,-0.1
35.66563242823231,8.436161853486167,2022-08-22,0,31.8,20.6,0.0,52.3,0.097,-0.1
35.77479,9.89179,2019-07-30,1,38.0,18.6,0.0,43.0,0.09,-0.125
35.67362284538302,9.263864257144306,2019-08-18,0,36.5,17.5,0.0,45.25,0.119,-0.133
31.64966,9.17288,2022-11-14,1,23.4,12.9,0.0,64.9,0.078,-0.099
36.77694172463728,8.831300823503417,2017-10-22,0,19.8,17.7,1.1,70.3,0.687,0.173
37.12361,9.40093,2022-08-17,1,44.7,24.2,0.0,32.94999999999999,0.133,0.066
36.85923644591316,11.056425852453897,2021-10-23,0,24.9,19.8,16.5,62.650000000000006,0.277,-0.042
37.20021,9.29493,2017-08-02,1,37.9,22.0,0.0,43.150000000000006,0.083,-0.083
35.77829751034572,8.7079566452538,2020-10-15,0,20.0,23.7,0.0,70.0,0.112,-0.164
36.51570153903321,10.045878832336092,2024-08-05,0,34.6,22.3,0.0,48.1,0.041,-0.085
37.04134287402146,10.056277038993304,2025-08-03,0,31.8,18.6,0.0,52.3,0.153,-0.082
36.93188113467896,8.702427896029944,2024-10-12,0,26.3,16.2,0.0,60.55,0.362,0.073
36.67981,9.91942,2024-08-16,1,36.2,18.3,0.8,45.7,0.07,-0.067
36.55553339574442,8.359947768793383,2023-09-12,0,33.4,11.2,0.0,49.900000000000006,0.275,-0.042
35.42266556566646,8.72023736644663,2018-05-13,0,26.0,21.0,0.0,61.0,0.238,-0.134
35.14382727560683,8.835482425017643,2018-05-21,0,25.1,14.3,3.8,62.35,0.236,-0.096
36.134582909746605,9.17071191560894,2023-07-14,0,39.1,16.2,0.0,41.35,0.116,-0.14
35.53093048980648,8.500675643122696,2019-05-02,0,23.6,17.3,0.9,64.6,0.299,-0.013
35.540944709397266,8.859615338306297,2024-08-23,0,31.0,10.8,0.0,53.5,0.099,-0.104
35.32031,8.85884,2021-06-25,1,33.9,22.1,0.0,49.150000000000006,0.175,-0.166
35.63672556557027,9.329197916309454,2017-08-08,0,40.7,23.2,0.0,38.95,0.103,-0.14
36.098864419304654,9.404620320851308,2019-09-04,0,27.2,18.4,0.0,59.2,0.113,-0.19
36.32326589347956,9.155432098490664,2022-09-12,0,35.8,15.5,0.0,46.3,0.084,-0.153
36.41975359383408,8.804911159662376,2023-08-25,0,41.0,18.3,0.0,38.5,0.077,-0.155
36.59017,10.31662,2016-08-10,1,34.0,12.0,0.0,49.0,0.048,-0.187
34.84083251375517,8.650146155643672,2017-06-01,0,29.7,20.6,0.0,55.45,0.109,-0.119
36.93338,9.04976,2022-08-17,1,44.7,21.7,0.0,32.94999999999999,0.434,0.214
36.77656,10.20185,2024-06-24,1,28.7,19.9,0.3,56.95,0.053,-0.063
37.16728161800052,9.36333074385116,2019-08-26,0,33.7,14.7,0.2,49.45,0.624,0.098
36.02453392898646,9.59985252920017,2016-07-22,0,34.7,16.3,0.0,47.95,0.182,-0.151
36.5659559105052,10.384755103741126,2025-05-06,0,24.6,11.1,2.0,63.1,0.398,0.137
31.70598,9.24529,2020-09-14,1,29.6,21.4,0.3,55.6,0.074,-0.111
35.4527,9.24181,2017-06-29,1,39.6,21.3,0.0,40.6,0.347,-0.065
37.04448466337264,9.469327039653471,2023-05-10,0,21.7,21.7,0.0,67.45,0.445,0.186
31.70257,9.24375,2016-05-15,1,28.3,23.9,0.0,57.55,0.25,0.05
31.64939,9.17054,2024-10-15,1,34.2,24.9,0.0,48.7,0.058,-0.149
31.40443,9.85303,2022-06-17,1,35.2,24.4,0.0,47.2,0.068,-0.098
36.24170553812763,9.418036345182324,2025-06-15,0,36.9,13.0,0.0,44.650000000000006,0.127,-0.113
35.46284721061158,8.652040473285947,2024-06-17,0,33.4,16.9,0.2,49.900000000000006,0.209,-0.06
35.60882235358152,8.982538040111624,2022-09-26,0,25.4,17.4,3.3,61.900000000000006,0.14,-0.078
37.214366233693205,10.078480045845046,2024-09-12,0,29.5,23.4,0.0,55.75,0.096,-0.162
35.48386336479543,9.147535779220355,2019-07-19,0,32.7,15.1,0.0,50.95,0.235,-0.041
36.065301190484256,9.47592805770934,2016-08-03,0,31.5,12.5,0.0,52.75,0.135,-0.145
36.37766167766567,8.46148137115871,2019-09-13,0,31.6,12.4,0.0,52.6,0.366,-0.049
37.14753094785289,9.190965743420051,2025-08-13,0,28.1,15.5,0.0,57.85,0.328,-0.003
33.52839,9.68443,2018-10-26,1,25.2,14.3,0.0,62.2,0.087,-0.074
31.70381,9.24337,2022-01-23,1,13.9,12.3,0.0,79.15,0.085,-0.097
31.70224,9.24075,2023-05-14,1,39.5,38.4,0.0,40.75,0.057,-0.092
34.99518539176284,8.550721908738362,2019-08-11,0,37.4,16.6,0.0,43.900000000000006,0.11,-0.161
35.41037,9.2473,2021-08-07,1,37.8,19.2,0.0,43.3,0.249,-0.104
35.71784180556476,8.742861765644353,2021-09-26,0,35.8,20.7,0.0,46.3,0.096,-0.16
36.20107062444606,9.428533222810517,2020-09-04,0,27.1,13.0,0.1,59.35,0.119,-0.175
36.51770128718895,9.805871853120324,2016-07-20,0,35.8,14.8,0.0,46.3,0.147,-0.19
36.34877488557383,10.109401539244692,2019-07-07,0,33.6,14.1,0.0,49.6,0.22,-0.13
35.22281755500046,9.21352264342265,2022-06-02,0,39.4,25.6,0.0,40.900000000000006,0.1,-0.105
31.40332,9.85187,2017-04-05,1,22.4,22.7,0.0,66.4,0.096,-0.093
35.68099616581416,9.182015790771528,2025-10-12,0,23.6,12.7,4.3,64.6,0.066,-0.122
35.53502296841649,8.73872326638098,2019-06-22,0,35.8,24.9,0.0,46.3,0.201,-0.117
33.87273,9.9928,2025-07-21,1,46.2,16.4,0.0,30.69999999999999,0.028,-0.125
36.37585,8.39968,2017-07-31,1,40.0,16.0,0.0,40.0,0.296,-0.067
36.28052056743687,10.00949891809882,2017-10-22,0,23.6,15.8,0.1,64.6,0.306,-0.081
35.63086,10.59273,2025-10-10,1,29.8,17.0,0.2,55.3,0.157,-0.113
35.4863811447612,8.791975005866853,2024-07-25,0,32.1,16.1,0.0,51.85,0.093,-0.111
35.53935912184594,8.365126749298934,2022-07-18,0,35.9,15.9,0.0,46.150000000000006,0.095,-0.117
36.40088943502402,9.90686331046127,2018-10-10,0,27.6,28.4,0.0,58.6,0.298,-0.201
36.47908026813047,8.375374365519509,2016-07-21,0,38.4,11.6,0.0,42.400000000000006,0.272,-0.14
36.906667014335085,11.082219908212805,2017-08-16,0,31.3,12.7,0.0,53.05,0.466,0.001
36.62038594703834,10.670605798342908,2023-08-01,0,33.8,20.2,0.0,49.3,0.155,-0.117
31.69958,9.24244,2016-08-02,1,40.0,15.9,0.0,40.0,0.065,-0.117
37.132123014402296,9.97645526996008,2025-06-10,0,29.2,20.2,0.0,56.2,0.22,-0.053
35.662537142668974,8.783590205814273,2021-10-05,0,24.6,14.5,4.2,63.1,0.112,-0.117
35.46188,8.52957,2017-08-04,1,37.1,11.8,0.0,44.35,0.305,-0.107
36.62439,10.67127,2023-04-10,1,21.2,22.5,0.0,68.2,0.31,0.007
33.87194,9.99117,2024-04-07,1,27.1,13.3,0.0,59.35,0.042,-0.095
35.52952766010635,8.374355914537935,2020-10-04,0,27.9,21.5,0.0,58.150000000000006,0.06,-0.037
36.2521140323836,9.484058124790298,2020-09-08,0,29.4,12.8,0.0,55.900000000000006,0.168,-0.147
36.74792464692872,9.392117134514084,2020-09-10,0,30.9,15.0,15.7,53.650000000000006,0.158,-0.158
35.58230487640814,8.545639146066943,2016-07-07,0,33.9,11.4,0.0,49.150000000000006,0.098,-0.136
36.50243,10.02792,2016-11-12,1,18.5,18.7,0.0,72.25,0.127,-0.128
36.50275828919321,8.312480183266121,2025-05-08,0,20.8,11.5,29.2,68.8,0.435,0.133
36.34517479421802,10.041320397974308,2016-05-11,0,32.8,17.1,2.9,50.8,0.437,0.022
36.65790601484651,8.662063334829323,2019-09-22,0,36.3,15.4,0.2,45.55,0.417,-0.061
35.05559133322118,8.496412355038439,2016-09-07,0,26.3,22.1,0.0,60.55,0.122,-0.151
35.84945,8.59254,2020-02-19,1,13.2,19.0,0.0,80.2,0.076,-0.178
35.214529338905166,8.636984045093829,2016-07-20,0,32.6,8.7,0.0,51.1,0.248,-0.115
36.05753437697009,9.89806505394754,2025-09-26,0,28.7,16.6,4.9,56.95,0.086,-0.126
35.5754721291389,9.042028459258471,2025-07-10,0,32.3,16.8,0.0,51.55,0.067,-0.029
35.48993955357624,8.708430490261,2022-06-04,0,35.1,14.9,0.0,47.35,0.132,-0.062
36.20865374283087,9.14497264583578,2018-08-10,0,35.1,17.1,0.0,47.35,0.146,-0.174
37.11753440025922,10.044922014059251,2023-07-03,0,29.2,19.1,0.0,56.2,0.211,-0.054
35.42727317424862,9.242904265745556,2017-05-03,0,20.2,12.2,0.0,69.7,0.411,0.023
31.36633,9.9614,2016-04-10,1,23.1,13.8,0.0,65.35,0.25,0.05
31.64766,9.17127,2022-02-22,1,19.7,29.6,0.0,70.45,0.08,-0.102
36.88059,8.72823,2017-07-31,1,41.7,27.2,0.0,37.45,0.828,0.303
36.59922925176333,8.714677255058483,2022-10-15,0,28.0,11.9,0.0,58.0,0.103,-0.225
35.47288755531907,8.841997133803826,2025-10-17,0,21.7,14.3,3.9,67.45,0.25,0.05
34.97470682326716,8.516102296691269,2020-08-09,0,30.1,14.7,0.0,54.85,0.135,-0.135
36.448676198564144,10.42396052743884,2017-10-13,0,24.2,9.9,0.0,63.7,0.276,-0.096
35.35450551036474,8.836285377108515,2016-08-21,0,34.9,12.3,0.0,47.650000000000006,0.136,-0.227
37.04563964848029,9.256744833253675,2020-06-10,0,23.8,15.6,0.0,64.3,0.459,-0.001
36.45259660711671,8.792727419865724,2022-10-19,0,30.1,8.6,0.0,54.85,0.128,-0.135
35.24422681687393,8.620545188532247,2025-06-03,0,31.9,22.5,0.0,52.150000000000006,0.162,-0.056
36.67766,9.9191,2023-04-24,1,29.4,17.8,0.0,55.900000000000006,0.161,-0.016
36.91000802484756,10.872904061294516,2017-08-04,0,41.6,8.7,0.0,37.6,0.262,-0.159
36.37485,8.43102,2021-07-27,1,37.6,17.2,0.0,43.6,0.334,-0.006
36.6311018855757,8.514435991778237,2023-10-19,0,34.5,14.8,0.0,48.25,0.315,0.06
35.50715425072802,9.18893955108024,2021-06-01,0,24.7,12.4,2.0,62.95,0.147,-0.129
33.73416,10.24268,2018-07-10,1,30.6,17.5,0.0,54.1,0.124,-0.134
35.686214295305234,9.130961678644269,2017-09-09,0,32.3,21.0,0.0,51.55,0.103,-0.178
36.79778,8.63597,2021-08-11,1,42.3,15.7,0.0,36.55,0.438,0.147
36.36524326169155,10.535333644323476,2021-10-01,0,28.6,12.2,0.0,57.1,0.136,-0.02
36.07256872976357,9.693317468823684,2018-10-25,0,22.8,22.4,0.0,65.8,0.499,0.104
36.308162918269694,9.0384906083545,2024-09-14,0,23.5,25.6,0.0,64.75,0.108,-0.138
35.57672566843402,8.88207324865254,2021-07-03,0,40.0,26.5,0.0,40.0,0.101,-0.154
36.725735331559136,8.554965526211856,2024-07-16,0,33.8,12.8,0.0,49.3,0.335,0.021
36.126900989020406,9.846595565931189,2022-05-24,0,35.6,16.0,0.0,46.6,0.113,-0.134
33.36562,8.54564,2022-11-30,1,17.7,19.8,0.0,73.45,0.05,-0.001
31.64688,9.17009,2024-11-22,1,23.5,18.5,0.0,64.75,0.066,-0.122
36.900875907789285,9.317382356939564,2017-05-18,0,29.7,22.6,0.0,55.45,0.541,0.089
32.02446,9.54278,2018-09-09,1,40.9,33.0,0.0,38.650000000000006,0.08,-0.126
36.77665,10.20125,2025-02-03,1,13.5,13.0,10.5,79.75,0.089,-0.056
36.74389163774536,8.651154047645019,2016-06-21,0,21.9,14.8,0.4,67.15,0.477,0.054
35.244069342064094,8.850660657986099,2021-07-16,0,33.2,11.7,0.0,50.2,0.109,-0.151
36.23546822446978,9.963695753265156,2016-09-06,0,28.5,25.1,2.5,57.25,0.445,-0.008
35.48511855193164,8.692232000917322,2023-05-14,0,14.3,22.7,11.7,78.55,0.067,-0.13
36.99322592335651,9.313229487542532,2025-05-15,0,16.1,23.8,6.6,75.85,0.445,0.194
36.49912045678138,10.156933630799726,2023-09-09,0,31.4,16.6,0.0,52.900000000000006,0.195,-0.055
36.31847733811798,9.596536711863868,2023-09-01,0,30.5,17.8,0.3,54.25,0.078,-0.108
36.50921692878018,10.37926905448392,2023-07-01,0,31.4,21.7,0.0,52.900000000000006,0.204,-0.097
35.11024154303352,9.107923153941735,2019-07-21,0,32.6,14.3,0.0,51.1,0.113,-0.127
35.63550266303106,9.334615839676069,2018-08-11,0,31.7,11.4,0.0,52.45,0.068,-0.135
31.06648,9.91106,2016-12-05,1,21.8,24.1,0.0,67.3,0.077,-0.078
36.50717224202272,8.41611821828483,2019-10-09,0,24.5,11.9,0.0,63.25,0.361,-0.089
36.33383659001004,9.115990078842746,2018-08-01,0,36.1,18.2,0.0,45.85,0.161,-0.094
36.43614760570279,9.508700176493464,2018-08-26,0,33.3,15.1,0.0,50.05,0.341,-0.12
36.31609512171588,8.97501167621595,2023-06-25,0,32.3,17.9,0.0,51.55,0.333,0.029
31.64967,9.17055,2023-04-17,1,23.6,24.6,0.0,64.6,0.078,-0.115
36.1662563428378,9.242752315551517,2021-09-25,0,39.4,16.3,0.0,40.900000000000006,0.116,-0.105
35.374640134435104,8.904247129663085,2022-09-27,0,23.1,13.5,0.8,65.35,0.136,-0.094
35.95204658743589,9.17884791658647,2019-07-15,0,28.6,27.0,0.0,57.1,0.183,-0.083
36.80474450454103,10.854554440953825,2017-09-24,0,28.8,16.8,2.5,56.8,0.169,-0.17
36.23520548578548,9.453632079612904,2020-08-01,0,40.7,21.1,0.0,38.95,0.137,-0.152
35.33438,9.16152,2021-08-10,1,39.6,15.5,0.0,40.6,0.25,-0.131
31.40616,9.85304,2018-10-25,1,24.4,21.2,0.0,63.400000000000006,0.084,-0.111
36.89887771689544,9.565948949117509,2017-06-11,0,29.0,14.1,0.0,56.5,0.218,-0.231
36.41716311715811,8.697170511949603,2016-05-08,0,25.7,14.5,0.0,61.45,0.25,0.05
34.86390848539451,8.705675515870535,2018-06-19,0,27.4,26.6,0.1,58.900000000000006,0.137,-0.116
35.20576784758116,8.633281085670351,2018-09-09,0,31.4,15.0,0.0,52.900000000000006,0.311,-0.116
35.80595005900811,9.216329459081786,2017-10-23,0,15.8,28.3,0.8,76.3,0.196,-0.129
35.863859310142715,9.227742113337332,2016-05-14,0,18.9,14.1,3.7,71.65,0.25,0.05
37.22455919885872,9.61670848665824,2016-05-13,0,21.4,31.0,2.0,67.9,0.654,0.215
36.91418,10.16399,2022-07-04,1,31.1,13.7,0.0,53.35,0.175,-0.058
36.76609578806096,8.715370934649194,2025-08-09,0,32.8,14.1,0.0,50.8,0.541,0.264
36.72430578527775,10.93858896283898,2023-08-09,0,30.1,11.5,0.0,54.85,0.189,-0.106
31.64769,9.17168,2023-11-11,1,24.3,14.2,0.0,63.55,0.069,-0.103
35.19268,8.67845,2019-07-07,1,36.1,17.7,0.0,45.85,0.203,-0.113
33.92866,10.08091,2018-06-03,1,30.8,18.1,0.0,53.8,0.081,-0.06
36.194508963910046,9.402284232856058,2023-09-15,0,35.0,19.1,0.0,47.5,0.062,-0.145
36.77695,10.20163,2023-10-23,1,33.8,14.1,0.0,49.3,0.058,-0.102
34.85331768045486,8.755266295435282,2020-07-04,0,33.5,33.5,0.0,49.75,0.103,-0.13
36.090476827251976,9.286996091875396,2025-07-27,0,28.7,23.9,0.0,56.95,-0.005,-0.013
36.67834,9.92141,2020-10-09,1,26.8,14.2,0.0,59.8,0.084,-0.121
36.34721,8.40866,2021-07-26,1,40.2,18.4,0.0,39.7,0.443,0.015
35.15182184518251,8.572213304311774,2021-09-09,0,31.5,25.3,0.0,52.75,0.25,0.05
36.404887375789045,10.009404688027928,2021-10-26,0,20.9,21.9,6.4,68.65,0.25,0.05
36.63455,10.31471,2018-07-21,1,41.1,23.1,0.0,38.35,0.245,-0.078
36.07521054626594,9.660266384305949,2024-05-20,0,29.5,25.7,2.6,55.75,0.153,-0.067
35.39473647534855,8.898433984507221,2025-06-17,0,34.2,18.5,0.0,48.7,0.214,-0.065
35.95250305321723,9.110029023641278,2019-10-01,0,27.8,15.9,0.0,58.3,0.129,-0.16
31.39741,10.01993,2021-08-20,1,40.1,33.4,0.0,39.85,0.074,-0.115
36.35390556280765,9.928002123047667,2018-05-03,0,19.5,44.0,4.9,70.75,0.18,-0.118
37.20086,9.29886,2017-08-01,1,40.6,26.0,0.0,39.1,0.628,0.068
35.77468,9.88868,2017-09-17,1,32.4,20.9,0.0,51.400000000000006,0.083,-0.2
36.30789493574302,10.1661707079221,2019-09-14,0,28.9,11.8,0.0,56.650000000000006,0.181,-0.133
36.27328109758701,9.288965831997489,2024-09-06,0,39.0,19.6,0.0,41.5,0.094,-0.101
36.53556,10.62871,2020-07-14,1,33.0,12.2,0.4,50.5,0.182,-0.2
31.40213,10.02058,2018-06-27,1,30.7,23.2,0.0,53.95,0.097,-0.131
31.6498,9.17128,2023-10-28,1,31.5,18.2,0.0,52.75,0.071,-0.113
34.6026,10.58332,2018-04-17,1,20.6,30.5,3.8,69.1,0.114,-0.103
35.58951678446343,9.061378487727634,2024-05-15,0,36.6,32.0,0.8,45.1,0.083,-0.095
35.62037458830859,8.773244530309931,2019-10-16,0,21.6,11.1,2.7,67.6,0.322,-0.041
36.85104,10.07092,2024-07-08,1,34.6,14.6,0.0,48.1,0.106,-0.091
34.97554656140628,8.668455511627585,2020-05-14,0,33.0,46.6,0.0,50.5,0.221,-0.081
36.50209,10.02917,2023-10-06,1,29.6,20.1,0.0,55.6,0.06,-0.101
36.41149307791841,8.461973623202589,2018-09-09,0,31.9,11.6,0.0,52.150000000000006,0.152,-0.255
35.93695209572549,9.110159407466348,2017-08-17,0,35.2,13.1,0.0,47.2,0.128,-0.141
37.03521347646865,9.81774729646216,2020-08-10,0,34.2,16.9,0.0,48.7,0.269,-0.13
36.58953,10.31688,2017-12-07,1,15.6,10.1,0.0,76.6,0.228,-0.104
35.456173187797575,8.430711595724896,2017-10-17,0,23.9,10.7,0.0,64.15,0.1,-0.146
37.14000903226875,9.57686582862123,2017-06-03,0,31.7,13.1,0.0,52.45,0.2,-0.092
36.58969926185833,8.370065050754924,2020-07-17,0,22.5,19.0,0.0,66.25,0.721,0.183
34.951311194559494,9.045578324693178,2024-05-16,0,33.8,21.9,0.0,49.3,0.114,-0.115
31.70179,9.24283,2021-09-17,1,35.9,24.2,0.0,46.150000000000006,0.069,-0.105
34.59959,10.58544,2024-01-11,1,19.2,24.6,0.0,71.2,0.078,-0.061
35.56753465176352,9.006617194645614,2017-05-06,0,31.7,14.2,0.0,52.45,0.28,-0.074
37.12206567204253,9.29009446499446,2018-09-21,0,23.1,27.8,18.0,65.35,0.39,-0.081
37.16346922889854,9.13302268052535,2021-06-19,0,39.5,21.9,0.0,40.75,0.558,0.134
36.05734874228571,9.918345789633216,2019-10-16,0,24.7,11.0,2.6,62.95,0.202,-0.157
35.48914,8.52896,2017-08-06,1,36.9,13.4,0.2,44.650000000000006,0.324,-0.067
36.71515808503074,8.744452402329888,2020-07-22,0,34.0,17.4,0.0,49.0,0.417,-0.056
34.912664162718656,8.92682472196371,2017-09-19,0,28.2,24.3,0.0,57.7,0.092,-0.177
34.89236196873574,8.69215739076607,2016-07-26,0,32.5,14.8,0.0,51.25,0.1,-0.147
34.92870048883364,8.972297091030239,2017-07-09,0,34.4,11.8,0.0,48.400000000000006,0.114,-0.127
36.16397,8.88357,2019-08-14,1,29.6,21.0,0.0,55.6,0.133,-0.109
36.15992,10.28402,2018-11-28,1,18.4,36.4,0.0,72.4,0.366,0.093
36.330485522613685,9.258790339557189,2025-08-04,0,30.1,15.4,0.0,54.85,0.272,-0.01
35.35339631810481,8.364128249109754,2019-07-08,0,36.9,17.9,0.3,44.650000000000006,0.227,-0.107
36.93387312716108,9.530582860401864,2024-08-15,0,36.1,20.9,12.6,45.85,0.128,-0.056
34.97695603331289,9.033446537755273,2021-08-16,0,37.3,10.2,0.0,44.05,0.102,-0.169
32.29046,10.97312,2017-01-04,1,15.3,25.7,0.0,77.05,0.077,-0.069
36.06216845280888,9.252119285478166,2019-10-24,0,18.7,19.0,3.5,71.95,0.313,-0.097
36.15886,10.28305,2020-11-19,1,20.7,19.9,0.5,68.95,0.113,-0.165
36.71052190228044,10.497003421950485,2025-06-22,0,32.3,16.1,0.0,51.55,0.231,-0.084
37.0602,9.52124,2022-07-18,1,39.4,24.5,0.0,40.900000000000006,0.173,-0.066
36.613137819057,10.526752593625115,2017-06-23,0,32.7,15.1,0.0,50.95,0.329,-0.06
36.884796190578506,9.321987311602104,2019-06-25,0,38.7,18.1,0.0,41.95,0.346,0.023
37.08063380180031,9.8135495202443,2024-09-22,0,31.0,15.8,1.1,53.5,0.127,-0.156
35.1005900755146,8.610615899256377,2018-06-15,0,24.5,23.7,0.0,63.25,0.148,-0.169
36.29114128431595,9.711098087254078,2018-10-27,0,25.3,26.8,0.2,62.05,0.157,-0.206
36.587905515064215,8.856409652190107,2023-06-20,0,40.4,18.8,0.0,39.400000000000006,0.255,-0.05
33.87384,9.99216,2018-04-12,1,22.5,20.8,0.0,66.25,0.071,-0.101
35.6788216936254,9.261968679971057,2017-10-15,0,21.7,10.8,0.0,67.45,0.165,-0.109
36.98042053879206,9.734956247675052,2025-05-08,0,24.8,20.9,30.4,62.8,0.403,0.146
36.39734203872412,8.78019376948354,2017-10-08,0,25.2,8.1,0.0,62.2,0.151,-0.185
36.48920446262725,10.456895866319924,2017-09-10,0,31.2,28.9,12.7,53.2,0.443,-0.004
35.08425401897799,8.977671189223582,2025-05-06,0,25.6,16.5,17.3,61.6,0.098,-0.121
36.92340576437816,9.701891484076777,2020-10-18,0,20.9,17.8,0.5,68.65,0.165,-0.182
35.072728976279045,8.534686602903905,2022-08-01,0,35.8,23.6,0.0,46.3,0.071,-0.12
35.35490149597939,8.625609106532204,2021-06-20,0,37.3,22.2,0.0,44.05,0.25,0.05
36.60936,9.12919,2022-06-10,1,26.9,27.3,0.0,59.650000000000006,0.169,-0.064
37.18799607068397,9.725188007970608,2023-09-13,0,34.8,14.0,0.0,47.8,0.107,-0.157
35.84999,8.59313,2019-12-04,1,14.3,21.5,2.3,78.55,0.041,-0.202
35.077087718581794,8.911692249938667,2021-08-24,0,33.8,17.8,0.0,49.3,0.128,-0.199
36.33426,8.44784,2021-07-26,1,41.4,18.5,0.0,37.900000000000006,0.389,-0.034
36.58624486532335,10.370262751137336,2023-08-15,0,32.1,18.1,0.0,51.85,0.172,-0.068
36.72114504615609,10.93033014577299,2025-10-21,0,27.4,14.9,0.0,58.900000000000006,0.173,-0.093
36.94953189475045,10.019004703535884,2021-05-15,0,24.5,21.1,0.0,63.25,0.345,-0.001
34.895176977680705,8.423431504421123,2022-07-09,0,33.2,23.6,0.0,50.2,0.071,-0.14
36.77716,10.20078,2025-04-09,1,22.9,16.0,0.0,65.65,0.084,-0.074
36.36989,8.37938,2020-08-12,1,37.4,18.6,0.0,43.900000000000006,0.474,0.03
35.637238805462005,8.401586711051552,2024-07-12,0,38.9,20.3,0.0,41.650000000000006,0.07,-0.114
35.88128594561663,9.422173504086532,2017-09-19,0,22.7,26.1,0.0,65.95,0.443,0.035
36.67732,9.92007,2019-07-27,1,38.1,23.9,0.0,42.85,0.06,-0.11
34.82698723842823,8.324686879076326,2023-10-20,0,28.1,31.1,0.0,57.85,0.099,-0.105
35.40137180224865,8.700048732892188,2023-06-16,0,24.7,20.4,0.0,62.95,0.104,-0.086
36.97237,11.03589,2016-12-29,1,15.1,28.2,0.4,77.35,0.25,0.05
35.25973845893185,8.495208673318038,2023-08-20,0,33.2,16.4,0.0,50.2,0.184,-0.096
33.36628,8.55032,2022-11-11,1,26.3,27.4,0.0,60.55,0.084,-0.02
35.15654286903967,9.133277673075217,2019-09-22,0,31.1,15.4,0.0,53.35,0.133,-0.093
36.76583824130135,10.612929501020735,2018-08-10,0,33.8,9.7,0.0,49.3,0.188,-0.167
36.59027,10.31858,2024-01-18,1,22.7,20.0,0.0,65.95,0.047,0.012
36.44886222799996,8.277362987689765,2018-10-26,0,22.6,11.5,0.0,66.1,0.85,0.368
37.24819780561518,9.548820334812184,2023-09-01,0,30.7,17.0,0.0,53.95,0.239,-0.071
36.7642,8.60888,2024-08-31,1,36.3,13.7,0.0,45.55,0.478,0.167
36.59089,10.3164,2018-11-15,1,20.7,11.1,1.1,68.95,0.181,-0.057
35.54614858169436,9.368730413441956,2023-05-02,0,20.6,22.4,1.0,69.1,0.109,-0.108
34.59998,10.58378,2017-04-01,1,26.5,34.4,0.0,60.25,0.139,-0.071
37.12959014447298,9.859204006326015,2022-05-19,0,28.3,14.3,0.0,57.55,0.18,-0.066
35.22082079051274,8.961163068606714,2025-06-12,0,31.6,18.7,0.0,52.6,0.111,-0.13
35.49376494091918,8.530796744300371,2024-09-19,0,24.0,15.8,0.5,64.0,0.067,-0.022
36.55105,8.43032,2017-08-07,1,40.3,13.0,0.5,39.55,0.251,-0.047
36.5639478945267,10.52640254752462,2018-07-27,0,35.9,15.3,0.0,46.150000000000006,0.266,-0.129
31.64649,9.16839,2024-10-17,1,36.0,28.9,0.0,46.0,0.05,-0.12
34.86788176990111,8.338090146556974,2025-08-25,0,36.7,20.3,0.0,44.95,0.086,-0.077
34.77473105336446,8.815771741273094,2017-06-04,0,31.4,20.2,0.0,52.900000000000006,0.106,-0.128
34.90389292224167,8.87831900028742,2023-08-24,0,33.1,10.8,0.0,50.35,0.074,-0.118
35.24623318514655,8.525412009938705,2016-08-20,0,36.7,15.7,0.0,44.95,0.183,-0.13
36.936812291606245,8.816405037097566,2016-05-23,0,20.5,22.7,0.0,69.25,0.25,0.05
34.9120765525407,8.84902128214328,2019-10-22,0,27.1,30.9,0.1,59.35,0.113,-0.119
36.98254313194492,11.056061681928975,2025-07-13,0,33.6,29.0,0.0,49.6,0.201,-0.093
31.52463,9.68981,2017-05-04,1,33.0,30.1,0.0,50.5,0.25,0.05
32.5173,9.68723,2016-07-27,1,34.2,25.3,0.0,48.7,0.073,-0.125
36.05067102047048,9.353088726625169,2017-09-21,0,28.0,16.4,0.0,58.0,0.129,-0.218
31.705,9.24398,2020-08-13,1,40.1,30.3,0.0,39.85,0.063,-0.126
33.92733,10.08167,2018-07-07,1,30.4,16.9,0.0,54.400000000000006,0.06,-0.074
36.04735,8.7894,2016-07-11,1,38.8,18.5,0.0,41.8,0.116,-0.185
35.03791713231028,8.492724816487693,2023-10-08,0,24.8,10.4,0.0,62.8,0.147,-0.072
36.47416,9.29431,2019-08-30,1,28.2,15.0,1.1,57.7,0.22,-0.2
36.90762,9.41207,2025-10-05,1,24.3,21.0,0.0,63.55,0.124,-0.17
35.57538092463411,9.154597007371905,2017-07-14,0,38.2,17.4,0.0,42.7,0.145,-0.114
36.83899,9.09076,2020-08-01,1,38.6,19.8,0.0,42.1,0.25,-0.076
36.46763621268602,10.203230752417475,2020-10-20,0,24.2,19.0,0.0,63.7,0.14,-0.236
36.713323648205176,8.79811171944597,2022-10-16,0,26.9,12.0,0.0,59.650000000000006,0.414,0.122
36.93380630562365,10.828999172098158,2023-06-27,0,27.2,23.5,0.3,59.2,0.07,-0.174
37.26083140200158,9.42596092140869,2016-09-17,0,26.7,15.1,0.8,59.95,0.25,0.05
35.515656807026794,9.116962822579245,2024-05-16,0,32.0,21.0,0.0,52.0,0.293,0.022
35.9106921268757,9.42590269580015,2016-06-05,0,24.0,16.3,0.3,64.0,0.289,0.05
36.85664160061217,10.63042431670114,2025-07-03,0,30.5,15.5,0.0,54.25,0.147,-0.146
37.18885,9.27819,2025-08-27,1,37.9,22.8,0.0,43.150000000000006,0.129,-0.066
36.739271605596365,10.950435594283457,2021-05-13,0,23.4,12.6,0.0,64.9,0.456,0.066
35.311184243899206,8.81145389075061,2022-05-01,0,16.5,18.8,2.4,75.25,0.151,-0.092
37.18868672732654,9.581137263804196,2020-05-08,0,26.8,29.5,0.0,59.8,0.611,0.279
35.62827519585395,8.41831562953246,2021-09-15,0,35.3,13.6,0.0,47.05,0.155,-0.134
37.20645273240428,9.526090547956,2024-07-11,0,32.2,12.6,0.0,51.7,0.289,-0.009
34.60487,10.58322,2018-04-24,1,23.8,20.8,0.0,64.3,0.123,-0.105
36.70334325855599,10.729541046486563,2018-05-10,0,21.4,22.9,0.0,67.9,0.599,0.287
34.714198911784,8.48028622407229,2017-09-01,0,35.3,15.9,0.0,47.05,0.101,-0.132
37.07346347325774,9.579595066929327,2019-07-02,0,36.8,23.8,0.0,44.8,0.263,-0.136
36.44092768895946,9.731243260266009,2018-07-26,0,38.4,24.6,0.0,42.400000000000006,0.109,-0.201
36.06268496750657,9.416502671797566,2019-06-13,0,35.2,22.3,0.0,47.2,0.18,-0.128
36.48504775824186,10.760908195324852,2020-05-18,0,22.8,34.6,0.8,65.8,0.252,-0.006
35.08135936464352,8.668567844286835,2021-09-23,0,28.7,13.1,0.0,56.95,0.099,-0.145
36.40625051960741,9.42885051923237,2018-08-04,0,30.8,13.0,4.1,53.8,0.118,-0.197
36.73387530971552,8.508171182165475,2016-06-24,0,28.6,16.0,0.0,57.1,0.505,0.067
36.90020642910667,9.495069420114788,2024-06-13,0,24.1,20.9,0.0,63.85,0.159,-0.097
36.58417,10.77532,2020-08-03,1,37.9,13.2,0.0,43.150000000000006,0.373,-0.075
37.176669068246746,9.267281259753652,2023-06-08,0,30.2,13.8,14.0,54.7,0.25,0.05
35.71972209890351,8.849182112371404,2018-08-16,0,28.5,13.5,0.0,57.25,0.062,-0.194
36.17628560110813,10.105501739204154,2021-10-05,0,27.7,19.8,6.2,58.45,0.167,-0.179
31.40438,9.85333,2016-08-06,1,36.0,26.6,0.0,46.0,0.083,-0.102
36.57544415041757,8.391073689293494,2025-09-17,0,27.5,12.8,0.0,58.75,0.299,0.002
36.28452349251472,9.982937924833054,2016-08-25,0,30.8,13.3,0.1,53.8,0.138,-0.195
36.152253590080825,10.087644690463785,2024-05-22,0,30.1,17.6,0.2,54.85,0.164,-0.109
31.7061,9.24273,2020-10-08,1,28.9,29.0,0.0,56.650000000000006,0.071,-0.125
35.625029929921624,8.44651108361666,2017-07-17,0,28.9,15.1,0.0,56.650000000000006,0.112,-0.122
35.0705914680226,8.690965925567086,2018-09-27,0,21.7,28.3,0.0,67.45,0.102,-0.078
36.50797504493062,8.933570342527988,2019-10-25,0,19.6,19.8,7.4,70.6,0.142,-0.279
36.93596289766951,9.426272165550673,2025-09-24,0,23.7,23.6,1.3,64.45,0.13,-0.114
36.91353390265673,11.088325156160549,2025-07-02,0,34.3,17.3,0.0,48.55,0.302,0.093
36.38207245752573,8.444892097876867,2017-06-23,0,31.1,14.8,0.5,53.35,0.367,-0.048
36.482845628782805,10.374865978757908,2020-06-12,0,27.6,20.5,0.0,58.6,0.574,0.076
35.38485245011713,8.975955996554436,2020-09-24,0,32.2,17.4,0.0,51.7,0.038,0.008
36.81222273796072,10.590500666503123,2025-10-12,0,25.7,13.1,1.5,61.45,0.331,0.023
36.16324606424824,9.425021740474971,2018-10-25,0,21.2,14.7,0.0,68.2,0.201,-0.143
35.77589,9.89045,2020-06-14,1,32.1,22.3,0.0,51.85,0.078,-0.152
35.54442202673463,8.929892516772801,2018-09-12,0,31.3,18.0,0.0,53.05,0.149,-0.164
35.40699,9.22455,2021-07-05,1,36.9,15.0,0.0,44.650000000000006,0.229,-0.127
36.46723917652794,10.4863804385744,2019-09-10,0,26.8,20.1,12.8,59.8,0.119,-0.118
36.928887377124816,10.998084002333892,2017-07-22,0,32.7,22.4,0.0,50.95,0.21,-0.157
34.91425006554644,8.396784023318288,2022-08-18,0,39.5,29.9,0.0,40.75,0.072,-0.132
36.67139826589416,10.739953446262032,2025-09-16,0,33.9,10.6,0.0,49.150000000000006,0.199,-0.102
32.28802,10.97675,2017-03-22,1,18.6,23.2,0.0,72.1,0.084,-0.105
36.07708830324994,9.358330867239586,2018-09-16,0,33.2,14.7,0.0,50.2,0.1,-0.115
36.47425015397721,9.752192975364547,2023-08-12,0,35.6,18.6,0.0,46.6,0.057,-0.163
35.51601243906335,8.853893710803426,2018-07-24,0,31.9,15.9,0.0,52.150000000000006,0.122,-0.148
36.59276,9.62483,2022-06-27,1,45.6,23.7,0.0,31.599999999999994,0.216,-0.067
36.59214,10.31873,2020-11-07,1,23.8,13.5,0.0,64.3,0.087,-0.207
36.07733282168332,9.38120509923802,2023-06-27,0,31.6,17.3,0.0,52.6,0.094,-0.11
36.50248,10.02814,2023-06-12,1,31.9,16.8,0.0,52.150000000000006,0.064,-0.084
37.0140050832616,9.378577078061822,2023-06-05,0,23.5,15.1,2.4,64.75,0.298,0.003
35.47227,8.54654,2017-08-05,1,36.4,12.6,0.1,45.400000000000006,0.415,0.006
36.70477052328148,8.628431576482507,2018-09-19,0,27.2,11.6,0.2,59.2,0.345,-0.189
34.69325318465556,8.540176073910494,2024-06-06,0,31.5,22.9,0.0,52.75,0.086,-0.1
34.98830611970873,8.955055313839427,2024-10-23,0,20.5,16.4,0.5,69.25,0.13,-0.082
37.02387341145854,9.40489059682083,2023-06-21,0,35.9,20.2,0.0,46.150000000000006,0.252,-0.034
36.45989878400865,10.05506810086148,2023-06-11,0,30.3,18.1,0.2,54.55,0.127,-0.184
36.77607,10.20032,2024-10-04,1,28.8,16.9,0.0,56.8,0.077,-0.069
36.137382889189325,9.238000550679608,2025-05-06,0,22.1,13.9,3.7,66.85,0.291,0.06
35.3191,10.68243,2017-05-29,1,26.8,19.0,0.0,59.8,0.25,0.05
36.45508977697144,9.81754598294627,2021-07-01,0,36.6,20.2,0.0,45.1,0.142,-0.176
33.9295,10.08269,2022-06-27,1,38.4,21.7,0.0,42.400000000000006,0.045,-0.046
34.761219101434094,8.400719184223396,2024-08-08,0,37.8,18.8,0.0,43.3,0.077,-0.108
35.08292,8.8946,2021-07-08,1,34.5,13.1,0.0,48.25,0.136,-0.18
36.12607189144499,9.580686420985458,2020-05-15,0,26.7,17.9,0.2,59.95,0.452,0.096
34.8485206771301,8.708138883608928,2022-07-07,0,39.7,38.3,0.0,40.45,0.071,-0.103
35.85531461055419,9.518220095104834,2021-05-18,0,29.7,14.6,0.0,55.45,0.219,-0.093
35.39749053410655,8.727887263796337,2017-06-16,0,34.7,18.2,0.0,47.95,0.155,-0.181
37.251143330975296,9.45152919639537,2016-10-16,0,24.0,14.6,0.0,64.0,0.229,-0.154
35.92604166833461,9.44190890762403,2017-08-03,0,37.7,14.4,0.0,43.45,0.453,0.011
36.79427604422945,10.622243723493703,2019-05-01,0,18.0,12.6,0.0,73.0,0.454,0.058
37.07178625987039,9.349946297714055,2022-09-06,0,35.8,14.5,0.0,46.3,0.189,-0.119
36.89387087371624,11.101719725671302,2022-07-16,0,32.2,11.9,0.0,51.7,0.156,-0.115
35.19136,8.66244,2019-07-16,1,27.5,25.1,0.0,58.75,0.167,-0.163
36.67654,9.92142,2025-04-24,1,21.7,20.5,0.0,67.45,0.189,0.024
36.37247942863876,9.390956649047032,2023-07-26,0,33.4,19.1,0.0,49.900000000000006,0.112,-0.151
36.42656467386011,10.532897039807054,2019-10-18,0,26.6,10.7,0.0,60.1,0.362,-0.075
36.58537853619469,10.435219108087889,2023-08-20,0,31.9,17.9,0.0,52.150000000000006,0.31,0.031
35.07325223245881,8.700736276360786,2016-09-11,0,28.5,12.2,0.9,57.25,0.1,-0.127
37.15377122214512,10.075342502078389,2024-08-18,0,31.3,26.4,0.3,53.05,0.15,-0.111
36.64132629460405,10.796217803571276,2021-09-11,0,28.6,25.7,0.5,57.1,0.136,-0.228
35.4518,9.2382,2017-06-29,1,39.6,21.3,0.0,40.6,0.348,-0.07
36.1615910348752,9.251739526366286,2020-10-23,0,30.1,16.3,0.0,54.85,0.374,-0.002
36.45998385486663,9.7502115776727,2022-07-26,0,41.4,22.7,0.0,37.900000000000006,0.096,-0.146
36.503992011532326,10.766094232346326,2022-07-15,0,29.7,16.0,0.0,55.45,0.124,-0.033
35.66552996873085,8.847215602435014,2025-10-03,0,18.7,21.7,1.5,71.95,0.12,-0.082
35.754772346751075,8.774291238223446,2017-10-13,0,23.0,11.8,0.0,65.5,0.102,-0.175
31.64782,9.16919,2024-09-11,1,33.6,27.0,0.0,49.6,0.058,-0.128
36.21053612070504,9.207420541134788,2019-06-17,0,31.2,18.5,0.0,53.2,0.189,-0.076
35.71452453882927,9.156679114140456,2020-09-11,0,24.9,12.6,0.4,62.650000000000006,0.089,-0.193
35.28089973532113,9.04888842540542,2022-05-12,0,24.4,10.1,0.0,63.400000000000006,0.229,-0.004
35.28571105437731,8.990899589876964,2017-09-18,0,30.6,12.9,0.1,54.1,0.15,-0.152
37.23464124583931,9.897975125964235,2018-05-02,0,17.7,46.7,33.1,73.45,0.546,0.166
36.52666855321414,8.965006786607148,2017-06-22,0,36.3,17.6,1.6,45.55,0.195,-0.091
35.947064607594235,9.269626441182991,2023-06-22,0,33.0,13.7,0.0,50.5,0.172,-0.051
35.17206382987272,8.557954968047575,2021-06-20,0,35.9,28.8,0.0,46.150000000000006,0.335,-0.088
35.32616,8.87764,2019-08-22,1,29.4,9.5,2.8,55.900000000000006,0.195,-0.15
36.58914,10.31746,2023-01-16,1,18.9,23.2,0.0,71.65,0.078,-0.112
31.65201,10.2381,2016-05-09,1,36.2,25.0,0.0,45.7,0.077,-0.104
36.33057872824648,10.188088724988974,2025-10-04,0,25.3,14.0,0.0,62.05,0.138,-0.087
36.85248,9.11221,2019-08-19,1,36.3,19.6,0.0,45.55,0.317,-0.024
33.8733,9.99168,2019-10-16,1,25.7,19.9,4.7,61.45,0.057,-0.196
35.77579,9.88978,2024-11-07,1,20.7,17.1,4.5,68.95,0.079,-0.171
37.12903347826138,9.64944165986562,2017-06-09,0,33.2,17.1,0.0,50.2,0.649,0.135
31.49234,9.49397,2023-10-18,1,35.2,23.2,0.0,47.2,0.062,-0.09
35.02390289804941,8.581111968899672,2016-08-23,0,31.0,16.6,0.0,53.5,0.101,-0.137
31.40312,9.8531,2016-03-06,1,22.1,24.0,0.0,66.85,0.25,0.05
31.64875,9.17086,2019-02-13,1,14.0,19.5,0.0,79.0,0.102,-0.102
36.952052399416345,10.865648036150157,2022-07-21,0,35.9,11.7,0.0,46.150000000000006,0.195,-0.085
36.244491897075896,9.40550944715198,2019-09-17,0,34.1,13.7,0.1,48.85,0.153,-0.153
35.086254354811146,8.465596229166652,2018-10-11,0,23.1,15.5,1.9,65.35,0.232,-0.069
36.3494185829049,10.175119629025652,2023-05-18,0,20.7,16.2,1.4,68.95,0.113,-0.115
36.542127669157104,10.695548320544091,2017-09-21,0,25.3,13.3,0.0,62.05,0.439,-0.029
36.44856633464525,10.307287588081262,2021-07-02,0,36.1,15.3,0.0,45.85,0.211,-0.088
36.601254301582784,10.598724665307698,2023-08-09,0,34.0,14.2,0.0,49.0,0.4,0.096
34.852593054561964,8.578731394800545,2020-07-02,0,41.2,26.1,0.0,38.2,0.116,-0.149
35.36884383835671,8.395146327034151,2016-08-06,0,29.4,18.4,0.0,55.900000000000006,0.08,-0.156
32.28933,10.97355,2021-03-19,1,22.2,21.2,0.0,66.7,0.076,-0.12
34.31118,8.42982,2016-06-30,1,40.8,23.1,0.0,38.8,0.25,0.05
32.28984,10.97422,2018-07-12,1,39.9,22.6,0.0,40.150000000000006,0.072,-0.121
37.05243274138472,11.019960160508402,2016-08-09,0,27.4,20.7,0.0,58.900000000000006,0.138,-0.217
36.22284765125257,9.443698204713392,2020-10-03,0,26.4,23.4,0.1,60.400000000000006,0.149,-0.257
36.255305325829966,9.593472137347725,2023-07-10,0,40.9,13.3,0.0,38.650000000000006,0.125,-0.126
35.77783,9.89039,2020-07-12,1,36.5,18.3,0.0,45.25,0.056,-0.188
31.64742,9.17008,2023-03-26,1,29.2,15.1,0.0,56.2,0.082,-0.091
36.08902458912424,10.002116133908624,2022-08-17,0,44.3,21.3,0.0,33.55000000000001,0.129,-0.102
36.25356368091781,9.920167317802685,2019-09-08,0,28.3,10.9,16.7,57.55,0.156,-0.04
36.02053,9.63735,2022-07-25,1,35.3,10.2,0.0,47.05,0.309,0.072
31.7,9.2442,2018-10-14,1,27.4,16.2,0.0,58.900000000000006,0.078,-0.112
36.99747446362564,9.291771208709276,2020-05-14,0,35.8,33.2,0.0,46.3,0.625,0.214
35.1129478513879,9.152453174347649,2022-07-01,0,42.7,21.0,0.0,35.94999999999999,0.1,-0.12
36.63680266466937,10.524848051254814,2024-10-22,0,22.3,16.9,8.0,66.55,0.123,0.033
35.47437478183826,8.611700328389844,2020-09-17,0,26.9,10.2,0.0,59.650000000000006,0.312,-0.036
35.41411976899722,9.085185142285573,2017-07-13,0,38.6,19.6,0.0,42.1,0.122,-0.148
37.08231244101074,9.925903250753178,2020-09-17,0,27.7,18.9,0.0,58.45,0.177,-0.234
35.803337237197226,9.273661980286883,2024-05-26,0,26.7,10.8,0.0,59.95,0.127,-0.131
35.70570039989352,9.364884061610953,2017-08-12,0,31.1,12.0,0.2,53.35,0.119,-0.124
31.40606,9.85689,2018-10-27,1,25.4,23.3,0.0,61.900000000000006,0.042,-0.068
35.10841,8.93054,2020-08-03,1,36.5,23.2,0.0,45.25,0.213,-0.266
35.242299768655734,8.940303525858296,2020-08-12,0,35.7,12.5,0.0,46.45,0.145,-0.227
34.948716420019856,8.82699605566349,2025-05-16,0,20.1,32.4,0.4,69.85,0.107,-0.086
34.916521153898266,8.751652740417306,2021-07-05,0,39.8,22.1,0.0,40.3,0.094,-0.155
34.89899551460549,8.326737154851601,2025-10-14,0,25.2,16.7,0.0,62.2,0.092,-0.105
35.578923640158045,8.754167941972444,2025-10-06,0,18.4,27.5,2.7,72.4,0.132,-0.008
36.34755764369327,9.70579921407026,2024-06-20,0,40.0,20.2,0.0,40.0,0.113,-0.116
34.95965505283005,8.685057107774469,2016-10-06,0,27.5,8.7,0.0,58.75,0.109,-0.15
36.65723015214338,8.703242308047562,2017-05-11,0,30.4,28.5,0.0,54.400000000000006,0.598,0.146
36.30595636078877,9.892156926727004,2016-10-12,0,25.8,14.1,0.0,61.3,0.161,-0.211
35.21948393133205,9.26189734790186,2019-07-14,0,44.0,24.7,0.0,34.0,0.152,-0.129
36.886290948987856,8.639507344927877,2018-08-21,0,23.0,14.0,8.3,65.5,0.665,0.235
35.05469223185573,8.38536289869599,2020-09-02,0,26.2,14.6,2.4,60.7,0.102,-0.167
35.57892347396993,8.832718908604884,2025-07-21,0,40.9,16.9,0.0,38.650000000000006,0.079,-0.122
36.449853974213184,10.153244073547576,2018-07-16,0,40.7,14.9,0.0,38.95,0.122,-0.172
36.32183416781362,9.05382236060612,2025-09-22,0,31.5,11.2,9.0,52.75,0.204,-0.064
36.665416697455534,8.854764387616013,2019-10-05,0,26.2,13.3,0.0,60.7,0.216,-0.184
37.15067161360604,9.489616017427664,2025-08-01,0,29.6,12.0,0.0,55.6,0.157,0.04
35.79807991582015,9.439291686523497,2019-06-19,0,35.0,18.0,0.0,47.5,0.321,-0.01
36.55705999541173,10.639547364888616,2019-05-24,0,24.2,20.3,0.0,63.7,0.394,0.01
35.023528581038576,8.721039582052747,2016-09-12,0,27.0,11.7,0.3,59.5,0.092,-0.153
36.435778269518416,9.6946602202459,2024-08-03,0,36.1,24.7,0.0,45.85,0.095,-0.124
36.78746309545842,10.709249847820324,2017-07-23,0,39.7,12.8,0.0,40.45,0.249,-0.131
36.526839486955936,9.814692169377995,2023-09-13,0,37.4,18.8,0.0,43.900000000000006,0.085,-0.187
37.06611315288367,9.81173001862941,2020-09-08,0,30.6,15.3,0.1,54.1,0.175,-0.204
36.32464111069043,8.984517240151824,2020-09-03,0,28.8,12.5,0.0,56.8,0.552,0.114
36.71338014141618,8.795027945631434,2021-10-12,0,18.6,12.7,0.0,72.1,0.415,0.108
36.30087972375414,9.716411919195195,2018-07-12,0,41.4,19.4,0.0,37.900000000000006,0.211,-0.127
35.68332890548787,9.204833257289264,2020-07-06,0,27.0,20.4,0.0,59.5,0.197,-0.142
36.22191885364214,9.548444884049946,2024-08-27,0,33.5,12.9,0.0,49.75,0.083,-0.13
36.460297070377614,8.80677527434197,2022-05-02,0,24.9,11.4,0.8,62.650000000000006,0.443,0.192
34.93040255220358,8.532957565498679,2021-08-08,0,41.5,23.2,0.0,37.75,0.09,-0.121
37.04937454237649,9.827532094413453,2019-06-18,0,30.3,14.4,0.0,54.55,0.276,-0.123
31.0012,10.06294,2021-04-25,1,30.7,27.1,0.0,53.95,0.063,-0.08
36.66714214314309,8.88624523320311,2022-10-16,0,31.4,12.3,0.0,52.900000000000006,0.196,-0.096
36.6705,8.90373,2024-11-25,1,20.5,5.7,0.0,69.25,0.064,0.069
36.26146917428295,10.167715106508911,2020-10-18,0,21.8,14.3,0.1,67.3,0.312,-0.09
36.03197901363205,9.576326374834268,2024-05-12,0,24.1,13.6,0.1,63.85,0.337,0.049
36.61982019469996,9.033809615430831,2021-08-26,0,33.7,13.7,0.0,49.45,0.167,-0.14
34.7683590881478,8.435864217027078,2025-10-10,0,25.7,12.7,0.0,61.45,0.099,-0.094
36.25946846666816,10.29969278786852,2016-05-05,0,22.2,17.2,0.0,66.7,0.239,-0.12
35.18668693275088,9.055221345726466,2018-05-13,0,29.4,22.5,0.3,55.900000000000006,0.172,-0.115
36.67556,9.92084,2022-10-03,1,30.6,17.6,0.0,54.1,0.082,-0.101
36.79234,9.43923,2020-09-09,1,32.1,14.0,0.0,51.85,0.113,-0.156
35.452742694724726,8.439670339117024,2021-08-17,0,37.3,16.9,0.0,44.05,0.075,-0.184
36.07476144161701,9.830955177817565,2017-07-24,0,42.2,24.3,1.9,36.7,0.168,-0.119
35.18810041457559,9.02561474578753,2017-05-01,0,24.2,13.3,1.9,63.7,0.206,-0.087
34.87602780630098,8.386357807526906,2019-06-09,0,34.3,23.7,0.0,48.55,0.156,-0.122
36.3983056974186,8.405341165055066,2024-10-23,0,23.4,11.4,0.9,64.9,0.119,-0.147
35.21012819974911,9.036841386438375,2016-08-18,0,35.1,13.4,0.0,47.35,0.132,-0.158
37.013098190643554,9.662108162044664,2021-08-26,0,32.5,19.4,0.0,51.25,0.155,-0.117
36.50126,10.02809,2018-08-29,1,31.6,17.1,0.0,52.6,0.099,-0.172
34.75794409054249,8.490660221498416,2019-06-26,0,37.2,23.0,0.0,44.2,0.155,-0.142
36.87856872596791,8.65636607970237,2021-05-08,0,22.1,9.5,0.0,66.85,0.838,0.285
37.11704727012257,9.771935349412582,2016-07-04,0,32.6,13.6,0.0,51.1,0.154,-0.169
31.6493,9.17078,2022-10-23,1,27.6,13.3,0.0,58.6,0.073,-0.112
36.359688599486766,10.19570833846497,2021-10-26,0,20.8,23.0,3.1,68.8,0.048,-0.073
36.81572652687198,9.447415926577364,2016-08-11,0,27.5,20.5,0.7,58.75,0.159,-0.153
34.87720290146402,8.999260208525635,2019-08-13,0,37.4,14.4,0.0,43.900000000000006,0.121,-0.152
35.70519897844246,8.908312428915686,2021-07-17,0,28.8,27.5,0.0,56.8,0.072,-0.166
34.83586691522344,8.603730634595522,2016-10-02,0,27.6,13.7,0.0,58.6,0.105,-0.136
36.15766,10.28345,2018-12-21,1,17.6,14.7,0.0,73.6,0.25,0.05
36.75373092557033,10.842182286145816,2017-05-03,0,19.3,13.2,0.6,71.05,0.436,0.051
31.40654,9.85211,2019-07-29,1,43.1,21.3,0.0,35.349999999999994,0.087,-0.099
36.31967935288844,9.700329687229452,2018-08-18,0,31.4,18.7,3.7,52.900000000000006,0.128,-0.168
35.21799,8.69982,2019-07-10,1,36.6,17.1,0.0,45.1,0.255,-0.096
37.02944016747471,9.42824155990963,2017-09-26,0,27.3,14.1,0.1,59.05,0.143,-0.179
35.92951528097855,9.339822845706756,2019-09-11,0,24.9,17.0,0.1,62.650000000000006,0.181,-0.152
34.88504474357117,8.917936312582704,2018-07-06,0,37.0,17.3,0.0,44.5,0.084,-0.147
36.17617859454125,9.937419691483294,2024-05-12,0,26.0,12.0,0.0,61.0,0.192,-0.033
31.36978,9.96327,2016-04-09,1,23.0,32.4,0.0,65.5,0.25,0.05
37.312081467961626,9.786271430173834,2017-08-25,0,32.4,27.0,0.0,51.400000000000006,0.205,-0.126
37.05635,9.12936,2017-08-04,1,42.2,19.3,0.0,36.7,0.59,0.133
36.75347915849925,8.452113582691224,2019-06-15,0,25.2,13.4,0.0,62.2,0.542,0.041
35.53481986936208,9.39834099652314,2023-08-24,0,35.6,21.0,0.0,46.6,0.172,-0.034
35.10119866532534,8.810142558115787,2018-07-25,0,35.3,13.4,0.0,47.05,0.135,-0.125
36.13041593356254,9.72674793513352,2023-10-06,0,26.7,14.4,0.0,59.95,0.152,-0.096
34.99170210377368,8.621794406605515,2019-09-27,0,28.2,18.8,0.0,57.7,0.239,-0.069
33.52591,8.89065,2021-11-02,1,29.6,20.9,0.0,55.6,0.25,0.05
35.536214567360254,8.616664625151783,2023-08-10,0,32.6,14.8,0.0,51.1,0.103,-0.102
35.13772891613803,9.011110900315805,2019-05-23,0,26.0,12.1,1.1,61.0,0.251,-0.08
36.38947858632622,8.991583290311459,2017-10-23,0,19.5,29.8,1.0,70.75,0.178,-0.21
35.762683401359084,8.713645354065136,2020-05-25,0,30.6,16.9,0.0,54.1,0.139,-0.141
36.54869027137847,9.035367383910287,2023-05-08,0,20.1,17.3,7.8,69.85,0.148,-0.106
36.70141,10.66547,2017-07-12,1,38.1,18.2,0.0,42.85,0.503,0.029
34.68645,10.64121,2019-07-13,1,33.5,24.5,0.0,49.75,0.096,-0.104
37.32000247656476,9.70702001480459,2022-07-16,0,32.0,14.3,0.0,52.0,0.377,0.116
35.1557120652872,9.055355490303892,2018-08-11,0,31.7,11.2,2.5,52.45,0.125,-0.158
35.82425473551747,9.473960366781291,2016-08-16,0,34.0,10.7,0.0,49.0,0.173,-0.139
36.20753990141741,10.10934076963885,2022-08-16,0,40.2,16.6,0.0,39.7,0.13,-0.123
35.16922,8.61602,2021-06-29,1,36.8,25.6,0.0,44.8,0.272,-0.093
36.87782638202076,8.690979102783066,2016-10-24,0,33.4,22.0,0.0,49.900000000000006,0.25,0.05
36.43007,8.43207,2024-03-30,1,27.4,16.4,0.0,58.900000000000006,0.358,0.084
31.70187,9.24109,2023-03-04,1,16.9,22.3,0.0,74.65,0.066,-0.08
36.85346728274586,10.71226472595165,2021-08-18,0,28.4,25.9,0.0,57.400000000000006,0.245,-0.115
36.34080663895704,9.824837643371348,2016-08-17,0,34.5,15.3,2.9,48.25,0.111,-0.169
36.44873410842146,10.672551249188494,2020-05-01,0,24.7,10.7,0.0,62.95,0.25,0.05
35.51129931169539,8.40712136738436,2017-08-18,0,33.8,12.3,0.0,49.3,0.084,-0.077
36.49783455905997,9.941755324113474,2016-10-25,0,32.8,10.7,0.0,50.8,0.275,-0.056
31.40612,9.85571,2019-10-13,1,28.4,20.5,0.0,57.400000000000006,0.048,-0.084
36.61202749305462,10.466545676504255,2021-08-07,0,35.3,25.8,0.0,47.05,0.259,-0.102
35.126697089211206,8.592263015239373,2024-05-18,0,30.8,19.2,0.3,53.8,0.085,-0.113
36.83684761627089,10.94534876167941,2025-08-16,0,29.5,21.3,2.9,55.75,0.114,-0.152
36.57966,8.92146,2016-09-22,1,30.8,13.1,0.0,53.8,0.25,0.05
35.18123135468181,8.878430768211734,2022-08-25,0,35.0,14.8,0.0,47.5,0.186,-0.03
36.39426,8.84718,2019-09-06,1,25.9,16.0,0.4,61.150000000000006,0.162,-0.185
36.616160730597976,8.901926893822639,2017-07-04,0,35.0,19.7,0.0,47.5,0.265,-0.009
35.0564469822514,8.791795532827043,2017-05-24,0,27.6,12.6,0.4,58.6,0.132,-0.123
36.18212274834303,9.465808863226677,2022-10-05,0,27.1,13.3,0.0,59.35,0.18,-0.064
36.046462838374296,9.908553822723553,2021-07-21,0,37.8,19.8,0.0,43.3,0.103,-0.177
36.47188990607128,9.963800124229335,2016-09-02,0,31.1,15.7,0.1,53.35,0.102,-0.226
35.70689879366103,8.74899498102488,2022-06-11,0,28.8,14.9,0.0,56.8,0.016,0.089
36.423607887584666,10.100608193937015,2022-07-04,0,40.8,16.1,0.0,38.8,0.157,-0.114
35.72201229478555,9.039083988370624,2016-10-11,0,24.4,14.4,0.0,63.400000000000006,0.136,-0.139
36.41391688645589,9.975245697192127,2023-06-08,0,29.6,16.1,0.4,55.6,0.153,-0.127
35.47985945106292,9.35508179055081,2019-07-25,0,36.8,13.7,0.0,44.8,0.141,-0.173
37.31314557510285,9.708644070750076,2021-07-14,0,26.7,22.4,0.0,59.95,0.18,-0.152
37.1059,9.75412,2018-08-31,1,33.1,13.2,0.5,50.35,0.171,-0.26
36.156870512546185,9.61209836725738,2019-06-21,0,37.1,17.9,0.0,44.35,0.179,-0.195
31.40071,10.02309,2017-03-06,1,22.9,27.4,0.0,65.65,0.094,-0.127
33.87149,9.99389,2025-11-01,1,26.2,11.6,0.0,60.7,0.028,-0.114
34.76328386191617,8.78814423965972,2022-07-10,0,32.5,23.6,0.0,51.25,0.16,-0.2
35.30908588928763,8.480880546427189,2023-05-12,0,21.8,22.0,0.5,67.3,0.137,-0.101
36.32951891306167,10.360157302204149,2023-09-26,0,26.1,24.6,0.5,60.85,0.181,-0.047
35.519887329796774,8.75273405787208,2016-09-17,0,28.4,11.6,1.2,57.400000000000006,0.093,-0.168
36.95290330023169,9.546632898037124,2019-09-27,0,27.7,14.1,0.0,58.45,0.381,-0.071
35.489981569946266,8.656054029800707,2018-05-12,0,23.8,13.3,0.0,64.3,0.513,-0.003
36.5686,8.72235,2020-08-20,1,42.5,17.1,0.0,36.25,0.249,-0.123
34.68178701151973,8.592088214239514,2024-07-01,0,43.0,35.7,0.0,35.5,0.072,-0.097
35.63094074153906,8.547106406512288,2025-05-12,0,22.8,11.3,0.1,65.8,0.215,-0.002
37.16671,9.56851,2024-09-29,1,24.9,17.1,0.0,62.650000000000006,0.115,-0.107
36.19156705360672,9.448037488213885,2024-09-19,0,25.7,12.5,1.2,61.45,0.114,-0.14
35.63345268440385,8.897377716625082,2020-05-21,0,22.6,27.3,0.0,66.1,0.297,-0.019
36.11751197713442,10.125971626508033,2019-08-24,0,35.6,21.6,0.2,46.6,0.223,-0.145
36.642412913542096,8.943959280531907,2024-07-10,0,39.9,15.5,0.0,40.150000000000006,0.146,-0.067
31.00286,10.06029,2020-11-17,1,22.4,16.1,0.0,66.4,0.08,-0.089
36.04206301713476,9.39505274572248,2024-08-12,0,39.7,22.1,0.0,40.45,0.09,-0.107
36.15747,10.2842,2022-04-11,1,18.8,20.3,0.0,71.8,0.102,-0.076
37.10787739872133,9.453042530050142,2024-06-26,0,30.5,12.0,0.0,54.25,0.314,0.033
33.36348,8.54693,2023-12-12,1,20.8,13.3,0.0,68.8,0.059,0.007
35.03401163529758,8.842840596176217,2016-08-22,0,32.8,17.3,0.0,50.8,0.108,-0.123
36.59277376433632,8.929357277330222,2024-08-15,0,39.3,24.6,1.0,41.05,0.135,-0.091
35.03314026128569,8.95752177763109,2024-09-07,0,34.7,12.1,0.2,47.95,0.069,-0.117
36.53322,10.82229,2017-11-15,1,13.9,27.2,12.2,79.15,0.578,0.133
37.05934,9.6203,2021-08-07,1,44.7,27.2,0.0,32.94999999999999,0.177,-0.146
35.53708533342796,9.059997724611664,2024-07-05,0,36.3,15.4,0.0,45.55,0.124,-0.046
35.113612019559575,8.810048218056236,2019-05-06,0,21.3,17.6,0.0,68.05,0.201,-0.024
36.41013012404793,8.79861191028967,2017-07-04,0,34.4,16.7,0.0,48.400000000000006,0.184,-0.147
36.10822836563344,9.360801918010385,2024-05-21,0,26.3,15.5,0.0,60.55,0.097,-0.098
35.31855,8.83159,2020-06-20,1,25.9,21.7,0.0,61.150000000000006,0.246,-0.151
35.3682411656771,8.572800482030736,2022-05-09,0,19.8,17.4,0.3,70.3,0.1,-0.071
36.243073526142304,9.82211896341408,2019-05-04,0,18.7,28.6,1.1,71.95,0.503,0.01
35.12444,8.92312,2021-06-19,1,37.0,14.7,0.0,44.5,0.201,-0.173
35.46711,9.01645,2020-08-03,1,35.9,22.7,0.0,46.150000000000006,0.348,-0.043
31.64602,9.17078,2024-05-11,1,27.8,14.3,0.0,58.3,0.066,-0.087
34.6633471893533,8.577766705655062,2020-07-03,0,39.4,25.6,0.0,40.900000000000006,0.109,-0.13
36.417364714961465,9.95268173952653,2025-09-06,0,35.8,15.3,0.0,46.3,0.1,-0.165
36.6759,9.9223,2025-07-23,1,43.1,21.7,0.0,35.349999999999994,0.089,-0.125
32.29007,10.97384,2017-12-10,1,17.6,14.0,0.0,73.6,0.099,-0.073
34.95153019369617,8.83038405997071,2023-10-07,0,27.0,16.5,0.0,59.5,0.089,-0.084
36.45862973063627,9.821744569474909,2024-08-19,0,32.5,21.9,0.0,51.25,0.106,-0.157
35.95392,8.86479,2019-07-20,1,35.3,19.1,0.0,47.05,0.126,-0.15
33.8741,9.9915,2025-03-19,1,21.7,30.0,0.1,67.45,0.081,-0.06
35.08434662221261,8.558284216576903,2023-08-11,0,35.1,20.5,0.0,47.35,0.068,-0.106
36.10885611511118,9.34081648519362,2020-09-09,0,29.5,15.1,0.0,55.75,0.116,-0.19
36.38510913356943,9.680165060855154,2018-08-02,0,37.3,20.2,0.0,44.05,0.104,-0.212
36.295708398276425,9.2878468065731,2023-08-14,0,35.1,12.2,0.0,47.35,0.086,-0.151
36.42628197680268,10.195453025169238,2017-06-26,0,37.8,17.6,0.0,43.3,0.151,-0.165
32.29068,10.97386,2019-02-10,1,19.6,16.5,0.0,70.6,0.105,-0.071
37.2528101831923,9.920112706833432,2023-05-21,0,20.8,29.6,2.6,68.8,0.344,0.126
35.77517,9.89207,2016-11-29,1,18.0,18.3,1.2,73.0,0.11,-0.166
36.53086,10.82333,2017-12-17,1,13.0,27.1,0.0,80.5,0.487,0.101
35.621270343266964,8.80129381949701,2019-10-14,0,25.7,17.7,0.0,61.45,0.161,-0.113
34.92553259189367,8.8162510489714,2016-07-01,0,36.3,18.6,0.7,45.55,0.25,0.05
34.970748930248355,8.819847091497177,2021-08-09,0,39.8,16.6,0.0,40.3,0.102,-0.162
36.38697834769862,10.317925730351345,2018-09-27,0,23.7,18.1,0.0,64.45,0.333,-0.13
37.1382,9.93491,2023-07-18,1,36.5,17.8,0.0,45.25,0.135,-0.132
35.37035952101902,8.630879428168,2022-06-13,0,31.9,14.5,0.0,52.150000000000006,0.209,-0.029
36.583108083185095,10.785499441741273,2016-09-26,0,23.3,19.6,1.1,65.05,0.148,-0.198
36.63469141886534,10.791927126219685,2018-05-20,0,24.7,12.2,3.2,62.95,0.25,0.05
36.84591669005259,9.532113516347271,2020-06-04,0,35.4,20.1,0.0,46.900000000000006,0.259,-0.106
36.51827,10.13829,2025-09-13,1,30.7,15.7,0.0,53.95,0.052,0.0
36.9722315084805,9.520846594331964,2021-05-09,0,28.9,21.5,0.0,56.650000000000006,0.697,0.191
36.76874931241808,10.756213351622808,2022-06-17,0,35.4,8.9,0.0,46.900000000000006,0.246,-0.042
36.05516755749987,10.006981481746374,2019-06-05,0,37.2,19.0,0.0,44.2,0.186,-0.14
36.479638803155126,10.060050884338873,2021-07-12,0,41.1,21.2,0.0,38.35,0.153,-0.146
36.6152543072454,8.808926431457936,2023-05-23,0,28.7,16.2,0.0,56.95,0.25,0.05
36.97442829779919,9.575783581500184,2017-10-17,0,27.8,12.1,0.0,58.3,0.175,-0.189
35.00576,10.62733,2022-12-05,1,22.6,18.6,0.0,66.1,0.095,-0.108
36.43036142609665,8.82757392309759,2021-08-20,0,37.4,17.3,0.0,43.900000000000006,0.119,-0.133
35.380501503306995,8.528926432845756,2023-07-07,0,40.2,17.8,0.0,39.7,0.157,-0.073
35.57033422413711,8.45166321872042,2022-05-15,0,31.9,20.2,0.0,52.150000000000006,0.146,-0.06
35.95430999895882,9.229714592159691,2023-06-24,0,29.9,12.1,0.0,55.150000000000006,0.163,-0.053
35.999218073493374,9.22845127230732,2017-10-08,0,20.9,10.8,0.0,68.65,0.103,-0.131
36.50167,10.02557,2023-11-04,1,23.2,23.8,0.0,65.2,0.046,-0.135
31.40036,10.0234,2022-05-21,1,29.7,24.0,0.0,55.45,0.069,-0.103
34.871700911738785,8.925647141741393,2022-06-03,0,36.6,15.7,0.0,45.1,0.088,-0.099
35.70344,10.76636,2024-08-19,1,33.5,15.5,0.6,49.75,0.144,-0.084
36.5989774302367,10.049986257746657,2020-10-01,0,27.2,17.1,0.0,59.2,0.094,-0.204
35.35646247936176,9.136107038337215,2019-09-12,0,26.0,18.1,0.2,61.0,0.125,-0.131
36.32845858912723,10.243662240866954,2024-08-15,0,34.3,15.7,0.0,48.55,0.096,-0.136
36.15903,10.28319,2020-08-05,1,33.3,19.3,0.0,50.05,0.085,-0.163
31.64742,9.17368,2021-10-22,1,29.5,25.0,0.0,55.75,0.062,-0.127
32.28841,10.97608,2017-01-05,1,17.6,23.4,0.0,73.6,0.086,-0.105
35.34924861210329,8.404865437570635,2018-09-22,0,23.4,17.1,0.0,64.9,0.147,-0.105
35.16429,8.60789,2021-06-29,1,36.9,25.6,0.0,44.650000000000006,0.257,-0.095
35.14572414131145,8.936299641292583,2025-08-08,0,33.1,15.2,0.0,50.35,0.126,-0.12
36.19845471796634,9.152442881428614,2019-09-15,0,31.7,10.3,0.0,52.45,0.191,-0.191
34.855872452264435,8.530921568161332,2025-10-18,0,20.4,18.5,14.5,69.4,0.07,-0.075
35.37761323521316,8.553541701227715,2019-07-08,0,38.2,16.2,0.3,42.7,0.087,-0.133
36.49939,10.02307,2025-08-06,1,34.5,19.8,0.0,48.25,0.111,-0.117
37.00507752929139,9.235489607575854,2021-07-13,0,31.6,23.8,0.0,52.6,0.254,-0.086
35.56183496936747,8.980422228631403,2023-10-03,0,25.1,11.3,0.0,62.35,0.221,-0.015
35.250443080950724,9.07647455858881,2017-06-20,0,30.7,16.1,0.0,53.95,0.199,-0.109
34.60014,10.58336,2016-10-02,1,28.5,17.7,0.0,57.25,0.25,0.05
34.93485206424557,8.819058762870664,2023-05-15,0,16.3,35.2,15.4,75.55,0.076,-0.111
36.72034,9.3087,2019-08-18,1,37.4,24.5,0.0,43.900000000000006,0.189,-0.112
36.903963318428026,8.665468684530422,2025-06-06,0,34.8,20.6,0.0,47.8,0.495,0.22
36.33799684870967,9.492151535593308,2023-08-03,0,40.9,17.3,0.0,38.650000000000006,0.086,-0.168
36.15843,10.28454,2022-11-07,1,23.4,8.4,0.0,64.9,0.041,-0.15
34.829571913598,8.939396768038334,2019-06-04,0,31.1,23.7,0.0,53.35,0.136,-0.132
35.8507,8.59093,2023-09-12,1,35.5,12.5,0.0,46.75,0.053,-0.107
36.52395,8.27937,2017-07-31,1,38.6,12.5,0.0,42.1,0.737,0.223
35.41727332015152,9.048908831130923,2020-07-20,0,31.6,14.4,0.0,52.6,0.113,-0.167
34.899502260970394,8.758375949923982,2025-09-17,0,32.9,15.6,0.0,50.650000000000006,0.083,-0.116
36.96632874640128,9.423292464748664,2025-08-06,0,31.8,16.3,0.0,52.3,0.242,-0.007
36.42871026254973,9.678718729675142,2023-08-17,0,38.3,14.3,0.0,42.55,0.063,-0.141
36.59167362375465,10.489625209611084,2022-08-15,0,41.8,19.1,0.9,37.3,0.138,-0.088
36.471616717854246,10.712867776479635,2016-05-05,0,19.8,18.4,0.0,70.3,0.123,-0.075
33.87288,9.99074,2023-07-15,1,40.6,18.4,0.0,39.1,0.046,-0.099
36.551207563506246,10.597019330227605,2019-09-20,0,29.3,12.6,0.0,56.05,0.249,-0.132
36.77134445383727,8.660192863564813,2022-07-02,0,34.3,11.1,0.0,48.55,0.51,0.197
36.32975,8.44504,2021-07-26,1,41.7,18.5,0.0,37.45,0.43,-0.022
35.22699316478822,9.22858715813046,2019-09-14,0,30.4,9.0,0.0,54.400000000000006,0.053,-0.113
35.44702916937207,8.950126366694635,2016-10-14,0,27.3,19.8,0.0,59.05,0.25,0.05
36.813292765416925,8.819742288281514,2024-05-24,0,27.7,13.9,1.0,58.45,0.514,0.235
36.62648570847656,10.58065802240619,2018-10-10,0,26.0,21.6,0.3,61.0,0.644,0.157
36.58974,10.32052,2018-01-14,1,16.0,14.3,0.0,76.0,0.113,-0.142
34.93814,8.53115,2017-10-06,1,26.1,14.8,0.0,60.85,0.068,0.004
35.05805477921797,8.597601887564373,2016-06-08,0,30.3,15.1,1.3,54.55,0.013,0.016
36.50283,10.02593,2021-01-10,1,17.2,17.4,0.4,74.2,0.108,-0.068
35.07450839717906,8.993026413647085,2016-10-26,0,32.7,13.8,0.0,50.95,0.156,-0.125
35.439299452605255,9.134427251772152,2016-08-26,0,32.4,12.9,0.0,51.400000000000006,0.126,-0.108
33.53268,9.68189,2022-08-14,1,41.0,27.6,0.0,38.5,0.06,-0.102
35.230168065605625,8.800239265139624,2021-08-06,0,39.1,13.8,0.0,41.35,0.091,-0.163
31.40096,10.02208,2018-12-12,1,18.4,10.4,0.0,72.4,0.116,-0.091
37.25682072417213,9.820332156494404,2023-06-16,0,24.9,32.0,0.6,62.650000000000006,0.155,-0.052
36.9722807336381,9.914085032042385,2020-05-24,0,32.7,17.1,0.0,50.95,0.33,-0.052
36.59024467302059,10.453635862803694,2017-05-07,0,23.9,22.7,0.0,64.15,0.565,0.084
37.30691,9.64538,2020-08-13,1,40.3,21.3,0.0,39.55,0.532,-0.003
36.75211,9.24577,2022-08-25,1,34.3,18.8,0.0,48.55,0.071,-0.09
37.05479067051393,9.595600566045396,2023-05-07,0,29.4,21.7,0.1,55.900000000000006,0.31,0.056
35.182315505204016,8.435021822480827,2017-06-09,0,30.0,22.2,1.5,55.0,0.152,-0.112
37.2921,9.71308,2021-09-01,1,30.7,25.8,0.0,53.95,0.435,0.07
36.44831862127971,10.120763865155372,2021-07-25,0,40.0,22.6,0.0,40.0,0.164,-0.137
36.60106781967494,10.701762542550652,2020-06-12,0,27.9,17.8,0.0,58.150000000000006,0.289,-0.11
36.40740314292204,10.32332072455194,2017-10-14,0,23.1,10.1,0.0,65.35,0.149,-0.199
36.28017499951699,9.464859303894915,2022-09-14,0,39.5,21.6,0.0,40.75,0.168,-0.107
36.15761,10.28477,2020-02-29,1,24.3,18.4,0.0,63.55,0.097,-0.158
36.40755187407471,10.501796881290396,2017-10-09,0,24.2,12.0,0.0,63.7,0.25,0.05
35.77451,9.88818,2021-08-13,1,42.3,18.1,0.0,36.55,0.073,-0.174
36.5318610296588,8.782227741249041,2020-05-16,0,31.0,18.3,0.0,53.5,0.348,-0.051
35.459724239660225,8.758090266335929,2018-05-09,0,18.4,12.4,5.1,72.4,0.235,-0.127
35.36634246408684,8.462392843369651,2021-08-17,0,36.6,14.0,0.0,45.1,0.214,-0.16
34.87789020651671,8.412925973508981,2016-07-08,0,36.2,7.7,0.0,45.7,0.085,-0.157
35.21368877906416,8.773220087024999,2025-08-23,0,34.3,23.0,0.1,48.55,0.062,-0.125
36.5776,10.78595,2021-08-10,1,38.7,16.8,0.0,41.95,0.26,-0.099
36.40401560633876,9.971082044480406,2025-08-12,0,35.7,20.2,0.0,46.45,0.144,-0.102
35.4343401806376,9.206744987203225,2018-08-27,0,33.5,11.8,0.0,49.75,0.181,-0.156
32.51742,9.68837,2018-05-30,1,32.8,38.5,0.0,50.8,0.087,-0.107
35.30759,8.77835,2017-07-20,1,35.1,13.4,0.1,47.35,0.292,-0.122
36.50434805383389,8.782662532740458,2023-09-27,0,29.3,16.5,0.3,56.05,0.052,-0.092
36.12137862618378,9.984079184357904,2016-09-16,0,32.6,18.0,0.0,51.1,0.115,-0.195
35.89094,9.72535,2021-07-24,1,38.1,14.5,0.0,42.85,0.086,-0.172
36.36259,8.46191,2020-08-03,1,38.6,18.1,0.2,42.1,0.409,-0.044
36.48056053284351,10.606805840887372,2018-08-07,0,25.5,8.5,20.1,61.75,0.313,-0.111
31.40413,9.85453,2017-12-04,1,13.7,16.5,0.0,79.45,0.079,-0.094
34.949238119097366,8.553236134909348,2025-07-24,0,39.4,28.6,0.0,40.900000000000006,0.069,-0.101
35.39445286905373,8.86856035249232,2023-06-06,0,20.0,18.0,1.0,70.0,0.087,-0.103
36.724932082342335,10.499167773861084,2018-05-15,0,22.7,21.6,0.0,65.95,0.25,0.05
36.34458782223832,9.414953781181923,2018-07-22,0,39.1,18.8,0.0,41.35,0.139,-0.17
36.70252164153286,10.542818013795548,2023-08-27,0,43.7,34.5,0.0,34.44999999999999,0.251,-0.048
34.674937729265054,8.480997595464164,2019-07-14,0,41.8,30.4,0.0,37.3,0.102,-0.139
33.87203,9.99282,2021-05-10,1,28.5,31.7,0.0,57.25,0.049,-0.129
35.677840542940054,8.863412971340814,2022-09-02,0,35.8,16.3,0.0,46.3,0.076,-0.126
35.37270128340972,8.585685379418017,2023-09-05,0,30.1,19.0,0.0,54.85,0.097,-0.091
36.316000568272216,8.979715632016603,2024-06-15,0,39.7,25.2,0.0,40.45,0.28,-0.001
35.08554,8.89588,2021-07-04,1,39.6,22.6,0.0,40.6,0.145,-0.165
31.40638,9.85177,2018-08-23,1,35.6,19.0,0.0,46.6,0.075,-0.129
35.51106640913118,9.08142355151565,2021-06-16,0,33.3,14.8,0.0,50.05,0.138,-0.135
35.84739287011012,9.478911257995756,2020-09-20,0,31.9,8.2,0.1,52.150000000000006,0.357,-0.007
31.70461,9.24387,2018-10-12,1,26.6,22.9,0.5,60.1,0.08,-0.126
31.39788,10.02199,2022-03-04,1,20.5,15.3,0.0,69.25,0.072,-0.055
36.38002,9.64127,2019-06-02,1,25.6,8.7,0.0,61.6,0.448,0.126
36.657742066670544,10.500627609930794,2025-08-16,0,30.0,18.6,1.9,55.0,0.104,-0.115
36.76131120369031,9.422398757527771,2017-07-23,0,43.5,14.1,1.3,34.75,0.116,-0.119
35.74933024616502,9.332828222472209,2022-07-14,0,32.2,17.6,0.0,51.7,0.135,-0.094
36.17935603621562,9.981613349783052,2025-09-22,0,30.7,15.7,2.3,53.95,0.196,-0.041
37.03913863669847,9.918819921092854,2016-10-13,0,32.1,30.1,0.0,51.85,0.136,-0.157
34.901949519200606,8.56044625256969,2022-09-27,0,22.9,21.3,1.9,65.65,0.176,-0.04
36.62230780832118,8.471596246581829,2023-09-26,0,24.0,18.4,0.0,64.0,0.105,-0.148
36.13916968334393,9.802081211500974,2021-09-25,0,36.4,12.7,0.0,45.400000000000006,0.205,-0.059
33.87304,9.99308,2024-11-16,1,22.3,12.1,0.3,66.55,0.044,-0.114
35.13123142360498,8.855768401009197,2017-06-08,0,29.8,14.0,0.0,55.3,0.195,-0.112
35.55817051320638,9.059154458197751,2022-08-09,0,35.5,15.1,0.0,46.75,0.303,0.013
37.11495848090616,9.921938147361262,2022-09-16,0,33.9,18.5,1.3,49.150000000000006,0.11,-0.144
36.67857,9.92034,2024-08-01,1,43.1,22.1,0.0,35.349999999999994,0.066,-0.072
35.311466196208336,8.985919303179143,2022-05-05,0,27.0,26.0,0.0,59.5,0.146,-0.064
36.60474428220192,10.885042766528588,2024-09-27,0,31.0,12.5,0.0,53.5,0.145,0.088
36.67287,9.6163,2017-07-09,1,40.0,18.7,0.0,40.0,0.136,-0.1
31.70425,9.24235,2022-01-21,1,15.0,11.6,0.0,77.5,0.088,-0.097
35.3711334781116,8.435888370412545,2018-08-10,0,33.2,10.8,0.0,50.2,0.091,-0.19
35.660505491104445,9.128350674953229,2025-06-07,0,34.5,13.7,0.0,48.25,0.109,-0.111
35.02652193230465,8.756492337878425,2021-07-20,0,32.3,20.2,0.0,51.55,0.107,-0.139
36.960768977733856,10.91884454461622,2018-08-11,0,30.4,13.0,0.0,54.400000000000006,0.401,-0.079
35.45857120629442,8.60479850856278,2021-06-01,0,23.4,15.7,3.4,64.9,0.28,-0.077
35.27494290550386,8.425987799784027,2024-07-18,0,38.3,13.4,0.0,42.55,0.095,-0.13
35.634838378001575,8.50666626020995,2017-08-18,0,35.0,13.5,0.0,47.5,0.093,-0.153
36.56813727799166,8.815357472352623,2025-07-20,0,42.6,15.2,0.0,36.1,0.096,-0.108
36.277948597605445,9.505798519969744,2017-09-07,0,28.3,9.2,1.1,57.55,0.107,-0.143
35.34346216206499,8.770786164816851,2024-07-11,0,38.3,12.3,0.0,42.55,0.122,-0.115
36.94145290686683,9.757465801735012,2025-05-19,0,33.0,11.1,0.0,50.5,0.248,-0.043
34.78781912817599,8.599980029388245,2024-05-17,0,31.1,26.4,0.0,53.35,0.069,-0.088
35.32283187767663,9.128597475075216,2025-10-14,0,25.3,17.0,0.2,62.05,0.138,-0.119
35.94469192204679,9.5340529279343,2022-05-11,0,20.5,8.8,0.2,69.25,0.296,0.063
36.49998,9.30612,2025-07-31,1,30.5,17.9,0.0,54.25,0.235,-0.008
36.25056628245644,9.187143994957328,2024-10-12,0,29.7,13.2,0.0,55.45,0.136,-0.081
36.86407011262335,8.904587168492064,2016-10-01,0,27.1,15.2,1.9,59.35,0.25,0.05
31.64874,9.17335,2024-12-20,1,17.0,22.1,0.0,74.5,0.069,-0.116
37.29105166302942,9.565194579256186,2018-10-11,0,28.0,29.2,0.1,58.0,0.612,0.129
31.65276,10.24292,2016-06-18,1,39.7,28.3,0.0,40.45,0.082,-0.107
36.19419346803202,9.201385014402994,2025-05-17,0,23.0,14.7,0.0,65.5,0.245,0.037
34.5801,9.10271,2024-08-04,1,37.5,24.8,0.0,43.75,0.143,-0.056
36.439297851696224,10.266340951587766,2020-10-02,0,29.4,21.4,0.0,55.900000000000006,0.127,-0.199
31.40087,10.02044,2023-02-24,1,25.1,30.2,0.0,62.35,0.081,-0.079
36.06145900025346,9.915997869934277,2020-06-16,0,34.8,18.9,0.0,47.8,0.24,-0.103
36.9153172701962,8.664887195841875,2016-09-11,0,24.4,15.1,0.0,63.400000000000006,0.632,0.16
36.87751,8.98371,2022-08-17,1,42.3,22.5,0.0,36.55,0.29,-0.053
35.58594405452477,8.44053983235766,2020-05-27,0,24.1,20.0,0.0,63.85,0.186,-0.095
35.01287232844719,8.458159043836295,2020-10-25,0,16.9,12.3,7.8,74.65,0.152,-0.122
36.87126344747384,10.615841040089736,2020-09-27,0,26.3,38.4,0.1,60.55,0.32,-0.098
35.51840788037978,9.327533399720515,2022-09-08,0,38.6,14.6,0.0,42.1,0.066,-0.04
35.62516065517725,9.048640156632592,2018-07-06,0,35.8,17.8,0.0,46.3,0.091,-0.161
36.0983995088873,9.65328101973716,2017-07-07,0,34.2,15.0,0.0,48.7,0.416,-0.028
36.329891889856064,10.236311674538484,2018-09-10,0,31.4,12.2,0.0,52.900000000000006,0.195,-0.108
36.83367,9.87157,2021-06-02,1,30.2,22.2,0.2,54.7,0.19,-0.094
36.95631,9.40596,2022-09-15,1,38.3,21.3,0.0,42.55,0.101,-0.153
37.1544514337311,10.080758067053049,2025-07-12,0,33.0,26.5,0.0,50.5,0.21,-0.078
35.97584235966137,9.574334537214726,2021-08-24,0,37.1,20.3,0.0,44.35,0.381,-0.034
36.69019429888068,8.85488645876665,2023-05-22,0,23.7,13.6,0.0,64.45,0.25,0.05
31.48532,9.54042,2018-02-07,1,15.2,15.5,0.0,77.2,0.087,-0.093
36.97463853326455,9.829935693379957,2019-09-15,0,30.0,16.9,0.0,55.0,0.155,-0.248
35.41394802146729,8.582621592519128,2022-09-21,0,29.1,11.0,0.0,56.35,0.074,-0.132
31.70016,9.24132,2019-05-09,1,37.0,24.2,0.0,44.5,0.091,-0.092
36.71586639984661,8.720419250572624,2019-06-13,0,32.8,21.3,0.0,50.8,0.81,0.366
35.93445579103533,9.218278752974827,2024-08-03,0,33.5,20.1,0.0,49.75,0.08,-0.122
35.19189,8.68407,2019-07-06,1,36.5,16.2,0.0,45.25,0.218,-0.112
35.07260666771082,8.401474245284797,2019-09-21,0,30.8,16.6,0.1,53.8,0.114,-0.164
35.45041500886133,8.878435854714212,2025-05-06,0,22.2,10.9,14.8,66.7,0.151,-0.083
36.40074238513861,10.136953495021556,2018-08-26,0,31.5,14.1,0.0,52.75,0.129,-0.092
37.16319,9.23511,2017-08-04,1,42.3,17.0,0.0,36.55,0.604,0.145
35.9762857211628,9.530048210468076,2021-06-03,0,28.6,13.1,0.8,57.1,0.198,-0.152
36.768338928733,10.553613165532497,2022-06-16,0,33.9,18.4,0.0,49.150000000000006,0.177,-0.101
36.87830572202584,9.432645069685773,2018-05-22,0,20.2,11.5,17.3,69.7,0.62,0.298
36.2958,9.11133,2020-07-28,1,36.8,17.8,0.0,44.8,0.561,0.143
36.27758,8.34904,2020-08-21,1,40.3,18.7,0.0,39.55,0.169,-0.147
32.29616,10.94756,2016-06-09,1,35.1,22.7,0.0,47.35,0.075,-0.121
36.50063,10.02525,2024-10-08,1,32.0,23.0,4.2,52.0,0.056,-0.143
36.58022626924934,8.934046834357547,2024-09-16,0,27.6,17.1,0.0,58.6,0.08,-0.147
31.69833,9.24122,2018-08-13,1,38.9,21.6,0.0,41.650000000000006,0.064,-0.134
36.97187,11.0424,2022-06-17,1,34.0,10.5,0.0,49.0,0.213,-0.072
35.28296,8.80177,2021-07-22,1,34.5,12.5,0.0,48.25,0.195,-0.172
33.52676,9.68128,2022-08-30,1,36.3,23.2,0.0,45.55,0.061,-0.091
32.29364,10.94447,2016-05-15,1,27.3,23.0,0.0,59.05,0.073,-0.117
31.00413,10.06356,2021-01-15,1,13.9,13.7,0.0,79.15,0.079,-0.096
35.56990785256021,9.116815627910308,2016-09-03,0,32.2,9.0,0.0,51.7,0.058,-0.188
37.281318224972345,9.867000985154686,2024-05-23,0,23.5,21.6,0.0,64.75,0.148,-0.069
36.7210782642254,8.650826718661069,2023-07-16,0,37.0,11.6,0.4,44.5,0.485,0.19
36.32176315020505,9.195038338863698,2022-06-19,0,35.4,21.8,0.0,46.900000000000006,0.21,-0.022
36.45751719837487,10.220160715360985,2016-10-23,0,29.2,11.6,0.2,56.2,0.213,-0.102
35.38842095805764,9.200399699901189,2023-09-08,0,30.1,14.0,0.0,54.85,0.21,-0.094
36.40759930777253,9.855426016819116,2022-09-17,0,30.8,21.8,2.4,53.8,0.083,-0.139
35.33057935973724,8.792286984630318,2016-08-25,0,26.1,10.3,0.0,60.85,0.252,-0.147
36.97124203823866,9.37515356178679,2024-07-27,0,36.7,20.7,0.0,44.95,0.175,-0.106
36.77252,10.21429,2022-08-13,1,39.2,20.7,0.0,41.2,0.052,-0.074
36.341620608722906,9.18346778538336,2024-06-12,0,30.3,18.6,0.0,54.55,0.113,-0.152
35.29772265798177,8.906191371673453,2025-10-01,0,24.2,20.6,2.6,63.7,0.128,-0.117
36.32805555334401,9.0911860225108,2016-05-05,0,27.4,15.0,0.3,58.900000000000006,0.25,0.05
34.80995039475952,8.528598404774835,2024-07-16,0,41.3,28.6,0.0,38.05,0.066,-0.121
36.87589626128772,10.853129634287216,2023-09-25,0,25.4,24.2,0.8,61.900000000000006,0.153,-0.118
35.118656167654365,9.001985360124982,2021-08-11,0,42.4,15.0,0.0,36.400000000000006,0.095,-0.18
35.878609536484895,9.305255466701588,2019-05-15,0,21.0,17.3,0.0,68.5,0.322,-0.014
36.080055322157214,10.053025895098616,2020-07-24,0,38.1,19.8,0.0,42.85,0.196,-0.147
37.0231862931385,9.270704877750632,2025-06-15,0,35.7,15.0,0.0,46.45,0.212,-0.071
37.15500634719075,9.920638666290577,2018-06-12,0,28.3,20.8,0.0,57.55,0.24,-0.128
36.99142,9.66773,2023-09-01,1,31.7,20.9,0.0,52.45,0.129,-0.156
36.17716,9.8442,2021-08-13,1,41.6,14.2,0.0,37.6,0.152,-0.283
36.67627,9.92277,2024-08-31,1,37.4,24.4,0.1,43.900000000000006,0.077,-0.133
35.23803080837063,8.739041665077496,2021-06-21,0,39.4,22.8,0.0,40.900000000000006,0.093,-0.168
35.36068,11.02669,2019-07-17,1,28.6,20.8,0.0,57.1,0.142,-0.149
31.64888,9.16885,2022-03-06,1,18.3,16.4,0.0,72.55,0.25,0.05
36.362522390901056,9.229434932518,2018-05-15,0,21.6,15.5,0.0,67.6,0.368,-0.036
36.0576877432347,9.993251776571917,2018-08-26,0,35.2,18.8,0.0,47.2,0.185,-0.182
36.90118973795408,11.053272806643648,2020-06-21,0,26.2,29.8,0.0,60.7,0.25,-0.137
31.64708,9.16835,2024-08-24,1,36.4,18.1,0.0,45.400000000000006,0.057,-0.123
35.84965,8.59114,2019-01-18,1,12.6,10.6,0.0,81.1,0.143,-0.084
35.54901613957506,8.650514480104993,2018-10-13,0,19.1,16.4,2.1,71.35,0.263,-0.115
35.343922132844675,8.43212599545057,2023-06-27,0,30.5,16.3,0.0,54.25,0.091,-0.14
36.80564,8.80256,2023-07-25,1,33.3,22.4,0.4,50.05,0.493,0.222
36.95648,9.71862,2019-08-03,1,35.7,18.5,0.0,46.45,0.114,-0.166
34.91930657271842,8.866063340360427,2022-10-19,0,27.5,15.1,0.0,58.75,0.1,-0.101
36.67625,9.9212,2021-07-26,1,42.4,31.6,0.0,36.400000000000006,0.093,-0.091
35.129709282116714,8.721818292909095,2024-08-23,0,32.8,13.0,0.0,50.8,0.06,-0.132
35.43781,9.23998,2021-06-21,1,37.2,21.4,0.0,44.2,0.373,-0.027
36.75765,9.72484,2021-07-12,1,45.1,15.6,0.0,32.349999999999994,0.16,-0.068
35.011472167064966,9.044850014140318,2020-07-18,0,30.7,15.6,1.6,53.95,0.126,-0.166
36.58939,10.31876,2023-02-23,1,23.1,18.4,0.1,65.35,0.055,-0.122
35.9626969366939,9.21098940206134,2020-08-13,0,37.9,17.3,0.0,43.150000000000006,0.125,-0.158
36.23624167867956,10.134349152288998,2019-05-14,0,19.0,18.7,3.9,71.5,0.354,0.017
36.73283918129909,10.606930946514735,2021-05-07,0,21.4,15.3,0.9,67.9,0.547,0.16
37.11711482993897,9.224240985084322,2023-07-23,0,41.5,22.7,0.0,37.75,0.209,-0.102
36.57234,9.61768,2022-06-27,1,44.5,23.7,0.0,33.25,0.242,-0.035
37.09922965506419,9.627860888610869,2021-10-04,0,35.5,24.1,0.0,46.75,0.123,-0.111
37.07846,9.11825,2022-07-24,1,36.7,20.1,0.0,44.95,0.435,0.145
37.02412331669223,11.036598584550058,2020-06-23,0,25.4,19.8,0.0,61.900000000000006,0.266,-0.138
35.011279202766524,8.76236973322292,2023-07-16,0,37.6,15.3,0.0,43.6,0.08,-0.116
35.06291783024019,8.68516310241546,2019-10-11,0,25.5,15.5,0.0,61.75,0.159,-0.084
36.74146017533978,10.866539833679248,2025-10-15,0,27.3,14.2,2.0,59.05,0.196,-0.089
36.91508321047447,10.960210142626387,2020-09-22,0,28.5,13.6,0.0,57.25,0.18,-0.257
32.5211,9.68667,2018-10-06,1,27.3,12.7,0.0,59.05,0.084,-0.108
36.31689598782208,10.26860598684223,2019-09-06,0,29.5,22.7,0.0,55.75,0.146,-0.161
35.57042260392871,8.908825687082214,2020-06-08,0,27.2,25.1,6.8,59.2,0.42,-0.046
35.59704867443839,8.354788749775885,2019-09-03,0,24.2,14.3,0.0,63.7,0.167,-0.158
35.27812707689574,9.107886184752717,2021-06-08,0,31.9,13.8,0.0,52.150000000000006,0.135,-0.176
37.04105859179501,9.30851378772977,2016-05-17,0,22.7,13.0,0.0,65.95,0.25,0.05
37.10331134890646,9.213761903435516,2020-05-11,0,21.9,21.5,0.0,67.15,0.239,0.174
37.09298498237778,9.197722145485857,2016-05-27,0,27.7,10.0,0.0,58.45,0.25,0.05
33.36587,8.54789,2023-10-22,1,33.8,18.4,0.0,49.3,0.057,-0.018
35.87140977657612,9.14262272775841,2024-09-11,0,24.1,17.0,0.0,63.85,0.078,-0.083
36.910381702633074,10.944468910683014,2017-09-27,0,25.3,15.0,3.6,62.05,0.122,-0.236
32.28801,10.97281,2017-10-14,1,24.8,18.7,0.0,62.8,0.068,-0.098
36.12328191467464,9.87325756641302,2025-10-13,0,27.6,14.5,0.1,58.6,0.166,-0.063
36.48730099691944,10.186672119157068,2016-10-09,0,25.2,14.8,0.3,62.2,0.277,-0.104
36.51300090912888,10.53798993713395,2025-10-22,0,27.3,21.2,0.6,59.05,0.201,-0.09
34.917051684183484,8.977928766442544,2020-05-16,0,33.2,27.8,0.0,50.2,0.151,-0.106
36.91265103544101,8.948081460953723,2023-05-03,0,16.9,20.6,6.0,74.65,0.426,0.193
36.479583780964745,10.104636949157506,2024-10-23,0,22.7,10.3,1.3,65.95,0.157,-0.106
34.98310122043681,8.58911616796399,2017-10-11,0,25.2,20.3,0.0,62.2,0.113,-0.111
35.20875409929252,9.220252565927346,2020-06-07,0,36.3,20.6,0.0,45.55,0.141,-0.115
31.40471,9.85713,2017-04-04,1,21.7,19.5,0.0,67.45,0.076,-0.063
36.27792,8.76431,2016-07-26,1,29.9,15.5,0.0,55.150000000000006,0.321,-0.043
36.66286793143821,10.63372922508037,2023-06-18,0,30.0,19.9,0.0,55.0,0.25,0.05
36.15389,9.81629,2021-08-11,1,43.8,14.1,0.0,34.30000000000001,0.26,-0.069
36.04808217696431,9.473302927184202,2024-08-08,0,35.4,12.7,0.0,46.900000000000006,0.092,-0.122
34.9550401534213,8.401991693318154,2018-07-23,0,37.4,17.2,0.1,43.900000000000006,0.109,-0.143
36.48458386082321,10.541414511686972,2024-08-18,0,32.4,15.0,2.8,51.400000000000006,0.141,-0.1
31.39823,10.02099,2020-06-22,1,32.6,30.1,0.0,51.1,0.082,-0.102
36.80077286302982,9.458132458037063,2022-10-21,0,29.6,11.9,0.0,55.6,0.098,-0.163
35.99856869788802,9.602345979527811,2019-09-01,0,24.9,12.2,6.7,62.650000000000006,0.284,-0.072
35.51181993517569,8.682626809060253,2021-10-08,0,19.0,19.9,0.0,71.5,0.127,-0.147
36.61604099837676,9.04960539366055,2023-05-19,0,19.8,17.9,7.7,70.3,0.25,0.05
36.70273830293559,8.802483553162498,2019-05-01,0,17.6,11.5,0.0,73.6,0.619,0.213
33.36458,8.54977,2022-03-14,1,27.6,32.7,0.0,58.6,0.069,-0.029
36.07657901243071,9.55168299081895,2016-06-26,0,35.4,15.5,0.0,46.900000000000006,0.117,-0.172
35.37201549765585,8.83134116303419,2020-09-14,0,21.3,18.8,2.3,68.05,0.135,-0.183
36.356669495014536,9.398072181200742,2024-07-13,0,40.5,17.6,0.0,39.25,0.098,-0.116
36.49966646608882,8.698869088880322,2020-05-27,0,29.5,21.5,0.0,55.75,0.371,-0.029
36.46780686992138,8.655422710394745,2025-07-14,0,40.7,17.3,0.0,38.95,0.135,-0.093
37.18681645583662,9.246024786236436,2024-07-20,0,33.4,14.5,0.0,49.900000000000006,0.316,0.022
36.95342,9.54872,2025-09-21,1,33.2,20.7,0.0,50.2,0.25,0.05
35.04298082674526,8.759681724257021,2016-06-22,0,27.6,15.8,0.0,58.6,0.098,-0.128
37.03443025253087,10.063911008726503,2023-09-05,0,29.5,25.6,0.0,55.75,0.134,-0.076
35.33776,8.90388,2018-07-02,1,38.9,17.3,0.0,41.650000000000006,0.241,-0.177
36.585805277235,10.719605053187571,2018-09-13,0,26.5,13.0,0.1,60.25,0.397,0.006
36.16708887087734,9.513089964341289,2016-06-01,0,20.7,9.2,9.4,68.95,0.294,-0.026
35.90806124473302,9.37597817381264,2020-08-27,0,33.9,9.8,0.0,49.150000000000006,0.603,0.174
36.01789848899467,9.537555413128189,2016-07-10,0,36.9,17.0,0.5,44.650000000000006,0.126,-0.133
36.55186479719288,9.02642584035155,2017-05-13,0,29.8,21.0,0.0,55.3,0.633,0.129
36.73701,9.20799,2021-07-20,1,33.2,18.0,0.0,50.2,0.139,-0.097
36.29557,8.49403,2022-07-03,1,37.5,13.8,0.2,43.75,0.239,-0.032
36.957272410893175,9.5809586610092,2017-07-04,0,32.0,16.6,0.0,52.0,0.199,-0.028
36.24274070739323,9.043012009245802,2023-05-07,0,33.4,19.4,0.2,49.900000000000006,0.135,-0.105
35.46334573650236,8.38768764791411,2020-07-24,0,34.2,15.5,0.0,48.7,0.148,-0.153
36.99887910316043,9.548847102846516,2024-10-11,0,25.9,16.9,0.0,61.150000000000006,0.035,0.172
35.5832602604366,8.464274273489663,2019-07-01,0,34.6,17.7,0.0,48.1,0.132,-0.157
36.21237546513962,9.957327541800584,2019-08-10,0,35.2,11.9,0.0,47.2,0.224,-0.128
36.088257475355405,9.704238173394277,2017-05-15,0,25.1,13.3,0.3,62.35,0.384,-0.071
36.86869,10.04115,2020-07-02,1,39.0,22.9,0.0,41.5,0.276,-0.121
36.149578320420765,10.033805950302728,2018-10-04,0,21.0,18.3,1.0,68.5,0.214,-0.12
36.29477,8.48962,2022-07-03,1,37.5,13.8,0.2,43.75,0.217,-0.024
31.40461,9.85085,2018-06-09,1,38.0,32.4,0.0,43.0,0.099,-0.122
35.77573,9.89182,2016-05-22,1,33.4,14.5,0.0,49.900000000000006,0.053,-0.119
36.35743199559455,9.343711915436517,2016-08-25,0,30.7,15.7,0.0,53.95,0.25,0.05
36.41034639202411,9.515369307011378,2020-08-10,0,34.8,20.7,0.0,47.8,0.371,-0.099
37.23634843975612,10.119820612484215,2016-06-20,0,22.5,27.2,0.0,66.25,0.273,0.025
36.51758997510265,8.44631568941091,2025-10-04,0,25.2,13.6,0.7,62.2,0.14,-0.125
36.40256090720025,9.944995534303269,2018-07-04,0,42.4,20.6,0.0,36.400000000000006,0.142,-0.174
36.15037451973207,9.208006913749252,2020-10-09,0,26.0,8.5,0.0,61.0,0.193,-0.206
34.93587,8.5306,2016-09-04,1,32.8,13.7,0.0,50.8,0.053,-0.037
36.79982207979892,8.911950392957461,2018-07-04,0,37.8,14.5,0.0,43.3,0.452,0.099
35.85730267187807,9.50911580492204,2017-07-18,0,31.2,15.7,0.0,53.2,0.251,-0.079
31.70237,9.24387,2016-08-02,1,40.0,15.9,0.0,40.0,0.061,-0.115
33.87243,9.99084,2020-01-16,1,14.7,15.3,0.0,77.95,0.077,-0.106
36.87548158075057,9.509187862403415,2019-06-05,0,32.4,20.2,0.0,51.400000000000006,0.383,-0.09
36.57405291800229,9.934563832414735,2017-07-12,0,43.8,18.1,0.0,34.30000000000001,0.136,-0.132
36.473151563867546,9.960783615056195,2025-07-24,0,45.4,29.7,0.0,31.90000000000001,0.216,-0.042
36.73401073523359,8.896133941365875,2016-09-26,0,19.4,12.8,0.8,70.9,0.25,0.05
36.74488907638914,8.733686674098317,2021-08-26,0,29.3,15.7,0.2,56.05,0.013,0.095
37.114794400932695,9.77642854158793,2020-07-15,0,29.6,21.3,3.3,55.6,0.133,-0.176
35.41060973990507,8.734320637052898,2023-09-16,0,31.9,10.6,0.1,52.150000000000006,0.179,-0.102
35.16883168994244,9.033003543817651,2022-09-13,0,33.5,8.4,1.1,49.75,0.088,-0.133
35.76634121666709,9.307263295079837,2019-10-11,0,24.6,14.5,0.0,63.1,0.219,-0.114
36.5391672670256,10.845352373906987,2017-06-26,0,32.8,15.4,0.0,50.8,0.179,-0.075
36.364482972154406,9.11317577384716,2018-08-14,0,32.4,17.8,0.0,51.400000000000006,0.123,-0.121
36.86856,10.00474,2025-08-31,1,34.5,18.2,0.0,48.25,0.13,-0.084
35.02380975795762,8.744759504456038,2019-09-03,0,27.2,25.4,0.0,59.2,0.033,-0.015
37.15382132103983,9.905680700146725,2020-10-20,0,26.4,20.4,0.0,60.400000000000006,0.06,-0.264
35.89572260656686,9.192665016265078,2024-07-08,0,36.1,15.1,0.2,45.85,0.08,-0.092
37.01762796444618,10.990457693972974,2021-10-19,0,21.3,16.0,0.6,68.05,-0.008,0.21
35.91992435357654,9.255407963731468,2024-07-26,0,34.7,16.1,0.0,47.95,0.1,-0.118
36.717383370279904,10.72197840595985,2018-07-08,0,34.7,9.3,0.0,47.95,0.136,-0.115
36.25107004443967,9.45334529060708,2017-05-21,0,24.0,21.7,0.0,64.0,0.161,-0.073
37.188071740258735,9.318504140610148,2022-06-06,0,26.3,18.7,0.0,60.55,0.379,0.086
35.534449729818164,9.220216537399658,2023-07-09,0,43.3,17.3,0.0,35.05000000000001,0.148,-0.063
31.39928,10.02135,2019-06-01,1,25.0,37.1,1.8,62.5,0.087,-0.092
37.18836551945524,9.427292429788654,2018-07-12,0,38.3,16.3,0.0,42.55,0.571,0.247
36.62501283241519,10.66146370911114,2020-08-12,0,34.1,20.8,0.0,48.85,0.279,-0.144
36.96016646036442,9.68865161805656,2022-07-25,0,39.6,20.5,0.0,40.6,0.107,-0.132
36.35587564260703,9.112178868790576,2023-06-17,0,26.7,10.7,0.0,59.95,0.239,-0.025
34.9130091965461,8.46534195701903,2022-08-06,0,34.7,27.2,0.0,47.95,0.11,-0.102
31.64672,9.17366,2024-11-12,1,23.2,15.9,0.0,65.2,0.052,-0.099
35.36569,8.91745,2018-12-04,1,17.8,19.4,0.0,73.3,0.25,0.05
34.90802417277269,8.792450244179214,2018-09-18,0,27.9,13.6,0.0,58.150000000000006,0.111,-0.133
36.17066386492221,9.463207417389858,2025-10-16,0,22.5,19.5,2.3,66.25,0.128,-0.129
35.11383967678464,8.61075339175813,2018-06-07,0,29.3,23.8,0.0,56.05,0.177,-0.161
36.95079,9.40436,2016-10-05,1,25.3,13.0,0.0,62.05,0.25,0.05
35.72147261575049,8.654621428027683,2022-10-10,0,25.6,6.3,0.0,61.6,0.117,-0.137
36.67297280901354,8.569392583386195,2019-10-12,0,26.9,10.5,0.0,59.650000000000006,0.355,-0.123
36.73773,10.02112,2017-06-21,1,36.1,26.6,0.0,45.85,0.125,-0.146
37.10055176111283,9.775233081706553,2024-06-23,0,28.1,18.4,0.0,57.85,0.118,-0.075
36.6016,10.73015,2020-10-02,1,26.5,18.8,0.0,60.25,0.518,0.021
36.59055,10.3186,2025-01-01,1,15.5,16.3,0.6,76.75,0.073,0.06
35.61324451039273,8.43495950386166,2020-10-12,0,13.7,27.8,0.6,79.45,0.317,-0.113
37.31167771202532,9.802181220108752,2019-08-26,0,31.0,22.6,0.9,53.5,0.178,-0.17
35.02868973425866,8.486261460560893,2021-09-16,0,32.9,17.1,0.0,50.650000000000006,0.145,-0.147
35.31877799643509,9.073835081881535,2020-10-16,0,19.9,12.7,0.0,70.15,0.278,-0.105
37.15476019919524,9.330415120671518,2023-07-03,0,27.0,13.6,0.0,59.5,0.268,-0.06
35.27647777295367,8.419895055725895,2020-08-12,0,36.1,15.2,0.0,45.85,0.196,-0.144
31.40014,10.02389,2021-08-31,1,40.7,26.3,0.0,38.95,0.079,-0.134
35.77531,9.88892,2023-11-04,1,25.4,16.1,0.0,61.900000000000006,0.001,-0.042
36.15855,10.28414,2021-05-09,1,28.0,20.3,0.0,58.0,0.117,-0.17
36.30444104503813,9.266778724334362,2017-05-27,0,30.0,20.0,0.0,55.0,0.25,-0.091
35.86079,9.70393,2017-08-31,1,34.9,14.7,0.1,47.650000000000006,0.138,-0.128
35.27168858358554,8.657451385701094,2019-09-14,0,31.5,11.3,0.3,52.75,0.261,-0.076
35.27167249402996,8.614278701202856,2017-10-24,0,17.0,25.0,2.0,74.5,0.129,-0.152
36.21304,9.80024,2021-08-17,1,35.4,14.5,0.4,46.900000000000006,0.287,-0.02
31.645,9.1703,2024-09-14,1,32.9,27.4,0.0,50.650000000000006,0.047,-0.109
35.57043565564648,8.87004294707651,2024-06-23,0,31.0,18.9,0.0,53.5,0.086,-0.109
36.74318337711862,8.644809152437702,2025-09-09,0,33.5,11.5,3.9,49.75,0.265,-0.05
36.09155384546797,9.254273479968916,2019-10-04,0,21.1,21.5,1.1,68.35,0.192,-0.146
34.896777428741046,8.959939981803064,2025-09-08,0,32.9,14.2,0.0,50.650000000000006,0.082,-0.115
36.77816,10.20137,2024-04-28,1,23.0,24.0,0.0,65.5,0.075,-0.057
36.445050672489614,10.19253556741254,2023-07-24,0,45.6,21.8,0.0,31.599999999999994,0.133,-0.135
35.40079,9.22306,2020-08-03,1,36.9,18.4,0.0,44.650000000000006,0.175,-0.235
36.202148093650834,10.25568776983486,2024-05-25,0,27.4,15.0,0.0,58.900000000000006,0.114,-0.097
36.043330705080464,9.447625381277488,2023-05-19,0,18.9,17.6,17.5,71.65,0.066,-0.063
37.212799275216014,9.17922893782903,2024-10-12,0,27.3,17.5,0.0,59.05,0.122,-0.027
36.435099715728256,10.290350236363633,2016-06-07,0,30.7,12.6,0.0,53.95,0.115,-0.147
31.70327,9.24396,2020-10-21,1,29.3,26.6,0.0,56.05,0.067,-0.115
36.296067712866105,9.696728575756737,2023-05-12,0,23.0,21.4,12.4,65.5,0.121,-0.076
37.089982633012966,9.213221123894703,2017-07-09,0,30.9,16.5,0.0,53.650000000000006,0.288,-0.135
31.64599,9.17056,2024-08-09,1,37.8,27.5,0.0,43.3,0.062,-0.097
33.52823,9.68094,2022-08-30,1,36.3,23.2,0.0,45.55,0.061,-0.09
36.48372,9.54968,2021-07-18,1,30.6,21.7,0.0,54.1,0.241,-0.081
31.65309,10.2424,2016-03-10,1,16.8,37.3,0.0,74.8,0.088,-0.064
35.561475565586136,8.470527287226517,2019-05-23,0,23.7,11.5,0.0,64.45,0.269,-0.004
37.10589,9.68832,2025-09-06,1,35.1,15.9,0.0,47.35,0.103,-0.081
37.1694,9.49179,2021-07-28,1,40.9,19.5,0.0,38.650000000000006,0.614,0.115
31.39752,10.02183,2019-06-04,1,32.8,19.7,0.0,50.8,0.079,-0.081
35.527524808386666,8.823887111741348,2020-06-03,0,27.2,15.3,0.2,59.2,0.175,-0.183
31.65017,9.1702,2025-02-27,1,21.2,21.4,0.0,68.2,0.074,-0.111
37.195548005600536,9.433618611808347,2019-05-03,0,20.9,16.6,5.5,68.65,0.407,0.201
35.5621570555025,9.174370785989137,2022-10-18,0,28.9,10.5,0.0,56.650000000000006,0.107,-0.116
35.84338989881962,9.260439702413636,2017-06-20,0,30.8,15.5,0.0,53.8,0.133,-0.127
36.52966942906615,8.881292603438819,2016-05-27,0,37.9,11.2,1.1,43.150000000000006,0.25,0.05
36.74017092396121,10.500785777044552,2018-06-04,0,24.6,18.4,0.0,63.1,0.314,-0.079
35.080511324708525,9.198385045190172,2017-09-13,0,30.8,14.8,0.0,53.8,0.106,-0.127
36.69067,9.18478,2019-08-06,1,42.6,10.2,0.0,36.1,0.177,-0.088
35.41614,10.65655,2021-11-25,1,16.9,16.6,1.8,74.65,0.21,-0.114
35.63844283802507,8.817822544238506,2018-09-17,0,29.4,10.5,1.3,55.900000000000006,0.081,-0.158
36.66927270606833,8.709603357249133,2016-08-06,0,27.1,28.1,0.0,59.35,0.315,-0.088
36.69678,10.30794,2023-07-12,1,40.6,25.1,0.0,39.1,0.097,-0.097
31.65477,10.23547,2017-05-05,1,34.8,32.5,0.0,47.8,0.25,0.05
35.36288,11.02515,2019-07-16,1,33.3,35.2,0.0,50.05,0.155,-0.141
35.436024198307244,8.78293900827546,2016-10-24,0,28.8,15.1,0.0,56.8,0.181,-0.158
36.40647736558629,8.502385000308097,2020-08-21,0,41.0,16.2,0.0,38.5,0.125,-0.176
37.04656,9.64069,2023-09-27,1,27.0,18.4,1.1,59.5,0.08,-0.049
36.60093886892975,10.356924483189314,2022-05-19,0,27.8,11.7,0.2,58.3,0.305,0.064
34.38634,8.6094,2020-09-25,1,38.3,38.2,0.0,42.55,0.091,-0.123
36.150606842106825,9.182978051632654,2022-08-12,0,34.3,15.3,0.0,48.55,0.11,-0.102
36.71069389411088,8.941342594262867,2023-05-26,0,20.1,14.4,1.7,69.85,0.25,0.05
37.039021410302254,9.531175008246136,2021-10-23,0,25.8,16.2,0.9,61.3,0.25,0.05
35.24691574996297,8.968653964510615,2019-05-12,0,22.8,34.7,0.1,65.8,0.31,-0.061
37.00814784742367,11.023588484257568,2020-07-16,0,27.3,19.8,0.0,59.05,0.035,-0.045
32.28943,10.97564,2019-06-08,1,39.6,29.0,0.0,40.6,0.075,-0.131
37.00769761248927,9.309555546755222,2024-10-23,0,25.6,18.8,0.3,61.6,0.115,-0.124
31.64599,9.17103,2022-03-29,1,29.7,28.8,0.0,55.45,0.067,-0.074
36.5812,9.22773,2019-07-27,1,35.4,17.7,0.0,46.900000000000006,0.501,0.042
36.83263897475638,8.766210827008262,2022-08-07,0,29.8,15.2,0.0,55.3,0.296,-0.002
34.996232231913815,8.595685487659114,2025-07-19,0,37.9,26.7,0.0,43.150000000000006,0.135,-0.101
35.28619745565089,8.77650637832803,2023-05-19,0,18.9,17.7,7.8,71.65,0.108,-0.16
36.59235,10.31999,2018-08-03,1,36.0,11.1,0.0,46.0,0.086,-0.133
35.86209906276132,9.387146580980716,2023-07-06,0,35.2,15.6,0.2,47.2,0.213,-0.056
36.23637373998008,10.199038426149604,2021-10-22,0,27.8,14.5,0.0,58.3,0.244,-0.146
35.77673,9.88993,2022-05-02,1,25.2,16.8,0.0,62.2,0.112,-0.089
35.4124314745638,9.149537587811947,2022-07-09,0,31.9,16.6,0.0,52.150000000000006,0.157,-0.075
36.78907940764587,9.444687732941818,2019-06-17,0,26.7,15.7,0.0,59.95,0.23,-0.098
34.93307764462978,8.42798017782197,2022-06-07,0,38.2,28.8,0.3,42.7,0.079,-0.122
37.1719004422684,9.655210190438154,2024-10-19,0,19.9,22.5,8.5,70.15,-0.142,0.038
31.64705,9.1724,2022-08-12,1,39.0,40.2,0.0,41.5,0.064,-0.104
36.4246003885764,8.878623980481722,2025-09-19,0,33.9,14.9,0.0,49.150000000000006,0.098,-0.155
31.48346,9.54206,2018-12-21,1,18.3,25.4,0.0,72.55,0.075,-0.096
36.57727738734028,10.0595376950548,2021-08-04,0,44.5,29.0,0.0,33.25,0.137,-0.156
36.57030696683297,8.827615591025847,2019-07-26,0,41.7,22.7,0.0,37.45,0.157,-0.115
36.160368316291866,9.61422038231657,2023-10-04,0,29.7,10.2,0.0,55.45,0.09,-0.163
35.91291964755424,9.42764469913506,2017-09-09,0,31.0,17.1,0.0,53.5,0.192,-0.216
31.64726,9.17121,2024-11-11,1,23.6,13.5,0.0,64.6,0.059,-0.129
37.067973603735474,9.711437631353792,2023-05-03,0,21.5,25.0,0.1,67.75,0.173,-0.055
36.54850361041644,8.901205180816707,2017-10-14,0,26.8,17.5,0.0,59.8,0.161,-0.2
34.89072296665451,8.804873018413167,2025-05-02,0,29.2,17.3,0.0,56.2,0.086,-0.09
36.98339700171569,9.548984697081496,2017-09-05,0,30.5,16.4,0.4,54.25,0.205,-0.122
36.89262073774751,11.05806844563077,2019-08-26,0,31.3,15.4,0.0,53.05,0.168,-0.258
35.73405681804038,9.044957296041124,2016-09-08,0,26.2,19.5,0.0,60.7,0.076,-0.199
35.09362,8.89029,2020-07-23,1,31.7,13.0,0.0,52.45,0.29,-0.099
36.63833648177009,8.455642018746737,2022-09-08,0,33.8,17.2,0.0,49.3,0.268,-0.046
36.34271197869119,9.480131997551863,2016-08-05,0,38.0,17.0,0.0,43.0,0.114,-0.162
36.75713325519023,8.576424027023673,2025-08-23,0,28.8,12.5,0.0,56.8,0.067,0.026
36.32471614178317,9.636959325264636,2023-06-22,0,38.6,21.9,0.0,42.1,0.121,-0.058
35.86838562213241,9.15786754914208,2025-08-03,0,31.2,16.3,0.0,53.2,0.072,-0.121
31.40189,10.02408,2018-11-28,1,17.0,17.9,0.0,74.5,0.104,-0.079
36.27518,9.20028,2021-07-17,1,29.0,29.9,0.0,56.5,0.127,-0.128
36.41567400615415,8.474750253503847,2022-09-15,0,38.2,19.0,0.0,42.7,0.104,-0.139
36.57324452240184,10.55658985377147,2017-07-06,0,34.0,14.2,0.0,49.0,0.345,-0.046
35.03123103365701,8.87000780775867,2017-07-17,0,30.9,19.5,0.0,53.650000000000006,0.124,-0.119
36.17846787724848,9.09105841185698,2017-09-27,0,25.6,12.0,0.6,61.6,0.116,-0.171
31.64673,9.1697,2024-03-11,1,22.0,22.8,0.0,67.0,0.08,-0.077
36.36323400768487,10.194180230188383,2025-09-15,0,33.7,11.4,0.0,49.45,0.081,-0.121
36.55913868264255,10.106112173672267,2016-09-01,0,32.6,15.0,0.0,51.1,0.108,-0.197
35.57865589748738,9.21396126223759,2019-06-18,0,33.4,14.2,0.0,49.900000000000006,0.136,-0.143
36.91433,9.03628,2022-08-17,1,43.8,22.5,0.0,34.30000000000001,0.494,0.184
35.686319363726284,8.62997572222589,2021-08-23,0,35.2,12.8,0.0,47.2,0.091,-0.174
31.70273,9.24414,2020-12-30,1,16.9,22.1,0.0,74.65,0.089,-0.086
35.936972989691874,9.394857715560748,2025-06-14,0,32.4,13.0,0.0,51.400000000000006,0.135,-0.12
36.56516206103742,9.000695866307602,2019-06-02,0,27.2,14.5,0.0,59.2,0.25,0.05
36.53986210415525,8.642871060777697,2021-06-19,0,43.4,15.6,0.0,34.900000000000006,0.269,-0.096
34.9365,8.52846,2019-05-04,1,21.5,37.8,0.0,67.75,0.097,-0.009
37.13654437094026,9.70621371138476,2024-05-04,0,22.8,14.2,0.0,65.8,-0.092,0.059
36.54368284047272,8.598189286508795,2023-06-05,0,24.8,12.4,2.1,62.8,0.25,0.05
31.65066,9.17432,2024-11-22,1,23.5,18.5,0.0,64.75,0.07,-0.105
36.2229365357373,10.176263876544338,2017-09-07,0,28.8,8.1,4.5,56.8,0.131,-0.143
31.70368,9.24431,2019-12-01,1,24.2,26.9,0.0,63.7,0.073,-0.099
36.5073006294154,8.705600646534297,2018-05-12,0,26.6,11.7,0.5,60.1,0.529,0.1
34.97505440123365,8.324207810023522,2021-07-07,0,38.3,18.1,0.0,42.55,0.117,-0.168
35.79338480948921,9.241124910481291,2016-07-18,0,32.0,14.0,0.0,52.0,0.086,-0.149
35.0656920636582,8.987307830610206,2024-09-10,0,29.0,16.3,0.0,56.5,0.08,-0.124
31.70619,9.24274,2022-01-24,1,13.2,15.4,0.0,80.2,0.088,-0.09
31.70462,9.24365,2020-05-01,1,30.2,19.6,0.0,54.7,0.076,-0.099
35.8518,8.59176,2019-10-01,1,29.9,9.7,0.0,55.150000000000006,0.125,-0.141
36.744932093120966,8.739729684725024,2024-09-10,0,21.3,27.5,8.1,68.05,0.233,-0.028
35.82809382369192,9.13340008890809,2020-05-25,0,27.1,15.5,0.0,59.35,0.368,0.005
35.07177759313642,8.532707395690707,2016-06-04,0,29.9,20.9,0.0,55.150000000000006,0.087,-0.149
32.28856,10.97723,2017-04-01,1,26.7,23.7,0.0,59.95,0.082,-0.077
36.54274138657986,8.613714832204208,2016-08-27,0,35.1,14.1,0.0,47.35,0.124,-0.211
31.70337,9.24255,2019-01-26,1,14.3,22.8,0.0,78.55,0.078,-0.08
34.79184328247815,8.663392125325517,2016-07-24,0,32.7,17.6,0.0,50.95,0.1,-0.134
33.87375,9.99049,2018-08-21,1,32.7,19.2,0.0,50.95,0.037,-0.185
37.27315731374442,9.492521477748816,2025-09-17,0,27.5,24.2,0.0,58.75,0.092,0.008
35.06482443963003,9.25772895597868,2023-10-16,0,30.7,18.9,0.0,53.95,0.093,-0.103
35.40643,9.60237,2023-07-22,1,44.6,15.5,0.0,33.099999999999994,0.142,-0.096
37.17186,9.21743,2017-08-04,1,39.4,19.7,0.0,40.900000000000006,0.661,0.221
36.50025,10.02788,2018-10-25,1,25.0,19.2,0.0,62.5,0.099,-0.166
36.36854865242172,9.773267887065842,2020-06-10,0,26.9,21.4,0.1,59.650000000000006,0.108,-0.167
36.98572795852174,9.367243679442543,2024-09-11,0,25.7,24.7,1.3,61.45,0.104,0.055
36.10744601909521,9.272753688765858,2019-08-15,0,29.4,16.1,0.0,55.900000000000006,0.202,-0.057
36.25135393997064,9.254466895771593,2022-08-03,0,34.3,20.1,0.0,48.55,0.077,-0.104
35.599515986358554,9.165822909384763,2025-07-11,0,33.4,19.0,0.0,49.900000000000006,0.089,-0.142
36.94059,9.4271,2020-10-04,1,27.8,17.3,0.0,58.3,0.371,-0.052
31.00474,10.06043,2021-05-04,1,35.6,26.1,0.0,46.6,0.083,-0.105
36.58971,10.31979,2016-11-02,1,24.0,8.1,0.0,64.0,0.077,-0.162
36.8743491338956,8.798079684329192,2021-10-17,0,18.9,8.8,0.2,71.65,0.25,0.05
35.28261794450438,8.651916901309576,2024-06-23,0,33.3,15.9,0.3,50.05,0.198,-0.024
31.40105,10.02029,2017-10-23,1,23.4,18.3,0.1,64.9,0.076,-0.119
35.011170057703445,8.514088214892428,2022-08-02,0,31.5,19.7,9.9,52.75,0.072,-0.114
35.79985804158756,9.23043560384041,2022-06-23,0,34.8,15.3,0.0,47.8,0.122,-0.073
34.900066507240965,8.82979442828471,2019-09-26,0,29.9,20.7,0.0,55.150000000000006,0.112,-0.15
34.60447,10.58538,2016-11-09,1,20.8,25.7,0.0,68.8,0.119,-0.1
35.60338412550781,8.846251223676232,2016-08-23,0,27.8,15.1,0.0,58.3,0.092,-0.143
35.05831250488013,9.181426785748512,2025-08-06,0,33.4,17.1,0.0,49.900000000000006,0.097,-0.13
36.84937703726759,10.620940855579022,2022-06-01,0,32.4,14.5,0.0,51.400000000000006,0.211,-0.08
36.77738403916117,10.86927996874567,2020-10-24,0,23.5,22.2,0.0,64.75,0.087,-0.244
34.881745706698744,8.425844761639706,2022-06-26,0,38.4,21.8,0.0,42.400000000000006,0.103,-0.101
36.24461416559618,10.052812506609431,2018-06-20,0,29.0,15.5,3.8,56.5,0.342,-0.111
36.93041187451488,9.74258301829854,2021-10-22,0,28.3,15.8,0.0,57.55,0.061,-0.017
36.90177491483342,11.076710764443856,2021-07-23,0,34.3,11.3,0.0,48.55,0.219,-0.201
36.236119156350405,9.442649054420968,2021-07-09,0,37.7,15.3,0.3,43.45,0.115,-0.166
36.9243292461096,9.516681119382572,2024-07-19,0,37.2,14.8,0.0,44.2,0.118,-0.077
36.79496,8.58578,2017-07-31,1,41.7,26.3,0.0,37.45,0.29,-0.131
36.95180240711182,9.753625336127335,2024-09-14,0,24.3,31.9,0.0,63.55,0.105,-0.125
35.301046468736715,8.390852472999239,2022-07-21,0,34.8,13.0,0.7,47.8,0.133,-0.116
36.818361919710085,11.059406649808974,2023-07-07,0,30.1,23.0,0.0,54.85,0.111,-0.119
37.21532575438175,9.61363599553333,2016-05-15,0,21.1,27.5,0.0,68.35,0.709,0.244
36.31867336245154,10.160772264171062,2018-05-15,0,24.2,13.6,0.0,63.7,0.333,-0.041
34.86821705008443,8.34943552651135,2022-10-05,0,25.5,15.0,0.6,61.75,0.083,-0.099
36.32848,8.43776,2021-07-26,1,40.2,18.4,0.0,39.7,0.398,-0.019
34.93617,8.53143,2017-07-06,1,33.0,19.5,0.0,50.5,0.056,-0.007
36.88820346515575,8.68635106392023,2019-09-16,0,27.9,7.1,0.0,58.150000000000006,0.188,-0.116
36.58907,10.31612,2025-10-25,1,30.0,13.0,0.0,55.0,0.073,-0.047
37.14552896364904,9.894722709457652,2025-09-15,0,28.3,14.6,0.0,57.55,0.107,-0.161
36.45648481294754,10.624531392746356,2024-10-27,0,21.3,24.9,51.1,68.05,0.25,0.05
36.604716310804015,8.606091744486221,2025-05-21,0,19.8,15.3,0.0,70.3,0.515,0.254
35.11961881884679,8.950312710401077,2017-05-01,0,21.3,12.0,5.0,68.05,0.25,-0.096
36.74502475209342,8.569496149733713,2023-09-24,0,24.1,19.4,0.8,63.85,0.257,-0.028
36.37808877498826,10.260792947225136,2020-10-05,0,26.7,15.9,0.2,59.95,0.147,-0.176
35.859375936593835,9.213471893557676,2020-06-23,0,27.4,15.3,0.0,58.900000000000006,0.142,-0.11
33.36528,8.54782,2023-06-05,1,31.0,34.9,0.0,53.5,0.064,-0.012
33.30547,9.23413,2016-05-09,1,36.6,24.3,0.0,45.1,0.067,-0.085
35.472979613727965,8.868228387009044,2017-06-24,0,30.1,15.6,0.0,54.85,0.088,-0.11
35.10786303494134,9.239894223925134,2021-06-22,0,41.4,21.4,0.0,37.900000000000006,0.143,-0.116
35.47806574970622,8.58205235872848,2024-08-03,0,35.8,22.6,0.0,46.3,0.13,-0.072
36.140732422096505,9.705587256329954,2025-08-04,0,28.1,22.7,0.0,57.85,0.172,-0.1
37.52996173438013,8.933994218218704,2022-05-11,0,16.5,15.5,0.0,75.25,0.068,-0.038
37.04667870638468,11.038426474853,2023-10-07,0,26.1,12.6,0.0,60.85,0.108,-0.193
31.00585,10.06052,2021-09-01,1,41.5,23.9,0.0,37.75,0.071,-0.117
37.19505101246104,10.020456008133545,2022-07-03,0,33.6,14.8,0.0,49.6,0.33,0.114
35.61659927287854,8.70388777431705,2019-07-23,0,33.3,16.6,0.0,50.05,0.147,-0.113
36.50122,10.0247,2021-03-03,1,17.2,21.3,0.0,74.2,0.4,0.041
36.15852,10.28323,2016-06-08,1,30.4,14.5,0.0,54.400000000000006,0.25,0.05
35.29836970302985,9.073514454572775,2023-09-02,0,31.7,13.4,0.0,52.45,0.093,-0.138
36.58461114878227,8.934940817679404,2024-10-09,0,32.9,12.2,0.0,50.650000000000006,0.109,-0.16
33.87492,9.99191,2023-04-14,1,21.9,25.5,0.0,67.15,0.046,-0.109
36.9475542294239,9.596112846948005,2018-08-16,0,30.0,15.5,0.0,55.0,0.135,-0.223
37.198274043603504,10.075240602853947,2019-08-14,0,27.4,32.0,0.0,58.900000000000006,0.14,-0.182
36.67891,9.92018,2025-03-20,1,20.4,24.9,0.0,69.4,0.401,0.181
36.754002004930186,8.930639397169694,2021-08-27,0,34.1,13.6,0.0,48.85,-0.009,0.112
36.59069,10.31767,2023-05-11,1,24.7,13.5,0.5,62.95,0.031,-0.147
36.45295590381085,8.72014338530767,2017-09-20,0,25.8,18.6,0.2,61.3,0.112,-0.133
35.34921995960242,8.590949548499342,2022-09-21,0,29.3,13.0,0.2,56.05,0.139,-0.081
34.93427342414225,9.031454039703732,2018-06-03,0,32.7,13.2,0.0,50.95,0.176,-0.161
36.714622712174645,10.80464666784768,2020-10-19,0,21.6,9.7,1.4,67.6,0.189,-0.247
32.29367,10.94723,2016-05-28,1,43.9,27.2,0.0,34.150000000000006,0.083,-0.083
36.43086731684377,8.60220551743339,2024-05-20,0,26.9,22.3,0.0,59.650000000000006,0.166,-0.085
35.48608,8.53656,2017-08-05,1,37.6,12.6,0.1,43.6,0.326,-0.042
36.097633669102485,9.477158446058612,2018-10-03,0,18.6,10.9,0.3,72.1,0.126,-0.209
35.1666563312637,8.892399703601166,2025-06-09,0,35.8,16.8,0.0,46.3,0.214,-0.035
36.63676,9.52933,2019-07-22,1,36.6,18.9,0.0,45.1,0.183,-0.149
33.36551,8.55011,2022-10-04,1,32.8,22.3,0.0,50.8,0.061,-0.035
35.71718964032661,8.761537125104455,2018-10-12,0,22.8,12.1,0.3,65.8,0.085,-0.184
35.84917,8.59127,2018-02-27,1,11.7,14.7,0.0,82.45,0.1,-0.127
36.05667431253221,9.63867534574405,2022-07-04,0,38.4,14.2,0.0,42.400000000000006,0.19,-0.1
36.83936385222867,10.921532990951889,2019-05-16,0,17.1,40.0,0.4,74.35,0.369,0.001
33.36324,8.54885,2024-04-07,1,31.1,18.4,0.0,53.35,0.068,-0.012
35.42212145221836,8.518322084318243,2022-08-14,0,39.8,18.1,0.0,40.3,0.072,-0.137
37.13744,9.81609,2020-09-28,1,24.7,20.9,0.0,62.95,0.07,-0.059
36.13569790321994,9.487104677368304,2017-05-15,0,23.8,16.2,0.0,64.3,0.308,0.003
36.0397903904587,9.412010378171887,2018-08-09,0,33.1,16.1,0.3,50.35,0.072,-0.197
36.95011788309857,11.011526717946069,2016-07-24,0,26.8,23.1,0.0,59.8,0.25,0.05
36.38214764787269,9.924464953020276,2017-10-05,0,20.5,20.7,16.1,69.25,0.118,-0.127
35.75408509416961,9.26327619063092,2024-08-07,0,35.4,12.6,0.0,46.900000000000006,0.097,-0.094
31.64788,9.17073,2023-08-09,1,37.8,22.0,0.0,43.3,0.065,-0.129
35.6566380430434,8.516760186387225,2024-09-26,0,31.5,16.7,0.0,52.75,0.071,-0.136
36.58975,10.31845,2017-12-11,1,17.8,24.8,0.0,73.3,0.097,-0.172
36.69658,10.1445,2020-07-20,1,32.8,17.4,0.0,50.8,0.125,-0.146
34.70990421863567,8.420893542404803,2021-06-09,0,31.8,32.2,0.0,52.3,0.088,-0.148
36.89697314079585,9.661072606629132,2024-06-24,0,27.5,14.3,3.6,58.75,0.111,-0.1
31.40438,9.85338,2019-08-07,1,40.9,23.8,0.0,38.650000000000006,0.079,-0.123
36.66675804940044,8.992284799318757,2018-05-20,0,25.8,20.8,0.8,61.3,0.348,0.1
36.49508240381456,8.280409502902602,2017-09-17,0,22.6,13.3,0.7,66.1,0.749,0.245
36.217875111573335,9.854405314894228,2021-06-18,0,33.8,23.9,0.0,49.3,0.451,0.048
35.46527,9.0418,2021-07-02,1,37.2,19.5,0.0,44.2,0.138,-0.188
33.87405,9.99226,2024-04-21,1,19.0,35.8,0.0,71.5,0.046,-0.116
36.54554,9.67447,2022-06-27,1,45.2,24.4,0.0,32.19999999999999,0.099,-0.072
31.64902,9.17159,2022-02-23,1,17.2,17.1,0.0,74.2,0.082,-0.106
35.98302235375524,9.559902934199162,2023-08-05,0,24.8,25.5,0.0,62.8,0.131,-0.097
36.50114,10.02577,2021-02-09,1,19.6,22.0,0.1,70.6,0.253,-0.068
36.69968,9.19327,2018-08-03,1,37.1,18.6,0.0,44.35,0.151,-0.136
36.81505088164552,8.877528491516175,2025-08-07,0,31.1,11.5,0.0,53.35,0.506,0.195
36.39123596732246,9.6861442233298,2016-08-06,0,29.8,26.6,0.0,55.3,0.128,-0.188
35.73551125381325,9.101045648674038,2021-06-12,0,26.3,15.6,0.0,60.55,0.049,-0.027
35.39415325316083,8.59873231694468,2016-05-15,0,22.0,13.6,0.0,67.0,0.116,-0.121
35.80821390958728,9.4646719042316,2016-10-21,0,23.5,9.0,0.4,64.75,0.168,-0.14
36.71084325396432,8.796591489629431,2025-07-01,0,33.5,10.4,0.3,49.75,0.38,0.091
37.04559,9.32675,2017-09-23,1,30.6,13.3,0.9,54.1,0.147,-0.242
37.150149535187765,9.943087261874284,2022-09-14,0,40.1,19.2,0.0,39.85,0.164,-0.114
34.41847,8.8539,2017-03-25,1,25.5,20.2,0.0,61.75,0.231,-0.014
35.57611882301203,8.523455804291258,2016-08-14,0,31.1,12.3,0.0,53.35,0.065,-0.127
35.8495,8.59433,2022-04-27,1,24.3,16.1,0.4,63.55,0.073,-0.099
36.51669772213423,9.955867869088998,2019-07-15,0,32.6,29.4,0.1,51.1,0.14,-0.084
37.31590881275121,9.711431864952196,2024-07-07,0,30.7,17.7,0.0,53.95,0.212,0.017
36.94991981494719,9.517474393891536,2017-06-04,0,31.1,14.8,0.4,53.35,0.56,0.057
35.369688844869046,8.51382794131742,2017-08-27,0,34.5,14.3,0.0,48.25,0.084,-0.158
35.190032287450954,8.58310791261414,2023-09-19,0,33.4,17.3,0.0,49.900000000000006,0.099,-0.165
36.20233659839634,9.481110645486035,2023-09-20,0,35.7,13.6,0.0,46.45,0.083,-0.099
35.41024,9.23713,2020-08-17,1,35.4,18.8,0.0,46.900000000000006,0.31,-0.074
36.73148,10.93421,2024-10-01,1,26.3,15.9,0.0,60.55,0.161,-0.097
31.49477,9.49203,2023-11-07,1,32.9,24.8,0.0,50.650000000000006,0.068,-0.084
37.0962896983484,9.115787341169105,2021-10-23,0,22.9,13.0,0.4,65.65,0.25,0.05
35.77599,9.89125,2020-07-22,1,35.5,17.4,0.0,46.75,0.06,-0.183
35.57097015179036,9.131853269127433,2024-09-15,0,24.0,16.5,0.0,64.0,0.029,-0.037
36.15036947971878,9.306405700208533,2024-09-16,0,25.8,15.0,0.0,61.3,0.058,-0.124
36.06600266495588,10.030982049000626,2019-09-12,0,27.7,17.4,0.0,58.45,0.234,-0.127
36.52799120327617,9.962570972143434,2019-06-19,0,36.6,16.1,0.0,45.1,0.186,-0.206
35.74024229828165,9.29938441356567,2016-06-19,0,22.9,23.0,1.7,65.65,0.087,-0.141
36.99408918278528,9.902316927718632,2018-10-08,0,28.6,16.6,2.2,57.1,0.248,-0.179
33.66648,10.38554,2021-01-27,1,17.8,28.2,0.0,73.3,0.156,-0.001
35.55416369780501,8.74690494406694,2022-09-09,0,35.2,17.2,1.1,47.2,0.141,-0.093
37.2267,9.70763,2016-10-08,1,26.9,15.1,0.0,59.650000000000006,0.137,-0.283
37.00511929978792,9.22481989579009,2023-07-16,0,38.6,10.7,0.0,42.1,0.181,-0.091
34.91725846224894,8.512035709685858,2017-07-02,0,28.8,32.8,0.0,56.8,0.125,-0.145
36.58131551400548,10.791251706448833,2017-08-04,0,37.0,10.8,0.0,44.5,0.331,-0.084
36.462322809632845,10.727975818066447,2021-06-19,0,27.7,14.4,0.0,58.45,0.11,-0.097
35.10342,8.94948,2020-08-02,1,38.0,14.9,0.0,43.0,0.197,-0.132
36.29782489436394,9.436353689294965,2023-05-25,0,19.5,15.9,7.8,70.75,0.25,0.05
36.609610887645445,10.886817020202782,2023-10-09,0,27.3,11.3,0.3,59.05,-0.033,0.211
36.11358865659696,9.632469075753509,2022-06-12,0,30.0,13.9,0.0,55.0,0.163,-0.049
37.117694638708,9.142495897502616,2023-10-02,0,28.7,14.9,0.0,56.95,0.432,0.233
35.12111,8.94968,2016-08-09,1,31.6,10.7,0.0,52.6,0.177,-0.154
33.5296,9.68216,2022-10-07,1,27.6,22.0,0.0,58.6,0.066,-0.081
35.16311002912267,9.097595007195489,2021-09-06,0,32.1,14.1,0.0,51.85,0.049,-0.104
36.65705326864792,10.602643888007757,2024-05-04,0,23.1,15.5,0.0,65.35,0.359,0.059
36.96061923932315,9.902911443155345,2024-06-18,0,42.9,23.4,0.0,35.650000000000006,0.13,-0.109
35.217281201573115,8.59304913333564,2022-10-16,0,28.4,18.4,0.0,57.400000000000006,0.158,-0.111
36.68575596867002,10.887952568723772,2019-07-26,0,31.3,19.3,0.0,53.05,0.328,-0.094
36.71920835056785,10.797863145886426,2022-08-06,0,33.9,11.5,0.9,49.150000000000006,0.11,-0.146
35.02909490676162,8.78196846478504,2021-10-24,0,19.8,22.4,1.3,70.3,0.143,-0.156
34.8466812931714,8.95010018156817,2016-08-01,0,38.8,28.1,0.0,41.8,0.1,-0.146
35.57019734150023,8.780670979065013,2018-05-01,0,21.7,31.1,5.0,67.45,0.258,-0.09
36.45333377274238,8.558418929436675,2016-09-05,0,36.3,17.9,0.0,45.55,0.119,-0.192
36.4442,9.04561,2021-07-17,1,26.4,29.9,0.0,60.400000000000006,0.193,0.092
36.58711,10.51425,2020-06-15,1,29.0,22.5,0.0,56.5,0.263,-0.119
36.40685442217416,8.73716880410089,2025-06-12,0,36.1,16.0,0.0,45.85,0.206,-0.062
36.72367368392996,10.619379488675552,2021-10-19,0,21.4,12.4,1.9,67.9,0.445,-0.057
35.61922809952265,8.851879098493349,2021-05-27,0,31.4,17.6,0.5,52.900000000000006,0.171,-0.143
36.055417542007305,9.251134716473748,2016-09-15,0,30.5,23.7,0.6,54.25,-0.023,0.2
36.69878,8.65429,2017-08-01,1,41.0,21.2,0.0,38.5,0.805,0.309
36.24226288946831,9.78263718590477,2020-09-07,0,27.9,13.9,0.2,58.150000000000006,0.511,0.016
34.74318615059685,8.350163554177998,2020-09-02,0,25.5,15.9,6.8,61.75,0.093,-0.138
37.030400303642686,10.92571695381426,2023-05-16,0,19.4,38.8,3.3,70.9,0.25,0.05
34.9136072739065,8.566157196982811,2016-08-17,0,33.6,19.6,0.1,49.6,0.127,-0.106
35.07221223749618,8.3622872637922,2019-07-21,0,32.4,18.4,0.0,51.400000000000006,0.125,-0.13
34.831548488257056,8.579991377205126,2019-07-12,0,35.0,15.9,0.0,47.5,0.109,-0.15
36.35217732790141,9.159338416660656,2021-09-24,0,38.5,21.4,0.0,42.25,0.163,-0.213
31.64968,9.17411,2024-06-26,1,39.6,19.4,0.0,40.6,0.062,-0.113
36.33411111548072,8.978933457589308,2025-06-27,0,35.1,24.3,0.0,47.35,0.195,-0.061
33.87281,9.99256,2018-09-20,1,31.1,19.3,3.9,53.35,0.029,-0.108
35.581174056461464,9.346332823409266,2019-05-02,0,23.2,16.2,0.0,65.2,0.232,-0.025
34.888186348982856,8.361853976571783,2024-08-04,0,34.8,26.5,0.0,47.8,0.075,-0.112
36.87064494627679,11.015805870422849,2016-05-08,0,19.5,18.1,0.0,70.75,0.371,-0.026
31.64706,9.16787,2024-11-23,1,22.9,28.7,0.0,65.65,0.065,-0.097
33.52728,9.6806,2022-09-10,1,40.6,29.3,0.0,39.1,0.047,-0.105
35.593318018425705,8.66943980816292,2024-08-13,0,37.3,17.9,0.5,44.05,0.088,-0.076
36.26627262622476,9.15280916502069,2025-09-12,0,28.3,11.1,0.0,57.55,0.135,-0.126
36.63944,8.59657,2021-07-29,1,38.4,20.0,0.0,42.400000000000006,0.571,0.083
31.70521,9.2436,2020-07-16,1,42.7,25.9,0.0,35.94999999999999,0.062,-0.122
31.40082,10.0216,2020-09-30,1,35.3,21.5,0.0,47.05,0.082,-0.123
31.64783,9.17054,2021-11-17,1,19.7,11.8,0.0,70.45,0.086,-0.129
32.28983,10.97681,2016-10-30,1,23.0,17.6,0.0,65.5,0.066,-0.15
36.46961450918725,10.363759415022177,2025-10-27,0,22.1,29.9,0.5,66.85,0.343,0.094
37.18133948320261,9.344761248371247,2017-05-20,0,20.3,20.7,0.0,69.55,0.592,0.105
31.40045,10.02142,2018-06-11,1,44.0,37.3,0.0,34.0,0.086,-0.124
34.34365,8.82196,2020-04-30,1,27.0,18.2,0.0,59.5,0.118,-0.106
37.16130269236038,9.39133705744291,2024-05-24,0,31.3,16.1,0.1,53.05,0.448,0.187
36.423141386028576,9.689147852363645,2024-09-24,0,30.8,18.8,0.1,53.8,0.081,-0.143
36.67951,9.0713,2025-10-09,1,25.9,11.6,0.0,61.150000000000006,0.162,-0.126
36.59046,10.31703,2017-09-09,1,34.9,18.4,0.0,47.650000000000006,0.032,-0.185
36.818325532363794,10.98761452247269,2018-10-12,0,25.9,18.0,1.5,61.150000000000006,0.09,-0.112
35.62574146993383,8.68266330422395,2023-07-13,0,40.1,13.9,0.0,39.85,0.115,-0.075
37.06256560089661,9.533398195854335,2016-05-01,0,17.4,23.1,7.6,73.9,0.38,0.143
35.06608578717466,8.91281084744398,2023-05-06,0,29.4,17.9,0.0,55.900000000000006,0.089,-0.115
36.76944,9.29797,2022-09-11,1,36.0,15.2,0.0,46.0,0.141,-0.102
31.39747,10.02407,2024-06-28,1,44.3,22.8,0.0,33.55000000000001,0.06,-0.093
36.99792590916673,9.73171109795476,2024-09-16,0,26.4,25.4,0.0,60.400000000000006,0.055,-0.131
35.54067407817264,8.495425292592337,2025-10-07,0,19.4,18.3,0.0,70.9,0.089,-0.079
35.57941735199416,8.533394152573686,2024-10-03,0,27.7,19.9,1.8,58.45,0.011,-0.095
36.91408471348228,9.744247747481106,2025-10-17,0,24.1,10.5,0.1,63.85,0.135,-0.122
35.31228166547687,8.992530733546422,2017-06-16,0,36.0,14.6,0.0,46.0,0.125,-0.131
36.50089,10.02545,2021-02-05,1,25.8,13.0,0.0,61.3,0.334,-0.011
36.7372252279903,8.86683757086001,2022-05-12,0,20.4,9.4,0.0,69.4,0.527,0.226
36.49323974504495,10.05755771024588,2016-08-03,0,33.4,15.7,0.0,49.900000000000006,0.15,-0.175
35.50946732928538,8.439079117447221,2021-08-27,0,31.4,14.7,0.2,52.900000000000006,0.076,-0.197
35.34195860503142,9.169876152145568,2019-08-09,0,37.8,18.6,0.0,43.3,0.214,-0.057
36.97623064164889,10.939865760050182,2024-07-26,0,30.4,15.0,0.0,54.400000000000006,0.32,0.066
36.35542072953616,10.1678745754539,2021-09-12,0,30.1,14.9,0.0,54.85,0.128,-0.144
35.672670885786374,8.913548656919339,2022-05-03,0,23.9,21.9,0.5,64.15,0.214,-0.038
35.83806371477785,9.368555059934245,2021-10-10,0,17.5,20.5,0.2,73.75,0.248,-0.079
36.967143101519454,9.955318069206172,2019-08-09,0,36.0,16.9,0.0,46.0,0.093,-0.158
36.14162292533842,10.163536110079644,2023-10-18,0,35.2,19.1,0.0,47.2,0.097,-0.112
36.19418,9.97297,2021-09-11,1,27.6,26.5,0.5,58.6,0.331,-0.07
31.65082,9.17258,2024-11-17,1,25.7,10.6,0.0,61.45,0.071,-0.12
35.28161516756532,8.86908933438222,2023-05-12,0,21.9,17.4,0.9,67.15,0.136,-0.113
37.04043,10.01779,2016-06-13,1,27.9,25.6,0.0,58.150000000000006,0.197,-0.178
34.60302,10.58749,2017-08-19,1,32.7,19.4,0.0,50.95,0.058,-0.113
35.12691740087384,8.679121373721385,2024-10-19,0,17.6,22.2,0.0,73.6,0.153,-0.058
36.890728200694674,8.747730712355658,2024-05-03,0,19.2,14.3,0.0,71.2,0.32,0.066
37.08757,9.60357,2018-09-05,1,39.0,12.3,0.0,41.5,0.404,-0.1
37.17131532272776,9.673965539672473,2025-10-19,0,22.2,11.7,2.3,66.7,-0.176,0.159
36.707184537571024,10.536288118775635,2024-08-16,0,32.7,19.2,0.0,50.95,0.215,-0.089
31.39888,10.02197,2017-10-12,1,27.0,21.3,0.0,59.5,0.07,-0.028
37.08308615306661,9.140857132802168,2022-08-16,0,38.3,24.6,0.0,42.55,0.147,-0.115
36.16725,9.83941,2021-08-12,1,41.7,14.3,0.0,37.45,0.3,-0.001
36.19738000917712,9.936936268811596,2018-05-11,0,24.5,16.1,0.0,63.25,0.307,-0.056
36.6072908987797,10.395542372077053,2020-07-27,0,37.2,10.3,0.0,44.2,0.307,-0.093
31.39953,10.02227,2016-09-01,1,39.1,20.2,0.0,41.35,0.067,-0.107
36.523024522700645,10.805646139452705,2017-08-13,0,30.0,18.6,0.0,55.0,0.049,0.062
37.13537699922239,9.899097716915074,2022-06-09,0,27.8,30.9,0.0,58.3,0.144,-0.122
36.400273709554384,8.49896182149233,2024-05-06,0,31.5,13.8,0.0,52.75,0.269,0.01
36.7694,9.53326,2019-09-07,1,27.7,16.7,0.0,58.45,0.171,-0.173
35.197914662961004,9.208857609717922,2016-08-15,0,33.1,13.8,0.0,50.35,0.083,-0.159
35.47919121803654,8.55672118596371,2017-05-02,0,16.4,13.6,7.7,75.4,0.429,0.04
36.50003,10.02502,2024-01-29,1,17.2,10.5,0.0,74.2,0.333,0.082
36.6767,9.91815,2023-06-23,1,36.6,18.9,0.0,45.1,0.117,-0.096
36.8626097503434,9.454372481934108,2020-08-11,0,35.0,20.9,0.0,47.5,0.17,-0.219
35.87157,9.48158,2018-06-27,1,25.6,23.8,0.0,61.6,0.231,-0.122
34.89292438434202,8.550153104470391,2016-08-24,0,29.8,17.1,0.0,55.3,0.105,-0.16
36.3737004666075,9.869719917848537,2016-07-08,0,36.4,12.2,0.0,45.400000000000006,0.12,-0.151
36.5858764293002,8.842966127313424,2023-10-25,0,26.1,18.6,3.9,60.85,0.106,-0.129
32.28978,10.97475,2019-08-13,1,37.4,24.7,0.0,43.900000000000006,0.076,-0.114
36.64817,8.6513,2017-05-16,1,23.6,17.3,0.0,64.6,0.564,0.134
34.60297,10.58471,2016-01-11,1,21.2,33.2,0.0,68.2,0.1,-0.106
36.65765413003443,8.748349375383855,2020-05-09,0,29.0,13.9,0.0,56.5,0.617,0.177
32.28916,10.97369,2021-01-29,1,23.4,31.3,0.0,64.9,0.08,-0.088
36.37705270267848,10.325681154700415,2023-06-04,0,24.7,15.7,0.2,62.95,0.25,0.05
35.279360338304706,9.066436216249484,2018-09-01,0,33.1,9.5,0.0,50.35,0.456,0.034
35.46395,9.00643,2020-07-29,1,31.0,11.0,0.0,53.5,0.248,-0.119
36.65401266197231,10.482128493566618,2024-06-18,0,34.8,25.3,0.0,47.8,0.137,-0.118
35.34550231629646,8.511189970570237,2017-09-21,0,27.8,19.3,0.0,58.3,0.096,-0.136
34.74186410234117,8.571535435805588,2019-09-22,0,31.2,20.2,0.0,53.2,0.135,-0.13
32.289,10.97245,2017-06-30,1,44.0,33.9,0.0,34.0,0.074,-0.081
35.86015091531277,9.380985345681308,2022-10-12,0,24.8,11.6,5.1,62.8,0.302,0.034
36.4881920698495,9.864613000999483,2022-08-14,0,40.7,20.5,0.0,38.95,0.101,-0.127
35.43109894801656,8.757236745010616,2018-09-24,0,26.3,13.8,0.0,60.55,0.252,-0.074
36.14390618892376,9.058374001545824,2023-09-16,0,34.3,13.7,0.9,48.55,0.247,-0.021
36.53305,9.84421,2018-08-12,1,34.8,17.7,0.0,47.8,0.124,-0.26
36.69997168685293,10.544853353072806,2025-06-22,0,32.3,16.1,0.0,51.55,0.245,-0.054
31.40708,9.85475,2016-10-11,1,30.6,16.9,0.0,54.1,0.058,-0.099
36.77666,10.20021,2025-10-29,1,26.1,16.8,0.0,60.85,0.082,-0.067
36.69515134863735,10.895257594114623,2021-05-08,0,23.1,19.9,0.0,65.35,0.481,0.053
36.74769509758303,10.699137686729356,2018-06-25,0,27.0,15.6,0.5,59.5,0.595,0.085
37.2070025977426,9.345767882830284,2018-06-06,0,26.1,19.9,0.0,60.85,0.419,-0.028
36.44621637285334,8.625840386335833,2022-05-27,0,23.4,20.9,1.7,64.9,0.138,-0.086
35.75274702158598,9.529234302400734,2024-06-24,0,28.3,16.3,0.4,57.55,0.083,-0.109
36.42089122780313,9.933565956557388,2017-05-14,0,29.5,16.1,0.0,55.75,0.227,-0.127
36.3163471429376,10.198479874297018,2016-06-07,0,30.4,14.8,0.0,54.400000000000006,0.17,-0.107
34.76243913491777,8.601522902689748,2016-10-13,0,32.0,25.0,0.0,52.0,0.108,-0.148
35.13923535323352,8.96632862133185,2021-06-24,0,38.7,17.1,0.0,41.95,0.189,-0.127
35.96672127381643,9.238173571182278,2019-05-20,0,18.2,13.7,0.0,72.7,0.183,-0.078
36.29012199362276,10.020776685109489,2021-08-03,0,36.8,16.9,0.0,44.8,0.188,-0.106
36.407882469122704,9.373216687760292,2020-10-11,0,25.5,18.0,10.4,61.75,0.351,-0.089
36.83297568532742,10.924633763420236,2021-09-16,0,32.2,25.3,0.0,51.7,0.078,-0.118
35.04592146276966,8.80218923101705,2020-10-04,0,26.5,18.9,0.0,60.25,0.125,-0.145
36.09582938588851,10.042157840791315,2016-08-12,0,31.9,16.4,0.0,52.150000000000006,0.156,-0.152
36.58624436601048,8.441603491497162,2022-07-10,0,28.6,17.5,0.0,57.1,0.148,-0.068
37.16292990966563,9.61914078502068,2020-06-06,0,26.8,20.9,0.0,59.8,-0.24,0.118
35.81137960422032,9.259909115022182,2021-05-19,0,28.6,16.6,0.0,57.1,0.202,-0.138
35.01312187001422,8.73225872062612,2016-08-25,0,28.7,12.7,0.0,56.95,0.103,-0.137
36.98961677213296,9.23411455997891,2020-08-12,0,39.0,19.0,0.0,41.5,0.219,-0.177
36.572960078322,8.724712619411516,2020-06-26,0,38.0,16.4,0.0,43.0,0.23,-0.102
35.84909,8.59369,2022-05-14,1,29.1,13.4,0.0,56.35,0.05,-0.119
36.955596740818095,8.885357936601185,2021-09-19,0,29.2,13.2,0.0,56.2,0.25,0.05
35.84544,9.3408,2023-11-24,1,12.6,26.4,3.7,81.1,0.173,0.005
31.39972,10.02278,2019-06-25,1,41.0,27.3,0.0,38.5,0.083,-0.151
36.40541750650133,10.176853179341396,2023-07-24,0,46.9,21.1,0.0,29.65000000000001,0.216,-0.04
33.36589,8.54874,2024-11-30,1,21.2,12.2,0.0,68.2,0.063,-0.003
36.38673778272171,10.32359313638998,2019-07-12,0,36.0,13.8,0.0,46.0,0.158,-0.141
35.74001322931929,9.271191573243996,2021-10-10,0,18.8,18.6,0.3,71.8,0.091,-0.168
34.32213,8.95141,2023-08-30,1,34.0,20.9,1.0,49.0,0.096,-0.076
35.8511,8.59001,2016-06-15,1,39.3,29.2,0.0,41.05,0.105,-0.135
36.15733,10.28289,2025-09-14,1,33.6,17.5,0.0,49.6,0.104,-0.106
36.43874264399298,9.466619251038832,2016-10-17,0,27.7,9.4,0.0,58.45,0.25,0.05
31.00455,10.06048,2020-02-09,1,20.0,17.3,0.0,70.0,0.081,-0.097
35.05984,9.41717,2016-07-01,1,36.9,18.9,0.0,44.650000000000006,0.179,-0.103
36.15803,10.28449,2019-02-03,1,13.4,20.4,3.7,79.9,0.131,-0.137
35.10561,8.952,2020-08-02,1,37.7,14.9,0.0,43.45,0.187,-0.145
36.04345810690278,9.211923964245342,2019-10-26,0,15.8,12.9,3.8,76.3,0.224,-0.119
31.6488,9.17264,2024-11-27,1,18.6,12.7,0.0,72.1,0.073,-0.13
37.16014781107117,9.386269644625871,2016-06-07,0,28.0,13.8,0.0,58.0,0.38,0.105
34.77649327932057,8.711613642633852,2024-10-15,0,30.4,21.7,0.0,54.400000000000006,0.107,-0.094
35.80014999727646,9.11888836925628,2024-08-09,0,35.2,15.0,0.0,47.2,0.083,-0.106
31.48362,9.54215,2023-11-13,1,24.5,10.5,0.0,63.25,0.06,-0.082
32.28944,10.97446,2016-01-18,1,14.0,21.6,0.0,79.0,0.084,-0.063
36.69095520820714,10.425734734727117,2023-05-09,0,20.8,17.6,1.2,68.8,0.201,-0.056
34.98089560226781,8.836055478542793,2017-09-22,0,26.8,14.0,0.0,59.8,0.106,-0.138
33.87435,9.99323,2022-06-10,1,32.7,23.5,0.0,50.95,0.074,-0.169
36.83151881640107,8.874521250571396,2020-09-22,0,27.3,10.9,0.3,59.05,0.707,0.256
36.67744,9.91982,2022-11-11,1,24.2,14.3,0.0,63.7,0.072,-0.071
36.92133122360107,9.551849052417998,2024-05-10,0,20.4,23.9,0.3,69.4,0.403,0.15
36.84531501042455,9.433983723704126,2018-09-13,0,24.4,13.6,3.4,63.400000000000006,0.117,-0.14
36.77629,10.19913,2017-09-21,1,25.7,17.8,0.0,61.45,0.093,-0.085
36.231908715279566,10.28059287518165,2021-05-25,0,28.5,26.8,0.0,57.25,0.168,-0.152
36.31666899585245,9.432971955822431,2021-07-17,0,29.7,26.7,0.0,55.45,0.102,-0.147
36.9187312006725,10.782467774172895,2021-05-07,0,20.3,17.9,0.8,69.55,0.695,0.251
36.28255,8.61255,2021-08-11,1,45.2,19.9,0.0,32.19999999999999,0.225,-0.06
36.27990738039964,10.070412953014891,2025-08-16,0,31.7,18.2,0.3,52.45,0.149,-0.105
35.01650429699183,8.550420136468249,2025-10-09,0,24.3,19.7,0.0,63.55,0.181,-0.032
36.796147331150735,9.482880487507517,2025-10-20,0,24.3,13.0,0.0,63.55,0.25,0.05
35.16298191864194,9.11251802766949,2020-08-26,0,36.1,14.8,0.0,45.85,0.147,-0.131
36.172918596027245,9.660321468400308,2019-05-02,0,22.6,13.4,0.3,66.1,0.469,0.118
36.59325,10.31817,2023-02-22,1,22.2,9.7,0.0,66.7,0.071,-0.113
36.44139556586871,10.61134249778182,2016-09-20,0,25.8,19.6,0.0,61.3,0.301,-0.114
37.29008,9.65803,2022-11-03,1,30.2,16.2,0.0,54.7,0.15,-0.135
35.51340608188968,8.86902420666098,2022-05-07,0,15.7,37.6,1.1,76.45,0.239,-0.02
36.16877,9.84429,2021-08-13,1,41.6,14.2,0.0,37.6,0.056,-0.188
36.009332216430074,9.257658106307549,2021-10-02,0,24.6,11.5,0.1,63.1,0.032,-0.041
36.85319840659825,8.807404967665613,2020-07-26,0,34.8,11.7,0.0,47.8,0.807,0.347
36.81515,8.66553,2021-08-11,1,41.1,16.1,0.0,38.35,0.415,0.067
36.55323,8.28881,2017-08-03,1,38.1,11.9,0.0,42.85,0.749,0.232
31.39943,10.0203,2017-03-17,1,16.3,32.2,0.0,75.55,0.086,-0.087
31.40651,9.85155,2019-05-28,1,30.6,30.6,0.0,54.1,0.091,-0.092
36.15805,10.28438,2025-06-11,1,33.0,19.4,0.0,50.5,0.078,-0.105
36.45235443129205,8.23334804782422,2016-05-12,0,21.0,15.5,1.5,68.5,0.25,0.05
35.20813604352055,8.93393466405619,2025-05-26,0,27.1,12.0,0.0,59.35,0.147,-0.079
34.6755,10.60904,2021-11-17,1,21.2,16.9,0.0,68.2,0.143,-0.111
35.799734871920336,9.415575256930776,2017-08-03,0,37.0,12.7,0.0,44.5,0.289,-0.035
31.64992,9.16868,2024-08-12,1,38.6,16.5,0.0,42.1,0.062,-0.13
34.87197907832504,8.760842506873276,2025-09-19,0,27.6,19.0,0.0,58.6,0.094,-0.102
31.40417,9.85355,2016-09-17,1,38.4,25.6,0.0,42.400000000000006,0.064,-0.14
31.65291,10.23534,2017-10-25,1,20.5,21.5,0.0,69.25,-0.003,0.22
36.54273212735032,10.47034451976742,2020-07-01,0,36.1,13.7,0.0,45.85,0.242,-0.134
34.748284957194166,8.395444814584447,2017-10-16,0,21.9,9.9,0.0,67.15,0.111,-0.134
36.77039,9.2302,2018-08-26,1,29.4,19.8,0.0,55.900000000000006,0.136,-0.258
35.54084706436498,8.95011567791135,2018-10-13,0,20.2,16.2,2.0,69.7,0.169,-0.137
36.94629,8.83375,2023-07-25,1,36.9,21.7,0.0,44.650000000000006,0.343,0.058
36.27472908494022,10.041983392546218,2023-06-23,0,36.9,17.1,0.0,44.650000000000006,0.128,-0.132
35.78597965791054,9.479173885301442,2024-05-23,0,27.8,13.2,0.0,58.3,0.143,-0.076
35.632547046847364,9.09258128776836,2023-08-22,0,32.5,18.6,2.6,51.25,0.054,-0.114
35.13192223806677,8.747091118868507,2023-10-16,0,27.8,19.5,0.0,58.3,0.145,-0.059
35.76720176085004,9.245695254167778,2019-05-26,0,16.5,26.4,6.3,75.25,0.202,-0.099
36.46240466941935,10.644031330199663,2017-10-07,0,22.9,26.8,0.8,65.65,0.358,-0.048
31.00412,10.06192,2020-12-17,1,20.7,28.3,0.0,68.95,0.081,-0.122
36.64254253655987,8.874080468316798,2017-10-22,0,22.9,15.0,0.3,65.65,0.143,-0.188
36.56141799898426,8.456349240239957,2017-10-18,0,26.1,9.6,0.0,60.85,0.531,0.116
31.70495,9.24259,2022-11-22,1,19.3,36.2,0.0,71.05,0.062,-0.073
36.36156455016474,9.633546082141608,2018-08-18,0,31.6,15.0,5.3,52.6,0.117,-0.157
35.60313830829337,9.087708834519248,2021-05-05,0,24.5,13.2,0.7,63.25,0.134,-0.139
36.75948544074828,10.625023194423198,2025-10-26,0,32.0,22.5,0.0,52.0,0.216,-0.037
36.31452662145717,10.16808547897707,2025-10-09,0,27.4,13.6,0.0,58.900000000000006,0.181,-0.082
34.99557224546248,8.826114794939112,2018-05-05,0,21.5,21.4,1.4,67.75,0.113,-0.131
36.53832897012155,10.532112967567336,2022-10-10,0,28.4,13.3,0.0,57.400000000000006,0.114,-0.15
35.41098050537306,8.32902796047368,2021-09-26,0,34.7,19.6,0.0,47.95,0.1,-0.159
36.09686257184946,9.712205865409585,2024-08-10,0,37.5,14.8,0.0,43.75,0.104,-0.118
35.2227887975536,8.580982331512857,2016-06-05,0,25.1,22.3,0.0,62.35,0.25,0.05
36.99223346932236,9.865181716291548,2024-07-12,0,39.6,19.4,0.0,40.6,0.176,-0.082
35.096730804120064,9.018662475247336,2022-08-12,0,34.1,13.8,0.0,48.85,0.071,-0.144
34.97487854914923,8.762473325426859,2025-09-23,0,26.3,24.0,1.8,60.55,0.081,-0.13
35.41402809191138,9.070146440296003,2020-06-01,0,24.3,10.9,0.4,63.55,0.204,-0.16
37.0430402019474,9.723375893279414,2017-05-11,0,32.1,24.7,0.3,51.85,0.446,0.032
35.32003530960781,9.018685144182175,2018-08-05,0,27.4,10.0,1.7,58.900000000000006,0.108,-0.163
37.07817219878471,9.756696669167171,2020-09-14,0,26.6,15.1,13.5,60.1,0.152,-0.159
35.68409296294583,8.789672578136683,2022-08-24,0,30.6,19.6,0.0,54.1,0.08,-0.091
31.70279,9.24474,2020-10-27,1,23.6,26.1,0.0,64.6,0.082,-0.107
37.07016840153327,9.921488574484949,2024-09-15,0,23.3,32.0,0.0,65.05,0.051,-0.113
35.505033907761586,9.27639522851798,2018-10-08,0,26.4,9.9,0.1,60.400000000000006,0.144,-0.181
36.3752871819224,10.111574382431526,2020-07-13,0,34.8,12.2,0.0,47.8,0.52,0.067
36.45015017082514,10.154094688440672,2023-05-12,0,23.5,22.7,2.1,64.75,0.128,-0.152
36.75033936228836,8.919496540045095,2019-05-11,0,26.2,9.7,0.9,60.7,0.549,0.174
36.35214928925129,9.571298357741709,2016-08-07,0,29.1,21.2,0.0,56.35,0.143,-0.147
36.521214336275385,9.994977215424226,2021-07-10,0,37.2,20.2,0.0,44.2,0.139,-0.158
35.918869884272034,9.272122322066275,2016-08-05,0,34.7,17.5,0.0,47.95,0.097,-0.161
36.54007009669749,8.410586362851777,2025-06-27,0,29.6,17.2,0.0,55.6,0.302,0.052
35.32134,8.83953,2017-08-05,1,36.5,13.2,0.0,45.25,0.351,-0.057
36.52236423739754,8.468012099987968,2021-05-25,0,24.2,12.3,0.0,63.7,0.301,-0.048
36.11809,9.79661,2021-08-13,1,41.3,16.6,0.0,38.05,0.182,-0.174
37.0576306973075,9.86559386519163,2019-10-01,0,30.8,11.2,0.0,53.8,0.174,-0.191
34.23289,8.63491,2018-11-08,1,21.8,7.1,0.0,67.3,0.242,-0.151
36.67934,9.92174,2025-05-26,1,27.7,14.0,0.0,58.45,0.09,-0.061
35.0225686357705,8.883662251328941,2018-06-26,0,29.1,17.7,0.0,56.35,0.132,-0.163
36.870940094781744,8.777070004109397,2023-10-07,0,22.4,12.3,0.0,66.4,0.212,0.1
36.75512634139927,8.538278246550437,2019-08-15,0,28.5,16.6,0.1,57.25,0.22,-0.146
37.11398784252,9.787937105026703,2021-06-25,0,39.5,27.2,0.0,40.75,0.199,-0.061
36.78909,10.74277,2016-08-22,1,26.0,29.3,0.0,61.0,0.466,-0.026
36.76161759744527,10.58342399982942,2023-08-03,0,39.2,15.4,0.0,41.2,0.317,0.023
35.9634142977783,9.56551906087863,2020-08-23,0,33.6,19.4,0.0,49.6,0.467,-0.016
31.70569,9.24179,2020-09-18,1,34.8,17.4,0.0,47.8,0.069,-0.108
36.37430694583899,10.261865806170178,2020-10-19,0,23.2,13.0,0.0,65.2,0.137,-0.222
33.3637,8.54934,2018-04-27,1,29.6,27.9,1.1,55.6,0.068,-0.045
36.5,10.02608,2017-04-15,1,27.2,13.7,0.0,59.2,0.133,0.315
35.09703045421097,9.251882856996492,2022-05-23,0,36.9,13.7,0.0,44.650000000000006,0.181,-0.074
36.97477268829528,9.319701179070108,2020-06-01,0,27.1,18.2,0.0,59.35,0.3,-0.096
31.48553,9.54268,2018-07-31,1,38.4,25.7,0.0,42.400000000000006,0.072,-0.119
34.929999948528334,8.323221897887262,2022-08-18,0,38.1,28.5,0.0,42.85,0.081,-0.114
31.00416,10.06141,2021-08-08,1,43.5,16.6,0.0,34.75,0.077,-0.119
36.39468695544887,9.795655331926165,2016-06-13,0,30.4,20.7,0.0,54.400000000000006,0.125,-0.183
37.26947,9.77596,2020-07-10,1,27.6,20.0,0.0,58.6,0.166,-0.145
36.00983327576179,9.434679172327687,2023-10-06,0,27.8,11.9,0.0,58.3,0.093,-0.124
36.675172522525074,10.900087655971086,2018-07-11,0,32.7,16.5,0.0,50.95,0.23,-0.171
31.48481,9.53984,2018-08-06,1,35.7,28.8,0.0,46.45,0.064,-0.137
35.73977921305177,9.437765819512652,2023-10-15,0,29.9,13.4,0.0,55.150000000000006,0.06,-0.124
36.00740383704215,9.327897787192784,2018-10-20,0,22.3,9.7,0.0,66.55,0.103,-0.155
36.17279566424972,10.227585714949818,2022-10-08,0,31.3,14.8,0.0,53.05,0.049,-0.07
35.48798196692592,8.713071154832447,2016-10-06,0,25.3,8.5,2.2,62.05,0.089,-0.167
34.60381,10.58612,2018-10-30,1,21.3,22.6,0.0,68.05,0.098,-0.104
36.925576264094495,9.72567830720147,2023-05-27,0,28.4,14.5,0.0,57.400000000000006,0.25,0.05
36.79738344831631,8.729455847537203,2025-10-26,0,27.9,15.1,0.3,58.150000000000006,0.322,-0.005
35.22079,8.70495,2019-07-05,1,36.9,18.7,0.0,44.650000000000006,0.289,-0.07
36.39590997522336,9.746162456958755,2019-08-26,0,34.8,18.4,0.0,47.8,0.132,-0.168
36.29325341685271,9.80262214725851,2022-09-20,0,32.5,19.6,0.0,51.25,0.083,-0.122
34.81330143763974,8.32190648417147,2018-06-07,0,30.9,24.7,0.0,53.650000000000006,0.133,-0.159
37.13831172426681,9.654361755031111,2016-08-07,0,28.8,25.5,0.0,56.8,-0.016,0.691
36.95615658168327,9.463785506083966,2019-06-19,0,34.2,12.3,0.0,48.7,0.444,0.009
36.90425949452163,10.819759648512669,2017-07-27,0,27.9,29.7,0.0,58.150000000000006,0.582,0.178
36.36438,8.42079,2021-07-27,1,38.0,16.6,0.0,43.0,0.421,-0.013
36.27661,8.76611,2016-07-27,1,31.8,14.2,0.0,52.3,0.39,-0.012
35.4031047961246,9.021276413191174,2023-05-04,0,24.9,13.2,0.0,62.650000000000006,0.073,-0.103
34.8542981603657,8.743650022608238,2017-09-07,0,29.4,20.5,2.7,55.900000000000006,0.09,-0.145
35.64916083450218,9.214723975575442,2016-09-09,0,26.1,18.6,0.0,60.85,0.089,-0.177
35.55044022025923,8.700187981870977,2025-08-07,0,31.4,14.5,0.0,52.900000000000006,0.115,-0.068
35.34818270535669,8.949035228468075,2019-07-17,0,32.1,14.7,0.0,51.85,0.185,-0.104
36.95430645347465,9.650356949710623,2020-06-13,0,30.0,21.1,1.5,55.0,0.196,-0.204
37.19471,9.2923,2017-08-01,1,40.6,26.0,0.0,39.1,0.625,0.076
36.80338,9.25561,2019-09-05,1,25.4,22.7,1.0,61.900000000000006,0.133,-0.166
35.53758383173908,8.551978919791447,2021-10-02,0,24.3,9.5,8.9,63.55,0.15,-0.066
36.343325872662426,10.223861030119396,2024-07-18,0,40.0,10.7,0.0,40.0,0.11,-0.142
37.09941898061194,9.169124722159829,2019-08-01,0,41.8,17.5,0.0,37.3,0.275,-0.188
36.5301,10.82397,2016-11-22,1,21.0,28.9,0.0,68.5,0.566,0.157
36.684140593204674,8.606700828971238,2022-05-08,0,17.5,31.3,4.5,73.75,0.423,0.117
35.57899758193191,8.585587115842669,2016-10-09,0,21.7,11.7,2.6,67.45,0.25,0.05
36.27645839757553,10.302725388084632,2021-06-22,0,36.1,16.4,0.0,45.85,0.174,-0.126
31.49421,9.49339,2025-06-29,1,35.4,30.0,0.0,46.900000000000006,0.055,-0.1
35.178833777389826,8.915757976995188,2017-06-06,0,24.5,19.7,0.9,63.25,0.115,-0.123
35.579149586413294,8.60807206027176,2017-08-02,0,36.8,15.5,0.0,44.8,0.129,-0.128
35.53549453306865,8.42106354297408,2016-10-26,0,30.2,13.9,0.0,54.7,0.095,-0.14
37.1729584458201,9.241989318345109,2025-05-05,0,22.8,13.2,0.0,65.8,0.432,0.142
36.16256872383445,9.662385338174984,2021-05-06,0,19.0,10.0,10.7,71.5,0.529,0.122
35.44981192747605,9.274476003570538,2020-10-05,0,23.8,12.3,1.1,64.3,0.431,0.031
32.28968,10.97591,2019-10-22,1,34.2,22.5,0.0,48.7,0.081,-0.124
35.74260590042002,9.29522342344984,2016-06-22,0,25.8,10.0,0.0,61.3,0.112,-0.125
35.85117,8.59253,2016-05-14,1,20.0,13.0,1.8,70.0,0.066,-0.136
35.29043940586816,8.730981165894862,2017-07-04,0,31.1,13.2,0.0,53.35,0.097,-0.162
36.35628,8.50747,2016-08-03,1,32.0,13.0,0.0,52.0,0.477,0.083
36.16075,10.28431,2020-11-12,1,24.3,11.4,1.2,63.55,0.069,-0.145
35.302505681651894,8.525571969290453,2025-10-03,0,18.9,23.3,0.8,71.65,0.071,-0.052
35.94513820355543,9.479466916004366,2019-10-13,0,26.5,13.2,0.0,60.25,0.389,-0.072
35.00610292460205,8.550726387392514,2021-10-27,0,20.1,20.4,0.0,69.85,0.188,-0.089
36.9744560666965,9.762685475953598,2020-10-06,0,24.3,19.8,0.0,63.55,0.182,-0.25
36.50217243084301,10.442696916156232,2016-09-19,0,25.8,23.6,0.0,61.3,0.282,-0.133
36.49876,10.02702,2017-05-01,1,26.5,18.3,0.5,60.25,0.114,-0.158
31.70315,9.24401,2022-02-03,1,17.5,14.8,0.0,73.75,0.068,-0.075
36.42489993373286,8.396098490096366,2019-07-18,0,31.0,16.3,0.0,53.5,0.543,0.125
37.10319194283922,9.15665380018575,2017-08-22,0,28.8,14.4,0.0,56.8,0.413,-0.094
34.813805764808755,8.46006984109381,2018-08-17,0,29.1,22.3,2.4,56.35,0.117,-0.136
36.32445848884274,9.198421521402146,2016-06-20,0,22.6,23.2,0.0,66.1,0.141,-0.187
35.25417159614973,8.797953258670292,2016-05-10,0,29.4,17.9,0.0,55.900000000000006,0.164,-0.122
36.41032049186815,10.643499628563214,2024-06-11,0,31.0,18.7,0.0,53.5,0.135,-0.029
36.71489,10.24694,2017-01-19,1,13.8,12.3,0.0,79.3,0.25,0.05
35.20523,8.73366,2019-07-06,1,36.0,16.2,0.0,46.0,0.248,-0.105
36.39327004937033,8.521837701109574,2021-06-06,0,29.5,18.0,0.0,55.75,0.168,-0.107
34.877559581436785,8.630291247018818,2018-08-23,0,30.0,18.1,0.0,55.0,0.128,-0.153
36.13091212180058,9.19856371190992,2018-06-11,0,34.7,30.6,0.0,47.95,0.169,-0.178
35.7353812598635,9.356543585141058,2018-09-04,0,35.1,17.2,0.1,47.35,0.241,-0.09
35.29190964497381,9.0793331545551,2022-07-17,0,34.2,13.0,0.0,48.7,0.09,-0.101
36.53558484254554,9.88744149547169,2016-07-24,0,33.2,9.8,2.2,50.2,0.118,-0.174
36.61711074828414,8.48540722395564,2023-06-13,0,27.9,12.6,24.8,58.150000000000006,0.234,-0.013
35.77574,9.88794,2023-05-04,1,29.4,20.7,0.0,55.900000000000006,0.047,-0.15
34.876511840683506,8.438102621084717,2018-06-16,0,30.1,19.9,0.0,54.85,0.102,-0.149
36.26643349016068,9.845330487192786,2022-08-26,0,35.2,17.4,0.0,47.2,0.12,-0.099
36.36534869596137,10.26809570214251,2020-09-11,0,28.2,13.7,3.1,57.7,0.136,-0.209
36.657390822854815,8.537171143174852,2022-10-10,0,29.0,11.0,0.0,56.5,0.101,-0.199
37.01265439040755,10.961230902225264,2024-10-08,0,28.2,28.5,11.8,57.7,0.153,-0.128
35.699242158499345,8.875843205488627,2025-09-19,0,26.7,16.3,0.0,59.95,0.1,-0.12
35.48668909953274,9.323114220361118,2023-06-14,0,24.6,12.3,0.6,63.1,0.112,-0.095
36.019315133952226,9.206614634900928,2017-07-24,0,37.2,18.1,0.0,44.2,0.11,-0.169
34.93982552388895,8.369080974084149,2020-10-13,0,18.3,17.4,0.0,72.55,0.117,-0.161
35.44607,9.28631,2021-06-21,1,37.6,21.4,0.0,43.6,0.244,-0.102
36.7655954562544,8.696831771037024,2024-08-18,0,24.3,21.0,1.6,63.55,0.503,0.218
36.89375,9.70028,2018-08-26,1,31.6,17.4,0.0,52.6,0.121,-0.253
35.125767037198884,8.995279510531304,2023-09-18,0,35.5,11.0,0.0,46.75,0.085,-0.136
36.26307952086125,9.367552874744831,2020-08-15,0,39.6,21.9,0.0,40.6,0.105,-0.15
35.617573794683274,8.803950274857742,2024-07-18,0,38.1,14.1,0.0,42.85,0.073,-0.115
33.38273,8.45339,2016-11-12,1,22.2,8.9,0.0,66.7,0.067,-0.018
31.64716,9.17271,2020-11-25,1,16.6,10.6,0.1,75.1,0.077,-0.09
36.403204178525954,9.684991470633143,2017-06-27,0,41.4,19.1,5.0,37.900000000000006,0.177,-0.139
35.419425530052784,8.811679854484213,2023-06-20,0,33.5,12.7,0.0,49.75,0.209,-0.089
35.00875907838581,8.862481967563772,2017-06-09,0,33.3,23.3,0.0,50.05,0.089,-0.142
37.26733993324245,9.861192948281523,2024-05-16,0,22.7,24.9,0.0,65.95,0.101,-0.027
35.32167,8.78898,2017-08-05,1,36.4,11.3,0.0,45.400000000000006,0.216,-0.147
36.14163716867935,9.41743226603182,2018-09-01,0,32.4,13.5,0.0,51.400000000000006,0.147,-0.157
31.70421,9.2447,2022-10-30,1,26.6,16.3,0.0,60.1,0.07,-0.085
35.31023225813743,9.095105226494018,2020-08-16,0,39.1,17.3,0.0,41.35,0.146,-0.102
36.77578122091692,10.72506346005811,2022-07-14,0,32.1,10.6,0.0,51.85,0.308,-0.015
35.99545,9.63221,2017-07-03,1,25.8,25.7,0.1,61.3,0.289,-0.14
36.34645846159213,10.05856512625219,2025-10-21,0,26.9,13.0,0.0,59.650000000000006,0.298,0.036
36.15308177339736,9.559370169985543,2017-07-26,0,29.3,19.2,0.0,56.05,0.136,-0.158
34.95722685439328,9.064895614340177,2022-06-14,0,36.3,20.7,0.0,45.55,0.111,-0.124
35.47420016088619,8.826293987650107,2023-08-15,0,34.3,15.9,0.0,48.55,0.071,-0.116
31.64936,9.1683,2022-06-16,1,36.3,22.7,0.0,45.55,0.069,-0.102
36.95576,8.69845,2023-07-25,1,37.6,24.6,0.0,43.6,0.189,0.019
35.5638118417308,9.0232484325271,2021-10-05,0,26.7,14.7,5.6,59.95,0.139,-0.155
35.5772428040603,9.311538852530129,2021-08-05,0,36.1,18.1,0.0,45.85,0.059,-0.135
34.938,8.53049,2024-08-21,1,33.1,22.1,0.0,50.35,0.043,-0.029
33.36596,8.54788,2022-04-15,1,24.5,37.5,4.4,63.25,0.068,-0.011
36.58988,10.31621,2020-06-25,1,31.3,23.8,0.0,53.05,0.094,-0.155
36.250855762280615,9.976325544773465,2016-09-21,0,25.5,13.9,0.2,61.75,0.46,-0.003
36.28705235105712,10.232808774243894,2019-06-05,0,31.7,15.8,0.0,52.45,0.292,-0.083
36.837882679629615,10.971366769764686,2023-08-07,0,28.9,31.3,0.0,56.650000000000006,0.088,-0.166
36.12823612052866,10.13093700960241,2022-08-03,0,34.9,18.8,0.0,47.650000000000006,0.162,-0.1
36.73246959540565,10.942012956980136,2024-09-01,0,30.8,14.7,0.0,53.8,0.25,0.05
35.63636651647818,8.452059299684507,2019-08-13,0,33.9,14.6,0.0,49.150000000000006,0.125,-0.144
31.40244,9.85575,2018-10-16,1,31.1,24.5,0.0,53.35,0.071,-0.136
33.47999,11.10822,2016-05-22,1,24.5,19.7,0.0,63.25,0.06,0.007
32.28872,10.97486,2018-11-13,1,22.5,21.1,0.0,66.25,0.098,-0.108
31.49261,9.49411,2020-09-15,1,28.8,25.9,0.6,56.8,0.074,-0.096
37.30518,9.63077,2020-08-14,1,38.6,18.7,0.0,42.1,0.561,-0.036
36.05186439075536,9.51697328995856,2018-08-06,0,27.6,12.4,5.6,58.6,0.108,-0.117
33.36435,8.54639,2022-02-22,1,21.4,27.0,0.0,67.9,0.063,-0.006
37.13694,9.81942,2019-12-25,1,18.2,27.9,0.0,72.7,0.261,0.068
35.09133892521211,8.83665549158356,2025-05-22,0,27.6,23.8,0.3,58.6,0.25,0.05
34.84410761589501,8.280407530767267,2019-05-25,0,20.6,20.3,28.2,69.1,0.149,-0.098
31.39998,10.02017,2017-10-08,1,24.5,24.1,0.0,63.25,0.083,-0.064
35.77169086366099,9.274154300830045,2024-07-18,0,38.8,14.7,0.0,41.8,0.127,-0.087
36.51339710230213,10.770951075705138,2017-06-11,0,27.8,18.4,0.0,58.3,0.372,-0.029
34.67787745029655,8.466595616219925,2025-06-18,0,35.3,24.7,0.7,47.05,0.144,-0.05
33.8721,9.99413,2021-04-07,1,25.8,28.9,0.0,61.3,0.067,-0.156
34.89533811926712,8.296235047043384,2019-06-24,0,37.7,16.2,0.0,43.45,0.129,-0.129
31.64868,9.17118,2025-01-28,1,23.1,22.2,0.0,65.35,0.078,-0.114
36.5693240403164,8.342880789288602,2023-07-12,0,38.8,10.1,0.0,41.8,0.495,0.143
36.53988,9.68403,2020-07-02,1,40.0,21.4,0.0,40.0,0.218,-0.11
32.29089,10.97499,2016-12-03,1,17.9,11.8,0.0,73.15,0.063,-0.091
35.207594601584326,9.246985424423835,2020-08-03,0,42.1,32.5,0.0,36.85,0.133,-0.154
35.28884290465562,8.886149884759117,2022-08-25,0,32.2,11.2,0.0,51.7,0.126,-0.137
36.25558,8.64949,2016-07-12,1,36.6,14.1,0.0,45.1,0.25,0.05
35.444860933957635,8.867322903475161,2018-07-25,0,33.4,17.3,0.0,49.900000000000006,0.132,-0.191
35.43884301705803,8.3420973291554,2025-09-14,0,32.8,20.4,0.0,50.8,0.103,-0.126
36.48773499636107,10.540332596570812,2019-06-07,0,27.1,11.7,0.0,59.35,0.265,-0.045
35.41546594679262,8.549131241961165,2025-05-26,0,25.4,13.4,0.0,61.900000000000006,0.157,-0.058
36.83100346658713,10.696414641562328,2018-07-08,0,27.9,15.1,0.0,58.150000000000006,0.182,-0.063
36.79357,9.40377,2019-09-04,1,26.0,21.0,0.4,61.0,0.116,-0.22
37.04173627735689,9.301499667185176,2023-08-05,0,26.0,34.1,0.4,61.0,0.213,-0.086
37.06620965527518,9.765000184620158,2017-09-09,0,34.5,16.2,0.0,48.25,0.155,-0.317
33.36631,8.54887,2023-12-25,1,15.4,12.7,0.0,76.9,0.078,0.016
34.769645526105414,8.605346924103147,2024-08-03,0,41.8,44.2,0.0,37.3,0.062,-0.103
36.7534267968224,10.86545737473068,2019-05-02,0,18.8,16.6,0.0,71.8,0.289,0.123
31.40794,9.85407,2019-08-17,1,35.4,24.7,0.0,46.900000000000006,0.061,-0.098
31.40397,9.85413,2017-02-09,1,13.9,28.4,0.0,79.15,0.25,0.05
35.3829483488422,8.856770423977197,2023-10-22,0,24.4,16.2,0.0,63.400000000000006,0.124,-0.105
36.32590101228452,9.539082569637335,2018-05-02,0,14.9,34.8,19.3,77.65,0.214,-0.153
36.259538120895336,10.062743093108647,2022-05-14,0,29.7,14.8,0.0,55.45,0.199,-0.023
34.70945156710034,8.414585474504229,2016-10-25,0,31.1,12.3,0.0,53.35,0.108,-0.115
36.17136223666918,9.601096417510028,2021-06-21,0,38.4,25.6,0.0,42.400000000000006,0.126,-0.124
37.178324353893565,9.492874245136193,2023-07-02,0,28.0,25.9,0.0,58.0,0.057,0.108
36.85042421508265,11.06309688802298,2025-08-27,0,31.5,26.6,0.0,52.75,0.202,-0.082
34.90619690916669,8.997304277158383,2023-05-26,0,23.7,17.3,2.0,64.45,0.086,-0.12
31.64767,9.17167,2023-10-17,1,33.6,20.8,0.0,49.6,0.065,-0.099
35.41017,9.22155,2021-07-05,1,37.2,15.0,0.0,44.2,0.28,-0.086
36.14629470214522,9.916474869055255,2024-05-16,0,26.9,24.9,0.0,59.650000000000006,0.252,-0.036
34.76859315225235,8.823084386095216,2020-09-12,0,27.3,19.3,0.8,59.05,0.084,-0.135
31.64951,9.17054,2022-06-28,1,44.1,30.4,0.0,33.849999999999994,0.08,-0.11
35.057892438238845,9.277718252304265,2016-07-23,0,35.8,18.4,0.0,46.3,0.11,-0.113
36.50261,10.02572,2018-08-03,1,37.1,16.6,0.0,44.35,0.07,-0.182
37.28543611134148,9.784650235758864,2019-05-14,0,16.8,25.5,2.2,74.8,0.458,0.062
36.73984198249304,8.54249994147101,2021-06-03,0,30.9,15.2,0.0,53.650000000000006,-0.049,-0.096
35.50278395195688,8.662680526125678,2018-08-15,0,26.5,16.6,0.4,60.25,0.123,-0.138
37.04367004022994,11.07072947344858,2018-07-20,0,29.8,12.0,0.0,55.3,0.187,-0.063
36.17156604848534,10.164586207279104,2017-05-20,0,28.1,18.7,0.0,57.85,0.231,-0.097
35.304669178566044,8.937788723577684,2023-10-01,0,27.1,14.2,0.0,59.35,0.106,-0.106
36.95264751263685,8.66957226936136,2024-09-24,0,27.1,13.2,0.0,59.35,0.312,0.097
35.57167340600828,8.578515313156958,2020-05-12,0,28.9,34.8,0.0,56.650000000000006,0.239,-0.097
35.676379624586005,8.766112439511575,2019-08-05,0,36.9,18.4,0.0,44.650000000000006,0.119,-0.159
37.30438518229288,9.640013438778912,2025-06-12,0,27.0,14.7,0.0,59.5,0.303,0.041
36.52896809211626,8.52434473321779,2025-07-05,0,36.1,16.3,0.0,45.85,0.147,-0.118
36.33982767603148,9.374293875643724,2023-09-18,0,38.9,17.5,0.0,41.650000000000006,0.074,-0.155
34.902752992135326,8.486203054773469,2018-09-03,0,34.2,12.0,0.0,48.7,0.167,-0.131
36.72867568308156,10.910300339228632,2024-09-23,0,25.0,15.2,6.3,62.5,0.097,-0.179
34.965844232117625,8.460423746130525,2025-07-20,0,39.0,24.4,0.0,41.5,0.084,-0.106
35.65347576451108,8.792183920631931,2018-08-06,0,27.3,14.8,17.7,59.05,0.108,-0.122
35.77502,9.89071,2016-04-25,1,21.4,26.2,0.0,67.9,0.072,-0.114
31.00522,10.06295,2024-09-15,1,32.9,25.2,0.0,50.650000000000006,0.052,-0.112
36.85271856620947,10.799666958169755,2018-07-10,0,28.2,20.5,0.0,57.7,0.573,0.104
36.70063793933961,8.509256016995781,2021-07-01,0,30.0,13.5,0.0,55.0,0.255,-0.11
33.87543,9.9899,2018-11-06,1,22.6,17.1,0.0,66.1,0.008,0.091
36.71074970651903,8.985889625637814,2018-08-17,0,30.5,17.5,0.0,54.25,0.037,0.1
36.189898863688455,9.70344106698758,2020-08-19,0,36.3,9.2,0.0,45.55,0.131,-0.21
35.85185,8.59391,2017-10-15,1,23.6,12.4,0.0,64.6,0.033,-0.235
35.42986844277371,8.79327382665371,2019-06-07,0,30.6,17.3,0.0,54.1,0.227,-0.119
36.557867984295086,8.878542230903305,2024-08-25,0,40.6,14.5,0.0,39.1,0.112,-0.144
31.64867,9.17166,2024-04-08,1,32.0,18.6,0.0,52.0,0.093,-0.087
36.9956,11.03914,2017-05-28,1,23.6,13.0,0.0,64.6,0.367,0.017
31.70337,9.24463,2022-08-28,1,40.5,24.1,0.0,39.25,0.055,-0.104
35.497606052211445,9.009726875907884,2017-05-11,0,33.9,26.5,0.0,49.150000000000006,0.272,-0.069
34.92111003803308,8.502952407848213,2022-08-06,0,34.7,27.2,0.0,47.95,0.081,-0.13
35.17512,8.58487,2020-08-03,1,36.0,22.7,0.0,46.0,0.366,-0.06
36.72091,8.76487,2017-08-01,1,37.7,16.6,0.0,43.45,0.698,0.208
35.303417864529536,8.985476444019962,2021-06-08,0,30.3,14.5,0.0,54.55,0.206,-0.12
37.15221001585982,9.53659645315726,2021-10-15,0,19.8,22.2,0.0,70.3,0.333,-0.049
36.90951,9.07292,2022-08-17,1,42.3,22.9,0.0,36.55,0.5,0.209
35.5493477567606,8.623600391574257,2019-05-08,0,27.2,15.5,0.0,59.2,0.302,0.001
32.28968,10.97412,2017-10-31,1,25.8,15.1,0.0,61.3,0.087,-0.088
36.46784367305066,8.362663187587692,2024-08-25,0,39.0,14.4,0.0,41.5,0.181,-0.108
31.64679,9.16861,2022-03-28,1,27.3,19.5,0.0,59.05,0.08,-0.089
37.201241791316285,10.074661970898704,2018-09-11,0,28.4,15.3,0.0,57.400000000000006,0.028,-0.013
36.684931424370646,8.611323058316382,2017-06-26,0,39.4,17.3,0.0,40.900000000000006,0.358,-0.069
36.58734803592589,10.062299686917491,2018-06-20,0,30.8,19.6,0.0,53.8,0.154,-0.188
34.86922493387778,8.548875480371112,2020-09-08,0,27.7,19.4,0.0,58.45,0.084,-0.143
34.73732,10.64455,2018-09-18,1,32.6,18.1,0.0,51.1,0.148,-0.138
36.70466694153553,8.971432688931822,2020-06-23,0,29.2,16.5,0.0,56.2,0.159,-0.109
35.631444882457494,8.526611720581258,2020-10-04,0,29.9,23.9,0.0,55.150000000000006,0.104,-0.17
36.50826245060142,10.75576267575413,2016-08-22,0,28.9,31.8,0.0,56.650000000000006,0.401,-0.05
35.75276611212174,8.748726464826257,2021-07-20,0,33.1,15.8,0.0,50.35,0.089,-0.179
36.70377476535347,8.968069246464077,2025-09-09,0,34.6,17.8,2.8,48.1,0.179,-0.047
33.3643,8.54879,2023-11-18,1,23.3,11.0,0.0,65.05,0.048,-0.043
35.24565617549126,9.122751621107811,2017-10-11,0,24.9,13.2,0.2,62.650000000000006,0.162,-0.138
36.27994993410198,9.735202807076927,2020-09-24,0,32.5,15.2,0.0,51.25,0.178,-0.162
35.061838834665096,9.07224653120372,2022-07-16,0,32.9,12.5,0.0,50.650000000000006,0.095,-0.133
36.667277108580144,8.792342944230498,2017-07-09,0,39.9,16.0,0.0,40.150000000000006,-0.034,-0.147
35.358631224707864,9.048781513648953,2017-09-02,0,36.5,18.1,1.3,45.25,0.136,-0.179
36.44297649315536,10.294031231563704,2018-09-16,0,30.4,11.6,0.0,54.400000000000006,0.059,-0.025
33.53059,9.68428,2022-10-17,1,30.2,24.5,0.0,54.7,0.059,-0.106
36.25035173420795,9.74156159050006,2024-07-03,0,28.5,26.0,0.0,57.25,0.148,-0.08
35.583476393975594,9.060999149423798,2016-10-02,0,28.7,11.6,0.2,56.95,0.093,-0.142
35.20924391370617,8.711153677816794,2019-06-20,0,34.1,16.5,0.0,48.85,0.258,-0.071
37.184992340929256,10.070495283080902,2017-08-26,0,32.1,20.4,0.0,51.85,0.136,-0.162
36.31891929765924,9.139052394897911,2023-09-08,0,30.4,16.9,0.0,54.400000000000006,0.089,-0.198
36.92441329919024,9.41074908988162,2018-07-13,0,39.1,16.0,0.0,41.35,0.309,-0.073
36.41738847882001,10.10118280373704,2017-06-10,0,30.5,13.8,0.0,54.25,0.226,-0.115
36.71608799344396,10.87226782682739,2017-08-27,0,33.0,14.8,0.0,50.5,0.143,-0.18
36.75683081098094,10.686419984502804,2017-10-22,0,22.6,18.4,1.1,66.1,0.209,-0.231
36.80214235962761,8.694166536395812,2021-05-21,0,26.2,17.9,0.0,60.7,0.692,0.241
35.593934427231595,9.080655565292158,2022-09-15,0,37.5,11.0,0.0,43.75,0.066,-0.104
36.19631881393995,9.769491169496195,2016-05-24,0,27.4,12.2,0.0,58.900000000000006,0.29,-0.057
36.74421,8.88871,2022-09-14,1,36.8,17.4,0.0,44.8,0.358,0.044
35.77518,9.88961,2021-05-11,1,29.9,28.2,0.0,55.150000000000006,0.12,-0.02
37.2898,9.65382,2022-11-03,1,30.2,16.2,0.0,54.7,0.228,-0.072
36.95543671726924,9.561687626955312,2018-07-04,0,39.1,17.9,0.0,41.35,0.167,-0.089
35.30569308953962,8.994285293583701,2025-07-23,0,40.5,21.0,0.0,39.25,0.242,-0.017
36.60970096411393,9.970638521991058,2025-09-08,0,37.4,16.6,0.4,43.900000000000006,0.09,-0.13
36.24806277188284,9.735454407498295,2016-10-07,0,26.6,12.1,0.0,60.1,0.4,-0.006
35.08268573671474,8.849931527953428,2024-06-14,0,32.0,16.2,0.0,52.0,0.126,-0.111
32.29765,10.93298,2016-03-30,1,31.0,18.2,0.0,53.5,0.094,-0.102
36.61871652428126,8.860149701933018,2024-05-11,0,27.8,13.0,0.0,58.3,0.364,0.142
35.25210129854256,8.697666104673981,2022-09-04,0,34.9,16.9,1.2,47.650000000000006,0.095,-0.107
35.106468758889534,9.197801447567793,2021-06-10,0,30.4,17.7,0.0,54.400000000000006,0.12,-0.106
34.759019445526896,8.505572868258447,2023-05-21,0,22.5,27.2,0.0,66.25,0.071,-0.098
36.30997843783868,10.32255547405751,2019-07-01,0,30.8,15.9,0.0,53.8,0.203,-0.181
36.58895,10.31726,2022-12-23,1,19.8,25.0,0.0,70.3,0.09,-0.107
33.92908,10.08406,2018-10-01,1,32.4,17.9,0.0,51.400000000000006,0.063,-0.061
37.30266906153676,9.78010736204496,2023-06-24,0,27.3,24.8,0.0,59.05,0.131,-0.146
33.53048,9.68433,2024-11-14,1,23.0,20.1,0.0,65.5,0.075,-0.089
35.9567269928414,9.449777683445872,2018-07-27,0,37.7,16.6,0.0,43.45,0.157,-0.122
36.1488120886918,10.005764089176395,2019-05-14,0,19.3,19.5,2.6,71.05,0.22,-0.138
37.00339065561283,11.044580979064644,2021-10-18,0,21.1,14.1,0.6,68.35,0.077,0.079
36.68810306943685,8.494475666075406,2024-10-22,0,20.1,10.6,0.7,69.85,0.412,0.088
35.62798704481248,8.754855287415964,2025-05-20,0,32.2,17.5,0.6,51.7,0.247,0.035
35.838571083613644,9.105388512243524,2024-09-06,0,32.3,17.2,0.0,51.55,0.135,-0.123
35.061292791164114,9.170408427446118,2023-08-16,0,35.0,15.8,0.0,47.5,0.129,-0.073
37.09599969461271,9.921073476273452,2018-10-13,0,21.8,16.1,5.8,67.3,0.219,-0.09
35.149227033267515,8.463020194886893,2016-08-17,0,31.7,15.6,0.3,52.45,0.154,-0.134
37.22704396897675,9.406715030908044,2020-10-20,0,25.7,24.8,0.0,61.45,0.444,0.049
36.14087729547363,9.113948409222916,2016-10-09,0,24.4,15.6,0.6,63.400000000000006,0.089,-0.175
36.74452,10.9574,2022-02-01,1,14.3,41.0,0.9,78.55,0.326,0.076
36.67786726985101,8.99182048423334,2017-06-10,0,32.5,15.5,0.0,51.25,0.205,-0.07
36.47293201110376,8.232809016680037,2024-07-09,0,41.2,10.0,0.0,38.2,0.214,-0.074
35.58926740294139,9.307558101459646,2021-10-10,0,21.0,18.5,0.1,68.5,0.091,-0.14
36.96799,9.44271,2020-07-31,1,40.6,21.6,0.0,39.1,0.459,0.03
36.69250683541808,8.582433063140428,2022-08-07,0,31.7,19.5,0.0,52.45,0.178,-0.099
37.16620446607415,9.147230865979202,2020-06-06,0,23.8,24.5,0.0,64.3,0.537,0.074
35.479627687884566,8.951579552829841,2024-05-11,0,26.5,16.9,0.1,60.25,0.138,-0.095
36.01967508200547,9.304832544632132,2018-10-15,0,26.4,16.8,1.8,60.400000000000006,0.178,-0.137
31.70531,9.24628,2021-01-23,1,18.0,20.5,0.0,73.0,0.087,-0.078
34.828841424031395,8.69389074175906,2018-08-07,0,27.3,13.7,3.2,59.05,0.101,-0.142
35.371727496585,8.609341731299423,2018-10-02,0,19.9,19.6,4.8,70.15,0.314,-0.014
35.59066161629765,8.687135991931214,2022-05-18,0,29.9,14.1,0.0,55.150000000000006,0.147,-0.073
37.22778784476487,9.65508978536759,2023-07-17,0,41.2,12.0,0.0,38.2,0.115,-0.16
33.52716,9.68152,2022-04-19,1,26.2,29.8,0.0,60.7,0.069,-0.074
35.194529835884175,9.02342840704651,2020-06-08,0,31.5,20.2,0.1,52.75,0.158,-0.134
35.13264505484926,8.59790116153364,2020-10-23,0,27.4,11.7,0.0,58.900000000000006,0.119,-0.163
35.39287200295573,8.669660281212968,2021-09-07,0,28.4,11.9,0.0,57.400000000000006,0.128,-0.167
36.34719518830647,10.16259683269093,2023-09-18,0,38.6,13.0,0.0,42.1,0.1,-0.117
31.70237,9.24279,2021-06-24,1,42.6,29.0,0.0,36.1,0.078,-0.115
36.77876650008518,8.512190281631591,2025-05-25,0,20.9,18.9,2.3,68.65,0.376,0.118
37.04801,9.6844,2019-08-20,1,36.6,25.4,0.0,45.1,0.131,-0.094
35.8485,8.58957,2023-03-26,1,29.4,20.5,0.0,55.900000000000006,0.075,-0.105
37.12636792837083,9.788578728309224,2021-09-16,0,40.5,19.0,0.0,39.25,0.113,-0.198
35.720172759204736,9.307881996749746,2021-07-23,0,35.7,12.8,0.0,46.45,0.154,-0.087
37.08304496413964,9.98188582818763,2025-08-24,0,31.6,13.5,0.0,52.6,0.221,-0.072
35.07605171729261,8.59392899312031,2017-06-11,0,30.5,16.7,0.0,54.25,0.129,-0.124
36.81001203892387,9.453375444219583,2016-10-10,0,22.8,11.0,6.4,65.8,0.25,0.05
36.48819616312018,8.513247312746293,2017-08-04,0,44.8,21.1,0.0,32.80000000000001,0.307,-0.021
32.29111,10.97268,2017-10-13,1,24.8,18.4,0.0,62.8,0.045,-0.028
36.29165448007313,10.36745608275058,2023-09-06,0,30.3,21.4,0.0,54.55,0.193,-0.063
36.45815979729752,10.401606844473092,2020-05-20,0,25.8,29.7,0.0,61.3,0.255,0.045
36.28173953082727,10.153138406310244,2024-10-04,0,25.1,20.0,0.2,62.35,0.175,-0.078
36.77682,10.20034,2019-03-28,1,15.8,20.7,1.6,76.3,0.129,-0.046
36.64964907203013,8.598408733586334,2025-05-10,0,22.8,16.4,5.8,65.8,0.404,0.103
36.88069232027457,8.83683674160272,2021-08-11,0,41.3,15.3,0.0,38.05,0.457,0.162
36.59085,10.31625,2016-09-04,1,32.7,10.6,0.0,50.95,0.031,-0.19
35.47345,8.54982,2017-08-05,1,36.5,12.6,0.1,45.25,0.379,-0.024
36.96525243933692,9.866706946264529,2016-08-23,0,27.7,21.8,0.0,58.45,0.073,-0.131
36.8348128467926,9.396847329441307,2016-08-12,0,27.8,16.2,0.0,58.3,0.166,-0.168
31.48579,9.54301,2017-09-29,1,27.7,25.4,0.0,58.45,0.065,-0.123
31.39902,10.02186,2019-01-28,1,15.7,30.4,0.0,76.45,0.097,-0.078
35.78733992300977,9.063484535418873,2016-05-16,0,21.9,9.4,2.8,67.15,0.25,0.05
35.14980310033639,9.143345621280115,2020-07-24,0,37.3,13.7,0.0,44.05,0.13,-0.107
37.159330649086485,9.559780329231677,2018-09-22,0,26.7,25.5,5.8,59.95,0.309,-0.079
35.892193181846295,9.283137226993988,2017-05-19,0,26.7,15.9,0.0,59.95,0.509,0.123
35.53926751098102,8.82669136287657,2021-10-22,0,22.9,14.8,0.0,65.65,0.25,0.05
31.40514,9.85448,2018-06-14,1,32.8,39.4,0.0,50.8,0.077,-0.116
34.86235886326015,8.923443564611603,2019-09-09,0,28.6,20.2,1.9,57.1,0.134,-0.151
35.87297,8.61924,2019-08-18,1,35.2,17.0,0.0,47.2,0.15,-0.163
36.55553606199503,9.048694357176672,2024-05-02,0,21.3,16.4,0.2,68.05,0.253,-0.003
37.06733,9.65339,2018-08-12,1,35.1,17.5,0.0,47.35,0.17,-0.257
36.71428,8.78364,2017-07-31,1,38.9,20.0,0.0,41.650000000000006,0.736,0.242
34.777563411476464,8.389902416984443,2022-10-16,0,27.1,22.2,0.0,59.35,0.066,-0.116
31.64583,9.1718,2023-09-13,1,35.4,19.2,0.0,46.900000000000006,0.056,-0.096
36.44767773401254,9.827725657177036,2022-08-25,0,34.3,19.6,0.0,48.55,0.113,-0.133
36.61255570496846,10.863635753213169,2019-06-05,0,25.5,14.6,0.0,61.75,0.338,-0.063
35.97141327111414,9.313277378372218,2016-08-10,0,33.6,16.4,1.2,49.6,0.1,-0.13
36.73847891203464,9.401981076404162,2017-06-02,0,30.5,12.3,0.0,54.25,0.222,-0.087
37.0752985078325,9.98818838600596,2024-06-15,0,39.2,22.5,0.0,41.2,0.11,-0.19
36.41120615067378,10.641381337787806,2025-08-23,0,32.0,13.4,0.0,52.0,0.117,-0.048
34.71484949373733,8.588923202306717,2024-07-06,0,35.1,23.8,0.0,47.35,0.061,-0.116
36.432062542382205,10.49431808200088,2019-07-21,0,30.0,17.5,0.0,55.0,0.196,-0.153
37.15428635960814,9.325156861764423,2018-08-06,0,28.5,13.3,1.5,57.25,0.3,-0.177
33.36552,8.54827,2024-01-01,1,12.0,9.2,0.0,82.0,0.07,-0.004
36.66104962187584,8.97982135107449,2023-05-18,0,21.9,17.6,2.0,67.15,0.345,0.078
36.26611809623475,9.722489961655803,2025-05-08,0,24.0,17.9,1.1,64.0,0.309,0.074
36.02057,9.65258,2022-07-26,1,37.2,11.6,0.0,44.2,0.215,-0.069
36.70915,9.25837,2019-09-04,1,26.6,18.9,0.4,60.1,0.174,-0.148
35.47159666879181,9.321578310489953,2016-08-23,0,30.8,15.2,0.0,53.8,0.11,-0.172
34.90411092362233,8.901739661437777,2020-09-06,0,26.0,15.6,0.4,61.0,0.085,-0.113
34.80976761217492,8.694329523379034,2021-10-12,0,24.3,25.4,0.0,63.55,0.132,-0.123
35.574599137874095,8.420062918385192,2025-10-16,0,20.8,16.2,0.5,68.8,0.25,0.05
36.59765732106295,8.61139068689285,2024-09-08,0,35.9,21.0,22.6,46.150000000000006,0.373,0.087
36.524780281462576,8.349082609180773,2018-05-14,0,16.6,14.7,0.1,75.1,0.661,0.189
37.233636204641705,9.650487924649276,2023-08-26,0,36.7,12.4,0.0,44.95,0.126,-0.139
36.529862168442726,8.248371929154148,2025-05-17,0,20.1,12.5,0.0,69.85,0.401,0.17
36.53429747373684,9.90487330480731,2017-06-18,0,33.1,22.5,0.2,50.35,0.154,-0.187
36.518573445798665,8.799514562358173,2024-08-20,0,32.0,18.4,0.0,52.0,0.09,-0.138
34.77831,10.72458,2020-06-21,1,31.0,29.7,0.0,53.5,0.145,-0.05
33.36668,8.54993,2021-12-28,1,18.7,22.0,0.0,71.95,0.091,-0.02
36.84988,9.21882,2018-08-30,1,30.3,14.4,0.0,54.55,0.156,-0.262
36.37097531542195,9.349606413011625,2016-07-07,0,34.6,12.7,0.0,48.1,0.115,-0.176
31.00422,10.06174,2021-03-30,1,25.8,24.9,0.0,61.3,0.097,-0.09
36.18004581017223,10.112644518216896,2024-07-20,0,40.7,25.6,0.0,38.95,0.121,-0.093
36.6926,8.66089,2021-08-11,1,42.4,18.8,0.0,36.400000000000006,0.106,-0.171
35.1907121641321,8.922790183963219,2017-10-15,0,23.1,9.7,0.0,65.35,0.139,-0.166
31.39734,10.02311,2022-06-14,1,33.8,21.0,0.0,49.3,0.055,-0.08
31.39731,10.02416,2019-05-24,1,33.0,26.8,0.0,50.5,0.077,-0.084
34.82562605863159,8.428736189762237,2021-08-21,0,35.5,26.8,0.0,46.75,0.078,-0.155
37.15715464261713,9.930927325347907,2016-05-10,0,26.3,23.8,0.0,60.55,0.408,0.1
36.96054810731989,8.876525162637519,2017-09-04,0,29.6,17.9,0.0,55.6,0.278,-0.133
35.18659,8.63413,2021-06-22,1,36.6,23.4,0.0,45.1,0.117,-0.188
36.33416445128204,9.920051340522214,2016-10-05,0,27.0,11.1,0.2,59.5,0.104,-0.22
36.71944958764088,8.656973371179038,2016-10-12,0,26.1,16.0,0.0,60.85,0.25,0.05
36.0660523253113,9.582348065219476,2025-08-06,0,31.7,13.2,0.0,52.45,0.209,-0.051
31.40467,9.85458,2018-06-08,1,34.0,22.3,0.0,49.0,0.083,-0.119
36.64614804136069,8.797297130562404,2021-09-01,0,38.0,17.8,0.0,43.0,0.137,-0.123
36.604786349183385,8.67066708212602,2020-07-24,0,33.5,18.3,0.0,49.75,0.235,-0.157
35.269563776792815,8.904282578559142,2020-05-27,0,24.2,15.0,0.0,63.7,0.159,-0.125
31.64653,9.17106,2024-08-19,1,39.3,17.8,0.0,41.05,0.054,-0.132
36.98379796122919,11.020596216213503,2022-08-08,0,30.8,20.1,0.0,53.8,0.175,-0.121
34.881539195072875,8.328605962885518,2020-08-23,0,37.2,18.9,0.0,44.2,0.122,-0.156
31.40063,10.02231,2022-05-15,1,31.4,14.8,0.0,52.900000000000006,0.078,-0.096
35.73876661762785,9.320315501182485,2017-08-10,0,40.4,16.1,1.2,39.400000000000006,0.152,-0.128
36.26884632413872,9.695428224006143,2021-08-04,0,42.3,22.7,0.0,36.55,0.369,0.026
36.42177816578045,10.223286242109223,2022-10-25,0,32.4,10.5,0.0,51.400000000000006,0.099,-0.133
36.17436,9.69334,2017-08-08,1,40.1,17.0,0.0,39.85,0.333,-0.055
36.36861021263154,9.714114295484356,2016-07-01,0,34.6,12.6,0.0,48.1,0.089,-0.171
35.230457686255235,8.818115716598642,2025-08-18,0,33.2,14.5,0.0,50.2,0.066,-0.131
37.06577315194727,9.176046124064966,2018-06-11,0,22.6,17.9,0.0,66.1,0.766,0.32
35.65897030472468,8.99346905192139,2020-05-01,0,23.3,14.8,0.0,65.05,0.315,-0.083
31.6456,9.17033,2024-12-04,1,20.1,24.9,0.0,69.85,0.059,-0.089
35.10085086502577,9.09806787792794,2016-05-10,0,30.3,18.7,0.0,54.55,0.118,-0.113
36.59272378243212,10.876329882446468,2016-06-26,0,32.1,13.3,0.0,51.85,-0.048,0.049
36.418438388094295,10.178803994811242,2022-10-18,0,28.5,11.0,0.0,57.25,0.065,-0.097
34.852522373661394,8.989037289435231,2025-10-04,0,24.9,12.9,0.0,62.650000000000006,0.011,0.12
36.11954,9.7954,2021-08-13,1,40.5,16.6,0.0,39.25,0.204,-0.164
35.121305616825566,9.189046027005816,2023-05-11,0,23.7,11.9,21.2,64.45,0.082,-0.137
36.24112265173674,9.700343079410516,2021-06-03,0,29.2,25.4,0.0,56.2,0.404,0.034
36.69346264601921,8.574929766118352,2025-06-20,0,26.8,15.7,0.0,59.8,0.254,-0.019
35.60770538599476,8.54452927192996,2020-09-08,0,28.4,9.1,2.3,57.400000000000006,0.091,-0.168
36.62089639142091,8.57462508700584,2023-06-16,0,23.4,22.0,0.0,64.9,0.245,-0.038
31.40115,10.02173,2021-07-14,1,40.8,33.4,0.0,38.8,0.086,-0.156
34.38425,8.61027,2016-12-29,1,16.5,11.9,0.0,75.25,0.131,-0.009
35.12848,8.96746,2023-07-17,1,38.7,17.3,0.0,41.95,0.119,-0.135
36.15588261974514,9.817646124660534,2025-06-25,0,37.1,24.3,0.0,44.35,0.18,-0.104
31.64959,9.17092,2024-01-11,1,17.7,14.2,0.0,73.45,0.073,-0.109
35.000207000640344,8.582236596590512,2022-08-22,0,34.0,21.3,0.0,49.0,0.078,-0.118
35.946082063924166,9.149039843878,2025-07-11,0,30.7,19.3,0.0,53.95,0.11,-0.13
36.77493,10.20185,2018-07-07,1,32.5,14.1,0.0,51.25,0.051,-0.075
34.80385100959548,8.517005164701622,2020-10-27,0,18.5,30.4,2.1,72.25,0.119,-0.118
35.33408,8.90131,2021-07-05,1,36.9,15.5,0.0,44.650000000000006,0.21,-0.16
36.59121048185232,10.029490875191405,2023-08-19,0,37.5,22.7,0.0,43.75,0.071,-0.149
35.30186972346982,8.693625305335368,2017-05-07,0,28.4,11.4,0.0,57.400000000000006,0.388,0.029
36.30050699089433,9.986952489232182,2019-10-13,0,27.2,18.9,0.0,59.2,0.085,-0.001
36.306348915147744,10.05324928772539,2021-05-05,0,19.6,12.2,2.3,70.6,0.59,0.126
36.890123444347154,10.755845001748035,2021-07-08,0,35.6,17.8,0.0,46.6,0.567,0.221
35.32667447996172,8.473450695918364,2022-07-25,0,35.6,12.4,0.0,46.6,0.122,-0.102
31.00307,10.06215,2020-09-23,1,38.1,22.0,0.0,42.85,0.055,-0.123
36.52447716484557,9.02603857354799,2024-05-05,0,30.0,13.6,0.0,55.0,0.405,0.15
31.4934,9.49134,2025-06-21,1,33.0,32.8,0.0,50.5,0.03,-0.021
36.58941,10.31944,2017-06-21,1,31.7,21.6,0.0,52.45,0.049,-0.148
35.62933545415909,9.187961003335108,2017-10-14,0,22.0,10.0,0.0,67.0,0.278,-0.042
36.95750148830486,8.853688919753553,2017-09-12,0,30.8,11.3,0.0,53.8,0.486,0.007
35.59378544321046,8.859939720422016,2018-10-20,0,21.9,9.4,0.0,67.15,0.12,-0.141
36.67048,10.43275,2022-06-14,1,31.5,12.3,0.0,52.75,0.177,-0.078
36.651606231586,8.960829702929724,2016-09-15,0,35.3,18.1,1.1,47.05,0.336,-0.027
35.074804857557865,9.237542282546992,2022-08-27,0,34.0,16.9,0.1,49.0,0.129,-0.069
36.52978,10.82073,2020-07-28,1,31.3,12.2,0.0,53.05,0.361,-0.065
35.39528096489925,9.122598813924355,2017-08-23,0,32.1,13.8,0.0,51.85,0.209,-0.1
36.44295474699391,9.989260372812966,2024-05-27,0,33.6,19.1,0.0,49.6,0.116,-0.149
36.39723387415761,9.591424204931622,2023-08-26,0,40.8,19.4,0.0,38.8,0.143,-0.081
35.6713543219016,8.66624774723117,2016-08-23,0,28.6,16.5,0.0,57.1,0.156,-0.194
33.87474,9.99015,2019-11-07,1,19.5,16.6,0.0,70.75,0.104,-0.117
35.98284635346412,9.190367776253838,2019-09-21,0,30.4,20.6,0.2,54.400000000000006,0.213,-0.138
31.70563,9.24416,2021-08-15,1,36.9,29.2,0.0,44.650000000000006,0.034,-0.029
36.122476057846,9.909649120081315,2022-06-22,0,38.7,17.6,0.0,41.95,0.207,-0.038
37.172328619324055,9.441831984466877,2023-06-01,0,20.8,8.7,7.2,68.8,0.25,0.05
32.02328,9.54225,2018-05-06,1,30.8,22.7,0.0,53.8,0.086,-0.103
36.684703803946256,10.733784163601891,2018-09-19,0,33.0,11.2,0.5,50.5,0.032,0.026
35.73806014293614,8.847572947217557,2022-06-05,0,37.9,24.2,0.0,43.150000000000006,0.124,-0.083
36.37188576358657,9.399079979382616,2018-08-26,0,33.0,17.1,0.0,50.5,0.191,-0.182
35.899731805718666,9.13042952730969,2018-09-23,0,23.5,20.4,1.0,64.75,0.142,-0.037
37.05860122385681,9.786317989843974,2025-09-11,0,28.6,19.1,0.0,57.1,0.077,-0.163
36.803637055335,8.833508461357548,2021-06-11,0,26.0,11.7,0.0,61.0,0.832,0.359
36.5178,8.29874,2019-08-10,1,34.0,15.5,0.0,49.0,0.568,0.132
35.15653870687797,8.52802699826099,2025-10-06,0,18.4,26.4,0.0,72.4,0.127,-0.146
33.52858,9.68313,2021-10-20,1,24.8,22.0,0.3,62.8,0.25,0.05
33.43282,8.82314,2018-02-26,1,18.0,21.5,0.0,73.0,0.16,0.007
36.43647304178311,9.550752209428095,2017-08-13,0,32.4,15.4,0.0,51.400000000000006,0.204,-0.103
35.37108600217364,8.958650058046265,2018-09-22,0,24.0,20.3,5.1,64.0,0.217,-0.087
34.737695467800734,8.598379164849712,2020-08-14,0,38.0,20.9,0.0,43.0,0.098,-0.144
36.35336,8.50011,2016-08-03,1,31.4,13.0,0.0,52.900000000000006,0.42,0.013
31.40134,10.02035,2018-11-22,1,23.1,19.7,0.0,65.35,0.129,-0.09
36.10287787067783,9.85556651995207,2017-06-14,0,35.4,17.7,0.0,46.900000000000006,0.27,-0.124
35.15232129830014,8.986293109986743,2023-06-09,0,33.5,16.7,0.5,49.75,0.108,-0.081
34.5975,10.58576,2020-04-24,1,20.6,18.5,0.1,69.1,0.166,-0.047
31.39837,10.02031,2023-11-18,1,24.0,19.7,0.0,64.0,0.064,-0.088
35.410290569939654,8.942574071494816,2017-07-05,0,31.5,13.8,0.0,52.75,0.175,-0.106
37.060940710423885,9.77601559228476,2018-08-10,0,33.5,15.9,0.0,49.75,0.141,-0.281
37.213990489001496,9.633378769926017,2022-10-13,0,25.9,25.1,0.1,61.150000000000006,0.189,-0.122
31.70305,9.2413,2019-10-11,1,27.5,20.5,0.0,58.75,0.061,-0.114
35.93595177807819,9.176353337995003,2021-10-06,0,21.5,16.8,0.3,67.75,0.115,-0.114
37.149049383034594,9.501200298951815,2025-07-21,0,41.3,23.2,0.0,38.05,0.108,-0.146
36.45656034222369,10.100515738540274,2021-08-12,0,42.8,11.9,0.0,35.80000000000001,0.106,-0.114
36.32966466558317,9.9751702707651,2019-10-14,0,27.2,20.2,0.0,59.2,0.043,0.043
34.85782310279908,8.999236775357964,2019-06-09,0,36.5,20.0,0.0,45.25,0.165,-0.107
36.2269318917728,9.423439148448146,2021-09-16,0,38.8,19.5,0.0,41.8,0.114,-0.168
36.14574539392398,10.08525931110086,2022-08-27,0,34.3,12.6,0.4,48.55,0.113,-0.126
36.83264736985899,10.696325611313153,2017-05-25,0,26.0,14.2,0.0,61.0,0.367,-0.013
36.77549,10.20206,2016-10-09,1,25.5,19.3,0.1,61.75,0.081,-0.11
35.64455314695079,8.767164502717849,2023-07-06,0,38.0,26.0,0.3,43.0,0.115,-0.081
36.54135598222397,10.750082246450532,2019-10-11,0,25.5,19.9,0.0,61.75,0.401,0.039
36.30276257489047,10.059842113731763,2019-05-05,0,19.6,23.1,0.1,70.6,0.468,0.08
36.39407579059889,8.5105555044523,2016-08-13,0,29.1,13.7,0.0,56.35,0.047,-0.056
35.85137,8.59171,2023-04-02,1,14.8,31.9,2.1,77.8,0.049,-0.113
36.93795815776919,8.821909778348774,2017-07-20,0,33.0,16.6,0.0,50.5,0.599,0.09
34.66292,10.69353,2022-07-26,1,34.8,26.5,0.0,47.8,0.059,-0.054
36.31594681544215,9.815272986572417,2019-07-18,0,35.1,19.5,0.4,47.35,0.128,-0.163
35.72925590640148,9.241587246775548,2017-08-23,0,29.9,15.7,0.0,55.150000000000006,0.122,-0.196
37.10020366409703,9.78302473845276,2020-06-03,0,28.7,18.7,0.0,56.95,0.24,-0.092
35.42488571048288,8.62952068074409,2024-06-24,0,28.8,8.4,0.1,56.8,0.149,-0.089
36.709741167108575,8.528955260201018,2016-06-20,0,20.7,24.5,1.2,68.95,0.239,-0.131
36.38784674507706,9.113342418745615,2016-07-19,0,31.7,13.8,0.0,52.45,0.137,-0.137
33.526,9.68793,2022-02-01,1,15.7,31.8,0.0,76.45,0.08,-0.059
36.07830156154197,9.329134626642322,2016-08-23,0,28.4,17.7,0.0,57.400000000000006,0.093,-0.152
36.14691522164149,9.31841777003397,2025-07-08,0,35.5,20.7,0.0,46.75,0.102,-0.094
36.348151540360206,10.135341626573757,2016-10-20,0,23.7,12.7,6.4,64.45,0.172,-0.133
34.833006876365644,8.75563581529022,2022-05-22,0,32.8,25.7,0.0,50.8,0.093,-0.1
36.89472115299348,9.424858590236765,2021-08-06,0,38.8,21.1,0.0,41.8,0.159,-0.137
37.17337135461032,9.336324165566232,2017-05-13,0,23.8,16.1,0.0,64.3,0.673,0.208
36.73323,10.03021,2025-08-25,1,35.7,14.0,0.0,46.45,0.087,-0.125
36.52100537158943,10.68543347049702,2025-10-16,0,23.6,20.4,1.6,64.6,0.156,-0.151
36.58606555874496,8.421161228565051,2019-07-26,0,35.5,14.8,0.0,46.75,0.298,-0.106
36.35789,8.62122,2017-01-22,1,14.2,17.3,0.0,78.7,0.25,0.05
36.42710219945396,9.790925971420082,2019-06-17,0,32.2,20.8,0.0,51.7,0.08,-0.015
36.36695,8.45896,2020-08-03,1,38.6,18.1,0.2,42.1,0.598,0.042
35.03410365203636,8.987410401504496,2017-07-11,0,40.1,14.6,0.0,39.85,0.136,-0.154
37.105324268468,9.38514922980421,2020-06-16,0,27.8,17.0,0.0,58.3,0.771,0.316
35.04315,9.35486,2020-07-06,1,34.1,18.8,0.0,48.85,0.275,-0.006
32.28932,10.97696,2017-07-12,1,40.8,14.3,0.0,38.8,0.092,-0.112
36.78655,8.59011,2017-07-31,1,42.5,26.3,0.0,36.25,0.504,0.037
31.39928,10.02064,2021-09-20,1,37.2,20.4,0.0,44.2,0.077,-0.113
35.570186281167004,9.246773086149163,2022-08-22,0,32.6,18.6,0.0,51.1,0.063,-0.121
37.14732290026551,9.496617843103998,2019-10-05,0,23.8,18.9,0.0,64.3,0.31,-0.161
31.70237,9.24264,2020-04-27,1,29.3,15.0,0.0,56.05,0.075,-0.111
36.5744338807227,8.624413267709004,2024-06-26,0,33.6,11.6,0.0,49.6,0.303,0.035
37.13198135250563,10.13802366564369,2019-05-25,0,20.1,20.5,10.0,69.85,0.138,-0.127
37.008148087516,9.614221246405949,2022-08-06,0,33.6,18.3,1.0,49.6,0.096,-0.06
37.27770015085442,9.80130441433568,2025-05-19,0,24.6,16.1,0.0,63.1,0.204,-0.052
36.505793274176646,8.728854110591012,2020-10-15,0,21.7,19.2,0.0,67.45,0.223,-0.162
37.03595798732744,9.824918023727284,2020-10-04,0,28.9,20.2,0.0,56.650000000000006,0.422,-0.064
35.2437075739279,9.140264070955435,2020-07-12,0,36.2,16.4,0.0,45.7,0.16,-0.152
36.49141504148293,10.14886721606452,2024-06-09,0,31.0,22.6,0.0,53.5,0.269,0.005
36.73635360441085,10.651982375623064,2019-05-11,0,28.8,11.2,0.0,56.8,0.261,-0.11
36.32731,8.42665,2021-07-26,1,40.2,18.4,0.0,39.7,0.306,-0.088
37.2087520043519,9.764289889544626,2023-06-14,0,25.9,21.2,32.1,61.150000000000006,0.118,-0.18
36.6955604638992,10.404201676839378,2025-09-21,0,29.0,24.0,0.0,56.5,0.192,-0.033
36.53440674945986,8.479313464826154,2018-10-05,0,21.3,12.7,0.7,68.05,0.446,-0.004
36.55326479864309,8.735443404350342,2016-09-02,0,30.0,14.6,0.0,55.0,0.136,-0.146
35.99628977599846,9.524247569965176,2017-07-02,0,24.9,21.2,0.0,62.650000000000006,0.126,-0.118
31.00406,10.06171,2021-02-05,1,24.7,27.4,0.0,62.95,0.08,-0.087
37.05607,9.13186,2017-08-04,1,42.2,19.3,0.0,36.7,0.344,-0.031
35.60099139282854,8.987297091726909,2024-05-19,0,27.3,15.2,0.5,59.05,0.095,-0.068
36.27768,9.05081,2025-10-12,1,28.0,20.6,0.0,58.0,0.126,-0.138
36.622987085787145,8.518027771998632,2024-08-22,0,29.3,15.2,0.0,56.05,0.086,0.063
33.89942,9.56091,2025-11-10,1,23.9,18.9,0.0,64.15,0.05,-0.074
35.7768,9.88892,2016-05-30,1,30.9,19.1,0.0,53.650000000000006,0.079,-0.131
31.40387,9.85152,2019-10-25,1,22.8,14.3,0.0,65.8,0.076,-0.129
36.7418773822066,8.879440639657622,2025-06-02,0,27.9,14.4,0.0,58.150000000000006,0.536,0.207
36.30385384065308,9.392824076147404,2025-08-01,0,36.3,18.5,0.0,45.55,0.086,-0.126
36.75810843751763,8.498682661875394,2016-05-06,0,23.2,16.8,1.7,65.2,0.25,0.05
36.590324195744095,8.737278308435181,2021-05-26,0,29.3,13.1,0.0,56.05,0.438,0.07
34.838747351090774,8.488442703275107,2024-05-26,0,30.1,28.0,0.0,54.85,0.083,-0.086
36.75175,9.82461,2022-08-17,1,46.4,25.5,0.0,30.40000000000001,0.117,-0.148
36.41091648155312,9.601297942848287,2021-06-13,0,32.3,19.5,0.0,51.55,0.174,-0.095
31.40125,10.022,2021-04-21,1,31.3,32.6,0.0,53.05,0.093,-0.105
31.5629,9.40826,2016-02-06,1,15.3,14.8,0.0,77.05,0.079,-0.075
36.84037,9.15326,2022-10-14,1,23.0,22.5,0.4,65.5,0.142,-0.134
36.82994,9.9571,2025-07-22,1,36.4,16.2,0.0,45.400000000000006,0.115,-0.108
33.36611,8.54894,2022-04-03,1,24.9,45.0,0.0,62.650000000000006,0.069,-0.012
36.47222740595773,9.748549403087328,2022-05-08,0,21.1,29.1,0.8,68.35,0.244,-0.017
34.60452,10.58693,2018-03-20,1,23.4,43.1,0.6,64.9,0.1,-0.082
36.27635635233059,9.19976315692346,2024-10-05,0,26.3,13.9,0.0,60.55,0.06,-0.107
31.49498,9.49305,2025-05-27,1,31.4,16.4,0.0,52.900000000000006,0.063,-0.087
36.34218,8.36662,2016-09-01,1,30.6,13.3,0.0,54.1,0.609,0.155
34.72054746067206,8.44879465259041,2024-07-02,0,32.5,37.2,0.0,51.25,0.075,-0.099
37.31117,9.64336,2020-08-13,1,40.3,21.3,0.0,39.55,0.589,0.081
36.94107,8.72499,2023-07-24,1,45.2,21.5,0.0,32.19999999999999,0.235,0.044
35.640582424068604,8.741814348821082,2019-10-17,0,25.1,9.8,0.0,62.35,0.209,-0.151
31.39998,10.02263,2024-06-26,1,38.0,20.7,0.0,43.0,0.063,-0.12
33.36599,8.54567,2024-12-08,1,20.9,30.9,0.0,68.65,0.056,0.004
35.116233107768764,8.519930380953896,2023-10-06,0,26.2,13.9,0.0,60.7,0.088,-0.091
31.70556,9.24489,2021-01-31,1,19.4,36.5,0.0,70.9,0.082,-0.09
35.33244,10.72801,2025-07-13,1,37.5,21.7,0.0,43.75,0.11,-0.122
35.34249838748792,8.972074620723046,2017-10-24,0,17.4,26.0,0.0,73.9,0.136,-0.124
36.45705162348082,9.860054223306706,2017-10-16,0,27.0,12.6,0.0,59.5,0.164,-0.226
35.119609465839645,9.063788304267565,2016-07-26,0,32.6,13.0,0.0,51.1,0.117,-0.168
31.64846,9.16812,2023-08-28,1,37.8,19.7,0.0,43.3,0.063,-0.106
34.97172,10.82405,2024-07-30,1,36.8,20.3,0.0,44.8,0.116,-0.126
37.22039,9.6249,2023-08-28,1,27.3,32.3,0.2,59.05,0.175,-0.089
37.16604,9.49079,2021-07-28,1,40.8,19.5,0.0,38.8,0.665,0.169
36.22832731374501,9.73909507313648,2023-08-15,0,34.5,20.4,0.1,48.25,0.115,-0.099
34.91190196706153,8.630146208163763,2016-07-09,0,35.6,15.1,0.2,46.6,0.095,-0.138
36.17079057813167,9.78924082210181,2020-06-01,0,27.0,15.3,0.1,59.5,0.428,0.016
33.79569,9.01638,2024-01-14,1,17.4,26.4,0.0,73.9,0.087,-0.045
35.51254435454623,9.072458482328663,2021-07-19,0,31.6,17.3,0.0,52.6,0.368,0.05
37.2618,9.72518,2023-06-24,1,28.2,20.5,0.0,57.7,0.257,-0.037
33.47737,11.10713,2019-02-21,1,16.0,28.7,0.0,76.0,0.171,0.18
36.350746388453146,9.154393963927571,2017-09-14,0,33.3,15.2,0.0,50.05,0.18,-0.026
35.5456183138615,8.746729768782554,2017-07-15,0,33.1,19.8,0.0,50.35,0.244,-0.105
36.34106254495264,9.230565928993984,2023-05-10,0,23.7,15.5,0.1,64.45,0.117,-0.174
35.14323814237259,9.13122046774608,2016-05-14,0,23.7,17.7,1.8,64.45,0.148,-0.072
37.02059480678764,11.035837938941212,2024-06-06,0,25.5,12.3,0.0,61.75,0.154,-0.126
34.92902330914149,8.533630144431402,2023-10-24,0,30.9,21.5,0.2,53.650000000000006,0.089,-0.076
36.86343321659456,9.378544246792108,2022-08-07,0,32.2,21.7,0.0,51.7,0.099,-0.101
34.94662028870248,9.030773355250515,2016-06-17,0,32.0,19.6,0.0,52.0,0.25,0.05
36.41517189931847,10.175584661525289,2017-06-03,0,31.1,14.0,0.0,53.35,0.205,-0.115
31.70646,9.2457,2021-01-19,1,15.5,14.9,0.0,76.75,0.131,-0.232
36.83348829773299,8.739065229136795,2022-10-17,0,29.1,15.5,0.0,56.35,0.45,0.133
36.83708039400171,9.399011540493111,2017-09-10,0,30.4,29.5,11.0,54.400000000000006,0.141,-0.131
36.77677,10.20138,2021-11-23,1,19.9,10.8,0.0,70.15,0.151,-0.113
32.28845,10.9768,2018-10-04,1,25.4,22.4,0.0,61.900000000000006,0.084,-0.116
36.67882,9.92085,2023-03-14,1,24.7,31.4,0.0,62.95,0.245,0.101
37.1292059278795,9.916362291781049,2023-10-16,0,30.6,18.9,0.0,54.1,0.112,-0.158
36.764128608086025,9.427364390130869,2022-09-04,0,38.6,21.3,0.1,42.1,0.122,-0.116
36.487044450139926,8.653352937742468,2023-09-27,0,28.4,18.4,0.0,57.400000000000006,0.168,-0.158
35.75792381333276,8.746216357587691,2023-05-26,0,20.5,14.5,0.3,69.25,0.088,-0.128
35.256968026412935,8.752497788442485,2025-07-19,0,40.0,23.4,0.0,40.0,0.053,-0.172
33.30252,9.23149,2017-12-06,1,15.1,20.4,0.0,77.35,0.075,-0.074
35.87232943389476,9.29652493572776,2024-10-10,0,30.6,15.8,0.0,54.1,0.197,-0.055
35.51385843946868,9.11818191196612,2024-05-13,0,32.8,19.3,0.7,50.8,0.248,-0.006
36.81179844690626,10.731568881867858,2025-07-20,0,37.8,16.1,0.0,43.3,0.298,-0.03
36.15723,10.28479,2019-09-12,1,27.9,17.7,0.0,58.150000000000006,0.113,-0.076
36.45597097784217,8.461750759548403,2016-08-18,0,35.3,11.4,0.0,47.05,0.113,-0.152
35.31593982504359,9.088358548448548,2020-05-03,0,26.7,16.1,0.0,59.95,0.316,-0.037
32.29546,10.94656,2016-01-20,1,14.4,13.3,0.0,78.4,0.101,-0.072
31.69985,9.24256,2018-09-13,1,34.1,20.6,0.0,48.85,0.078,-0.112
35.07854651877097,8.573586524781486,2016-09-23,0,23.2,6.0,8.8,65.2,0.097,-0.135
36.44632157355463,8.25722148234552,2020-07-08,0,27.8,14.8,0.0,58.3,0.776,0.275
35.74622399876582,9.51526284023125,2020-05-04,0,30.1,12.4,0.0,54.85,0.258,-0.075
36.50048,10.02532,2021-07-11,1,37.8,17.6,0.0,43.3,0.072,-0.166
34.60366,10.58808,2018-11-05,1,20.4,19.5,0.0,69.4,0.085,-0.098
36.21532728082661,9.386664246121668,2022-08-13,0,39.0,13.6,0.0,41.5,0.079,-0.117
35.060517567610205,8.862815829272945,2018-08-07,0,24.1,10.5,3.0,63.85,0.259,-0.068
33.87393,9.99325,2022-07-16,1,31.9,20.6,0.0,52.150000000000006,0.022,-0.119
36.72360180963445,10.530784951897392,2021-07-07,0,36.7,21.6,0.0,44.95,0.288,-0.044
36.38361955792652,9.479677579836949,2020-10-13,0,21.8,18.6,0.0,67.3,0.355,-0.073
35.714767811369875,8.810815835247052,2024-05-02,0,23.0,23.9,0.0,65.5,0.183,-0.064
33.87461,9.99241,2018-10-27,1,27.4,25.2,0.0,58.900000000000006,0.014,0.079
35.75481658294726,9.052309606536449,2025-09-01,0,36.2,22.9,0.0,45.7,0.09,-0.124
36.78061321803091,8.751249917847213,2019-09-26,0,21.9,16.6,2.0,67.15,0.567,0.136
36.69723789107567,10.592109292132507,2016-05-26,0,27.6,20.1,0.0,58.6,0.493,0.08
35.50323527678882,8.848650348862785,2016-09-20,0,22.5,7.8,0.0,66.25,0.123,-0.16
35.12924276727093,8.870593078860095,2025-09-27,0,22.9,21.7,2.3,65.65,0.101,-0.128
31.40384,9.85469,2021-08-20,1,40.6,30.1,0.0,39.1,0.072,-0.123
36.23914894833256,9.561225505543767,2025-07-22,0,38.2,16.1,0.0,42.7,0.179,-0.074
37.04388429511656,9.313314916942176,2017-09-07,0,27.9,9.7,3.0,58.150000000000006,0.131,-0.177
36.49266425455552,10.231579792183249,2021-06-14,0,33.2,11.2,0.0,50.2,0.248,-0.103
36.15868,10.28541,2019-05-28,1,27.1,14.5,0.0,59.35,0.054,-0.182
34.79104086612016,8.426769568063001,2020-09-17,0,30.2,27.8,0.0,54.7,0.049,-0.026
33.87452,9.99248,2018-04-08,1,37.6,45.5,0.0,43.6,0.085,-0.154
36.20423435843012,9.306897086008206,2019-10-11,0,25.4,11.4,0.0,61.900000000000006,0.384,-0.05
36.83148331964957,10.610716909843612,2018-06-21,0,28.8,14.4,0.0,56.8,0.219,-0.125
36.65226341795567,8.460774979279211,2022-07-25,0,36.6,17.8,0.0,45.1,0.11,-0.15
31.6505,9.17119,2025-03-15,1,29.4,31.5,0.0,55.900000000000006,0.078,-0.1
36.85079381415982,9.44349175551533,2024-06-27,0,40.5,23.4,0.0,39.25,0.136,-0.088
31.70558,9.24308,2022-01-02,1,16.9,11.8,0.0,74.65,0.051,-0.067
35.156832470878555,9.05882412378581,2024-08-23,0,34.2,10.5,0.0,48.7,0.118,-0.094
36.453891059048495,8.266330550839735,2020-09-13,0,21.6,10.9,5.3,67.6,0.68,0.124
36.580641915896,10.351939291563047,2017-07-16,0,31.3,21.6,0.0,53.05,0.225,-0.068
37.30987247588583,9.828376267684726,2021-05-04,0,25.1,16.6,0.9,62.35,0.392,0.288
32.52053,9.68755,2019-06-24,1,41.9,31.1,0.0,37.150000000000006,0.08,-0.128
36.331667618748426,9.325223891951625,2024-10-07,0,32.8,18.8,0.0,50.8,0.135,-0.082
36.59056,10.31673,2016-07-28,1,34.1,13.6,0.0,48.85,0.032,-0.197
31.64966,9.17224,2022-03-27,1,29.2,24.4,0.0,56.2,0.084,-0.098
36.46287987747437,10.641724598734898,2017-06-21,0,27.6,23.2,0.0,58.6,0.381,-0.03
37.11538364294633,9.537706039684345,2021-06-16,0,36.7,25.9,0.0,44.95,0.14,-0.106
36.44051404717894,8.613631026126416,2016-09-25,0,25.8,13.9,3.9,61.3,0.25,0.05
35.530954308049644,8.396435122190239,2016-07-08,0,35.0,15.6,0.0,47.5,0.105,-0.133
36.77558,8.42272,2020-08-14,1,38.6,17.1,0.0,42.1,0.602,0.068
31.6509,9.17244,2021-10-14,1,24.1,22.7,0.1,63.85,0.072,-0.137
34.75752416422838,8.40478224690353,2021-06-12,0,31.5,28.4,0.9,52.75,0.1,-0.159
35.06881,8.87211,2021-07-05,1,39.5,13.8,0.0,40.75,0.161,-0.147
33.36399,8.54712,2023-09-21,1,38.6,24.6,0.0,42.1,0.041,-0.045
36.111016842417605,9.689322365801274,2023-07-25,0,44.9,20.2,0.0,32.650000000000006,0.192,-0.085
37.20047753054067,9.43580169023622,2025-09-03,0,27.4,12.3,0.0,58.900000000000006,0.441,0.159
36.83321,9.19617,2018-09-15,1,32.0,12.9,0.0,52.0,0.186,-0.19
31.64926,9.16687,2024-06-10,1,45.2,34.4,0.0,32.19999999999999,0.069,-0.073
35.52562581416867,9.200759690661345,2025-08-25,0,35.4,18.1,0.3,46.900000000000006,0.182,-0.041
36.65551407349383,8.793386353005097,2017-08-01,0,42.2,16.5,0.0,36.7,0.128,-0.125
36.9326235798497,8.696069404214928,2024-08-11,0,34.7,19.2,0.0,47.95,0.348,0.052
31.40141,10.02106,2021-06-07,1,38.0,38.9,0.0,43.0,0.078,-0.135
37.00664572398803,9.235841597219736,2016-07-18,0,31.6,18.5,0.0,52.6,0.279,-0.12
35.70565616389164,9.391450578385642,2017-08-24,0,31.1,15.2,0.0,53.35,0.121,-0.15
35.15579182698195,9.002417062077997,2016-07-01,0,37.1,14.5,0.2,44.35,0.14,-0.188
36.81518,9.55998,2020-08-26,1,35.4,12.6,0.0,46.900000000000006,0.138,-0.132
36.41684591981966,9.760558187593515,2022-05-04,0,29.0,25.6,0.0,56.5,0.109,0.055
32.29884,10.93297,2016-01-11,1,23.0,27.0,0.0,65.5,0.098,-0.09
33.52815,9.68586,2024-11-07,1,26.7,31.7,0.0,59.95,0.074,-0.076
35.859576248145515,9.214285309780855,2025-07-10,0,29.3,21.1,0.6,56.05,0.104,-0.111
35.77504,9.88905,2021-01-08,1,27.9,21.7,0.0,58.150000000000006,0.106,-0.177
35.77608,9.89099,2021-12-04,1,18.0,24.6,0.0,73.0,0.011,-0.046
35.64530540273541,8.882076070835579,2017-08-23,0,31.6,17.2,0.0,52.6,0.103,-0.112
34.4353,8.7249,2018-06-21,1,31.3,17.4,0.2,53.05,0.093,-0.148
37.08583051611064,9.523329569563945,2016-10-22,0,27.8,12.3,0.2,58.3,0.145,-0.181
34.91133591570051,8.396755239054722,2025-08-26,0,35.6,23.4,0.0,46.6,0.08,-0.122
31.39747,10.02149,2018-01-23,1,20.3,17.1,0.0,69.55,0.091,-0.067
37.08214496709967,9.981578758379584,2021-07-25,0,44.1,23.4,0.0,33.849999999999994,0.454,0.069
35.11525420514224,9.187326810579515,2021-10-12,0,26.6,12.0,0.0,60.1,0.119,-0.121
36.5901,10.31592,2025-12-14,1,19.0,17.9,0.0,71.5,0.106,-0.118
37.08129776693953,9.892033893295205,2022-09-14,0,40.7,23.5,0.1,38.95,0.083,-0.126
36.74740939502804,9.3868545529678,2016-07-15,0,25.1,33.4,0.0,62.35,0.25,0.05
31.40024,10.02312,2019-12-16,1,22.4,26.1,0.0,66.4,0.092,-0.083
35.53593227663703,9.320004564378204,2021-06-15,0,33.4,15.1,0.0,49.900000000000006,0.104,-0.152
36.69342558024937,10.890673531603216,2019-07-25,0,30.5,15.6,0.0,54.25,0.316,-0.111
36.44340926763073,10.740279788354918,2019-07-15,0,32.8,27.0,0.0,50.8,0.148,-0.064
36.70937061119368,8.812997499225698,2021-10-02,0,25.4,10.5,0.4,61.900000000000006,0.293,-0.045
31.49441,9.49215,2021-08-26,1,39.0,17.8,0.0,41.5,0.073,-0.118
36.98788247522644,9.27652743707274,2019-05-17,0,26.7,22.2,0.0,59.95,0.752,0.306
35.09928577468358,9.199184748949792,2016-07-13,0,38.3,18.5,0.0,42.55,0.157,-0.101
36.44984105822861,10.221799678609948,2017-09-02,0,31.9,24.8,0.0,52.150000000000006,0.158,-0.149
35.593587020051935,9.324287980838434,2025-05-19,0,33.3,19.5,0.0,50.05,0.148,-0.027
31.40829,9.85353,2016-09-04,1,33.0,18.3,0.0,50.5,0.054,-0.106
35.20620055751545,8.448330911551233,2025-08-01,0,31.6,27.7,0.7,52.6,0.068,-0.139
36.92701,8.82358,2022-11-04,1,22.1,27.6,22.8,66.85,0.434,0.196
36.28591828514203,9.051617305264951,2022-07-18,0,39.0,19.1,0.0,41.5,0.135,-0.056
36.75037297966277,10.675903314107094,2020-05-17,0,23.0,19.7,0.4,65.5,0.361,-0.038
36.423546122386576,9.372027228542942,2021-06-05,0,33.1,16.5,0.0,50.35,0.457,-0.004
35.79188103939048,9.105546709105973,2025-10-03,0,17.2,24.6,0.9,74.2,0.104,-0.136
36.77496,10.19928,2022-04-24,1,22.9,14.8,0.0,65.65,0.09,-0.056
37.2210909395715,9.364220797731154,2019-05-01,0,17.9,14.5,0.1,73.15,0.431,0.138
36.78802,8.51863,2023-11-27,1,18.5,12.1,0.0,72.25,0.175,-0.177
34.72205,10.51202,2023-04-17,1,24.5,30.6,0.0,63.25,0.111,-0.077
31.64953,9.17279,2024-01-27,1,22.0,13.4,0.0,67.0,0.071,-0.108
36.91738,9.08004,2022-08-17,1,42.7,22.9,0.0,35.94999999999999,0.315,0.009
36.45097089117734,10.55347611397349,2023-10-24,0,31.0,16.0,0.0,53.5,0.14,-0.109
36.11380883578194,9.53197429669235,2019-10-12,0,25.4,13.6,0.0,61.900000000000006,0.331,-0.076
31.40433,9.85206,2018-12-25,1,15.0,15.1,0.0,77.5,0.104,-0.106
36.56740852710323,10.57911173913062,2016-07-06,0,31.4,15.1,0.0,52.900000000000006,0.25,0.05
36.99283,9.88894,2018-10-12,1,26.6,17.4,0.3,60.1,0.547,0.123
35.47971008083669,8.885104369067447,2019-05-11,0,28.7,14.9,1.0,56.95,0.255,-0.071
36.22904012941133,9.926349262778585,2018-06-26,0,27.1,22.7,0.7,59.35,0.354,-0.103
37.06267,9.7324,2019-05-24,1,30.7,21.9,0.4,53.95,0.312,-0.094
36.75093,9.31255,2016-09-19,1,23.8,25.2,1.2,64.3,0.25,0.05
34.93784,8.53214,2024-10-02,1,30.8,22.4,0.0,53.8,0.058,-0.005
36.16963,9.83959,2021-08-13,1,41.6,14.2,0.0,37.6,0.029,-0.091
36.80797813800188,10.90755953928511,2023-10-14,0,30.3,7.6,0.0,54.55,0.05,-0.166
35.4505461224851,9.013155886216271,2016-08-15,0,31.2,12.5,0.0,53.2,0.167,-0.175
31.64913,9.17326,2021-12-15,1,15.7,14.8,0.0,76.45,0.083,-0.125
37.23534,9.60728,2023-10-18,1,36.5,14.3,0.0,45.25,0.19,-0.129
37.01415,9.43958,2023-11-21,1,18.9,28.8,5.1,71.65,0.142,-0.047
36.01389387890994,9.43384099524966,2017-07-02,0,26.2,23.6,0.2,60.7,0.306,-0.036
36.41652995580392,8.514357626749947,2023-06-19,0,35.0,10.8,0.5,47.5,0.162,-0.107
36.15936,10.2824,2023-03-24,1,24.8,14.0,0.0,62.8,0.25,0.05
36.104814550259526,9.518773959319478,2023-09-25,0,24.6,18.4,0.0,63.1,0.028,-0.084
36.57325,8.86744,2017-06-24,1,36.8,14.9,0.0,44.8,0.197,-0.087
36.49191249883388,10.745533105867242,2025-09-14,0,30.1,12.6,0.0,54.85,0.181,-0.083
34.94698329622043,8.682878159870043,2017-10-16,0,21.7,10.1,0.0,67.45,0.106,-0.177
36.17791,8.84084,2021-09-18,1,36.9,20.8,0.0,44.650000000000006,0.099,-0.189
35.41985,9.25259,2021-06-27,1,33.9,16.1,0.0,49.150000000000006,0.226,-0.102
31.70159,9.24302,2018-08-23,1,36.1,18.5,0.0,45.85,0.062,-0.13
31.40459,9.85795,2018-10-01,1,31.2,20.5,0.0,53.2,0.064,-0.074
34.96985182659334,8.76140445203078,2017-07-17,0,31.6,23.1,0.0,52.6,0.122,-0.128
35.836040586493226,9.514071261282984,2023-07-04,0,34.5,12.4,0.0,48.25,0.162,-0.061
34.60427,10.58617,2017-10-17,1,24.5,12.7,0.1,63.25,0.093,-0.117
36.81367234797517,10.966426734742091,2024-08-24,0,30.9,16.9,0.0,53.650000000000006,0.084,-0.166
35.0964234247351,8.646799031513748,2021-05-18,0,30.0,16.0,0.0,55.0,0.128,-0.177
36.5913,10.31794,2020-10-18,1,21.3,14.3,0.0,68.05,0.051,-0.204
35.19667529867791,8.49432052568272,2019-09-09,0,25.8,18.5,10.2,61.3,0.195,-0.073
31.48389,9.54285,2017-09-27,1,34.7,25.5,0.0,47.95,0.063,-0.122
36.89319178211307,9.703724456901458,2023-06-20,0,37.6,17.6,0.0,43.6,0.148,-0.145
36.87237316845083,8.680547806210356,2020-07-06,0,26.0,26.3,6.7,61.0,0.494,0.08
36.73912232400101,8.56856157875936,2019-06-22,0,28.4,19.3,0.0,57.400000000000006,0.438,0.005
36.45539611252266,10.178593607201607,2016-08-22,0,32.0,22.4,0.0,52.0,0.109,-0.199
35.2891,8.77693,2021-07-17,1,27.5,17.7,0.0,58.75,0.134,-0.27
36.11168528741211,9.41817841457718,2018-08-06,0,28.6,14.6,4.9,57.1,0.097,-0.178
36.45778019233705,10.439222563688856,2019-08-18,0,30.1,17.3,0.0,54.85,0.292,-0.12
35.05681663153428,8.602456008427357,2021-05-27,0,33.7,23.7,0.0,49.45,0.103,-0.163
36.47293,9.07311,2023-11-20,1,25.9,7.1,0.0,61.150000000000006,0.143,-0.11
36.55744,8.24319,2019-08-01,1,39.2,14.8,0.0,41.2,0.655,0.17
36.58692326083745,10.354761447619788,2025-05-10,0,24.6,15.5,0.0,63.1,0.299,0.06
36.56591268567809,10.807366462592316,2021-07-15,0,30.8,11.6,0.0,53.8,0.358,-0.067
31.70383,9.24184,2019-06-18,1,36.7,34.2,0.0,44.95,0.074,-0.125
36.5196,9.15015,2023-11-20,1,24.9,9.0,0.0,62.650000000000006,0.178,-0.097
36.92848627336341,9.740319226994645,2021-10-01,0,27.2,14.3,0.0,59.2,0.474,0.031
35.31445200982927,8.56339660166566,2020-10-18,0,21.3,12.2,0.0,68.05,0.244,-0.085
35.379125272757534,8.848407938286307,2020-09-13,0,23.1,18.3,3.5,65.35,0.132,-0.169
33.87403,9.98914,2019-09-27,1,29.1,19.1,0.2,56.35,0.049,-0.124
35.38842743616338,8.885442013867625,2023-10-16,0,27.5,13.6,0.0,58.75,0.179,-0.069
35.6650320686687,8.90294147908843,2016-09-12,0,28.7,13.4,0.0,56.95,0.12,-0.148
36.50195,10.0278,2024-10-01,1,30.7,15.4,0.0,53.95,0.068,-0.11
36.67624,9.9211,2021-08-14,1,39.2,19.5,0.0,41.2,0.093,-0.122
35.28284899880984,8.697811918515875,2019-08-18,0,36.5,15.9,0.0,45.25,0.099,-0.136
37.15145950332419,9.263854315794989,2025-09-01,0,35.7,20.5,0.0,46.45,0.323,0.06
37.16514418940213,10.00702523715706,2018-10-16,0,25.8,13.1,4.2,61.3,0.362,0.027
36.26265559512088,10.328631487429838,2017-06-22,0,31.1,15.6,0.0,53.35,0.181,-0.117
35.155085715483466,8.873994566231145,2020-06-22,0,29.3,20.9,0.0,56.05,0.2,-0.138
31.64935,9.17209,2020-08-19,1,43.2,17.7,0.0,35.19999999999999,0.082,-0.136
31.39802,10.02216,2017-03-12,1,21.5,11.3,0.0,67.75,0.079,-0.081
35.07401408048048,8.907369106592434,2021-06-10,0,25.3,17.1,0.0,62.05,0.185,-0.15
37.53084675967442,8.941998042509567,2018-10-13,0,22.1,26.2,4.1,66.85,0.603,0.082
37.29627323785011,9.65138316649378,2022-05-26,0,22.8,25.1,8.0,65.8,0.403,0.102
36.472590014005,10.5710744035621,2017-08-14,0,29.6,13.6,0.0,55.6,0.191,-0.136
35.59504277149881,9.36167252921646,2024-08-04,0,34.3,20.4,0.0,48.55,0.066,-0.113
31.09473,9.38787,2016-09-09,1,34.6,14.1,0.0,48.1,0.067,-0.143
31.40464,9.85164,2019-07-16,1,38.5,30.3,0.0,42.25,0.092,-0.12
36.28090236964334,10.10814456071784,2025-07-19,0,36.0,20.0,0.0,46.0,0.225,-0.083
34.958228060829725,8.987164690489006,2020-10-20,0,22.9,13.0,0.0,65.65,0.14,-0.145
36.56978497934912,8.628512999797943,2019-09-27,0,28.7,11.2,0.0,56.95,0.487,-0.012
35.10648073102976,8.801458647052318,2021-09-23,0,29.5,9.7,0.0,55.75,0.119,-0.14
36.687111277517154,8.79271236082103,2025-06-26,0,34.6,15.2,0.0,48.1,0.213,-0.08
34.849477757943745,8.87110652419734,2021-09-24,0,34.8,17.8,0.0,47.8,0.082,-0.144
37.26384,9.53502,2020-07-29,1,32.5,20.9,0.0,51.25,0.481,-0.098
36.50103,10.02676,2016-09-14,1,34.7,9.6,0.9,47.95,0.044,-0.204
33.87378,9.99092,2022-05-21,1,27.3,17.1,0.0,59.05,0.017,-0.045
36.525694515211256,10.553381544482177,2021-10-26,0,18.8,22.9,5.9,71.8,0.192,-0.089
35.811780608110475,9.306360072827127,2023-05-18,0,20.9,17.1,1.0,68.65,0.126,-0.068
36.501172780652574,8.576089501962379,2018-05-16,0,25.7,14.6,0.0,61.45,0.276,-0.099
37.14449,9.9833,2025-09-06,1,32.3,14.8,0.0,51.55,0.133,-0.123
35.838737131299304,9.143334939082116,2016-09-19,0,21.5,17.9,0.0,67.75,0.099,-0.206
35.68751,10.31415,2025-06-15,1,36.4,16.2,0.0,45.400000000000006,0.149,-0.097
35.955778253274126,9.163054796629153,2019-07-20,0,34.7,19.4,0.0,47.95,0.124,-0.126
36.39902181111124,10.237814545953944,2021-09-19,0,35.2,11.4,0.1,47.2,0.142,-0.148
36.49247299046496,10.036679854519363,2018-07-06,0,34.7,22.0,0.0,47.95,0.089,-0.177
35.16309366030342,9.086921051451814,2017-07-04,0,30.8,12.3,0.0,53.8,0.151,-0.153
35.31992,8.82547,2017-08-02,1,32.4,12.4,0.0,51.400000000000006,0.129,-0.327
37.12158930465601,9.310135125829126,2023-10-24,0,26.4,18.5,0.2,60.400000000000006,0.157,-0.177
35.671754587546694,9.186319278268831,2023-06-19,0,33.6,12.7,0.0,49.6,0.203,-0.006
34.950145024845334,8.950351606927816,2018-10-07,0,26.0,22.4,0.0,61.0,0.119,-0.121
34.88347159798432,8.598242747511518,2024-10-22,0,18.7,27.4,6.8,71.95,0.121,-0.068
33.89545,9.56721,2023-10-04,1,29.6,19.9,0.0,55.6,0.034,-0.09
37.25657,9.88081,2020-08-01,1,34.4,19.5,0.0,48.400000000000006,0.143,-0.115
36.44581,9.14859,2025-09-18,1,28.4,15.2,0.0,57.400000000000006,0.12,-0.139
36.87014472343359,9.4471740902942,2020-05-05,0,31.3,15.3,0.0,53.05,0.25,0.05
37.16701569360678,9.975896059023457,2017-08-22,0,29.3,15.9,0.0,56.05,0.104,-0.16
35.73683454690748,8.70805142881883,2024-08-15,0,35.5,22.7,0.0,46.75,0.076,-0.144
35.82448819069349,9.086156447403257,2022-09-23,0,19.6,17.1,1.0,70.6,0.092,-0.122
36.62591626435098,10.56351465167001,2025-08-14,0,33.3,16.1,0.0,50.05,0.293,-0.019
32.29399,10.94483,2016-03-29,1,30.1,14.3,0.0,54.85,0.091,-0.087
36.45286172149792,10.7395500355623,2022-05-13,0,22.9,10.5,0.0,65.65,0.25,0.05
37.13714709061302,10.058408775663196,2017-08-14,0,31.2,17.8,0.0,53.2,0.271,-0.131
36.16260131915768,10.218413537054316,2020-08-26,0,35.7,17.6,0.0,46.45,0.139,-0.176
32.28846,10.9758,2018-05-05,1,29.6,26.0,0.0,55.6,0.108,-0.078
35.77573,9.891,2023-06-26,1,35.7,20.3,0.0,46.45,0.063,-0.136
31.70583,9.24401,2022-05-11,1,23.6,26.2,0.2,64.6,0.062,-0.084
36.61080185427912,10.825229624414463,2023-06-19,0,26.2,20.0,0.0,60.7,0.25,0.05
31.49348,9.49331,2023-03-02,1,18.9,13.7,0.0,71.65,0.07,-0.086
33.87395,9.99384,2018-12-09,1,20.3,21.7,0.0,69.55,0.122,-0.259
35.49337002441573,9.42948943640771,2025-07-20,0,44.3,33.7,0.0,33.55000000000001,0.105,-0.104
35.60340462965532,9.031479386591528,2020-05-03,0,25.7,20.6,0.0,61.45,0.305,-0.035
35.21491,8.72058,2019-07-06,1,36.0,16.2,0.0,46.0,0.352,-0.036
36.550514434799645,9.058372578108337,2025-10-23,0,26.8,19.0,0.0,59.8,0.176,-0.102
36.31237337154851,10.170230396663843,2017-05-19,0,29.0,13.7,0.0,56.5,0.414,0.021
36.37691746738619,10.493315507325825,2019-06-23,0,31.5,12.2,0.0,52.75,0.199,-0.127
36.52649138750469,8.633406756380314,2020-09-02,0,30.0,18.9,0.7,55.0,0.257,-0.139
36.64499917676456,10.631634917355075,2019-08-22,0,32.9,17.1,0.0,50.650000000000006,0.199,-0.173
35.93936720027062,9.505400617417212,2024-06-10,0,33.0,15.9,0.0,50.5,0.17,-0.071
35.210371033380305,8.62881636812714,2024-10-16,0,25.6,16.4,0.0,61.6,0.102,-0.15
36.41076630938751,8.501626604684079,2022-07-18,0,37.0,12.9,0.0,44.5,0.117,-0.085
37.15482682989949,9.238899981433931,2019-09-20,0,31.4,16.8,0.3,52.900000000000006,0.503,-0.039
36.77625,10.19924,2024-04-06,1,28.3,13.2,0.0,57.55,0.099,-0.002
35.36486259877312,8.956010767014385,2021-08-22,0,33.0,12.6,0.0,50.5,0.194,-0.161
36.77472738909748,10.827716585588552,2018-10-25,0,23.3,22.2,0.0,65.05,0.329,-0.091
36.519797526752,9.971886830779836,2017-10-25,0,22.5,27.6,0.0,66.25,0.238,-0.191
37.265697467876926,9.787912506081788,2018-08-26,0,27.5,23.2,0.0,58.75,0.16,-0.222
36.584763018768754,9.974717099286996,2025-07-21,0,46.4,19.7,0.0,30.40000000000001,0.127,-0.126
34.83890667607512,8.378835143747017,2019-08-22,0,31.5,13.0,0.6,52.75,0.1,-0.161
36.42060902030224,10.49980900573025,2022-06-21,0,31.4,16.3,0.0,52.900000000000006,0.142,-0.114
37.28056585762756,9.656850616605787,2020-06-08,0,25.0,26.3,2.4,62.5,0.271,-0.147
34.84418171504092,8.379594450314615,2022-10-05,0,25.5,18.1,1.1,61.75,0.078,-0.091
35.367061890776576,8.97540831202125,2023-08-22,0,31.1,18.1,0.3,53.35,0.107,-0.112
36.73699594660249,8.6441690683843,2020-08-09,0,28.4,17.7,0.0,57.400000000000006,0.224,-0.083
36.76820231417528,10.634736003571156,2024-10-11,0,24.8,16.4,0.0,62.8,0.104,-0.172
35.77729,9.89101,2020-01-02,1,17.1,13.1,0.0,74.35,0.107,-0.14
36.98035290633029,9.489709749489004,2018-10-24,0,21.1,26.9,0.0,68.35,0.239,-0.139
36.22128077972479,10.230012964083931,2019-06-26,0,33.2,17.3,0.0,50.2,0.228,-0.114
31.64834,9.16769,2024-03-01,1,20.2,32.0,0.0,69.7,0.066,-0.101
37.10132977216835,9.628414324230528,2020-07-13,0,35.7,19.5,0.0,46.45,0.162,-0.19
36.67543008655701,10.615981512314775,2023-05-01,0,24.2,25.1,0.2,63.7,0.25,0.05
36.59057,10.3191,2021-07-31,1,44.2,17.7,0.0,33.69999999999999,0.073,-0.134
34.96392114189452,8.407188409342378,2025-06-17,0,35.6,25.6,0.0,46.6,0.1,-0.095
36.1240242129633,9.112534926712794,2024-08-16,0,33.1,19.9,0.5,50.35,0.089,-0.12
35.92318,9.55892,2021-08-09,1,40.2,11.3,0.0,39.7,0.269,-0.101
35.20922363985898,8.973789650496126,2018-10-11,0,25.7,10.8,1.0,61.45,0.235,-0.117
37.07468523482692,9.53653009746891,2025-07-08,0,31.5,19.5,0.0,52.75,0.106,-0.112
37.17181298485242,9.2680468035078,2023-06-05,0,25.6,17.0,1.3,61.6,0.25,0.05
34.76473593814169,8.521631565207116,2019-07-13,0,38.8,30.5,0.0,41.8,0.104,-0.118
35.65128787760167,9.16556120895421,2023-10-02,0,27.0,12.4,0.0,59.5,0.057,-0.14
36.20242666265692,9.298613949479591,2016-07-15,0,25.8,28.8,0.0,61.3,0.25,0.05
36.9994249654154,9.42887771137962,2017-05-15,0,23.4,17.4,0.0,64.9,0.358,-0.024
31.70464,9.24247,2021-02-19,1,22.7,17.3,0.0,65.95,0.085,-0.084
31.4934,9.49146,2023-08-23,1,33.5,24.5,0.0,49.75,0.053,-0.105
34.76386245014115,8.603924437180433,2016-06-21,0,27.3,17.2,0.0,59.05,0.099,-0.12
37.14778067662066,10.019278030159091,2016-09-19,0,24.8,31.3,0.1,62.8,0.281,-0.103
36.50117,10.02868,2022-11-24,1,21.7,21.7,0.1,67.45,0.061,-0.132
34.98067090358192,8.662938156514745,2022-06-07,0,37.8,35.3,0.0,43.3,0.096,-0.108
36.48242593975308,10.051517388626548,2020-08-13,0,39.9,17.7,0.0,40.150000000000006,0.111,-0.157
32.28954,10.97595,2016-12-20,1,18.2,23.1,0.0,72.7,0.069,-0.123
36.404649384915565,9.418940007550242,2023-10-21,0,26.2,15.4,3.2,60.7,0.107,-0.129
37.095681230707655,9.793264333046976,2022-07-20,0,40.2,32.1,0.0,39.7,0.106,-0.122
31.70397,9.24437,2023-01-20,1,14.2,35.0,0.0,78.7,0.067,-0.078
36.67748,9.91986,2023-08-24,1,38.4,23.5,0.1,42.400000000000006,0.056,-0.111
35.72147642041918,9.256880030062453,2020-10-05,0,23.5,14.3,2.0,64.75,0.139,-0.17
31.00403,10.06125,2024-03-27,1,21.3,27.6,0.0,68.05,0.071,-0.078
35.31278732529562,8.401295066720532,2019-06-01,0,21.5,19.5,0.0,67.75,0.25,0.05
36.10744451108819,9.539763253785214,2024-07-07,0,33.1,16.3,0.0,50.35,0.092,-0.121
31.64749,9.1718,2022-03-30,1,34.0,38.2,0.0,49.0,0.077,-0.09
36.30651588651225,9.356832855029328,2019-08-03,0,38.6,16.0,0.0,42.1,0.117,-0.116
31.64703,9.17145,2022-03-25,1,26.3,45.0,0.0,60.55,0.075,-0.09
33.87456,9.9915,2022-04-20,1,34.3,47.7,0.0,48.55,0.044,-0.117
33.52924,9.68305,2022-08-26,1,35.5,21.6,0.1,46.75,0.047,-0.107
35.09901175742092,8.410292319333314,2021-05-03,0,22.0,14.9,6.6,67.0,0.219,-0.119
34.60358,10.58552,2016-03-03,1,21.1,27.6,0.0,68.35,0.107,-0.099
34.870742647227566,8.989596985390516,2022-06-12,0,32.6,18.4,0.0,51.1,0.09,-0.108
36.02567171706723,9.310707108951345,2019-09-23,0,28.7,19.2,0.0,56.95,0.142,-0.18
36.22654725342319,9.638945017836724,2023-07-18,0,42.0,17.7,0.0,37.0,0.1,-0.112
31.40693,9.85173,2021-10-04,1,33.6,23.2,0.0,49.6,0.07,-0.129
36.92497417329918,9.4894975563371,2022-07-22,0,37.1,21.4,0.0,44.35,0.133,-0.101
36.58978,10.31727,2016-10-07,1,26.7,15.1,0.0,59.95,0.064,-0.152
33.87246,9.98993,2017-02-12,1,20.6,25.0,0.0,69.1,0.06,-0.086
35.77505,9.88984,2025-11-13,1,25.9,18.9,0.0,61.150000000000006,0.051,-0.122
31.70156,9.24147,2016-04-03,1,24.3,18.5,0.0,63.55,0.25,0.05
33.53245,9.68414,2018-11-18,1,18.2,13.2,0.0,72.7,0.105,-0.103
35.34670006816789,8.610597906114561,2016-05-22,0,31.1,12.7,0.0,53.35,0.25,0.05
37.08195585414696,9.113590392488204,2025-07-25,0,34.2,22.9,0.0,48.7,0.383,0.125
35.74408,10.65888,2021-12-22,1,18.4,15.5,0.0,72.4,0.253,-0.121
36.982894200053344,10.883501035251864,2017-05-26,0,26.0,14.9,0.0,61.0,0.444,0.08
35.64799286651518,9.293115090607406,2017-06-02,0,29.5,18.0,0.0,55.75,0.167,-0.122
36.74876971369373,9.409943718539097,2021-05-20,0,22.1,26.0,0.0,66.85,0.192,0.113
36.31418071034364,10.136370395697536,2021-07-06,0,36.2,15.7,0.0,45.7,0.144,-0.168
36.38188665450775,9.630561818178832,2019-05-10,0,29.4,13.2,0.0,55.900000000000006,0.36,0.111
36.83646,8.67612,2017-08-04,1,40.1,18.1,0.0,39.85,0.701,0.245
36.56158235743817,10.499651106303602,2019-07-19,0,31.9,17.1,0.0,52.150000000000006,0.284,-0.111
35.15691639757989,8.558214409388167,2025-08-14,0,31.2,21.0,0.0,53.2,0.136,-0.151
36.29628024230088,9.0830160475471,2023-05-01,0,21.4,23.6,0.3,67.9,0.201,-0.06
36.61052803864493,10.016848540649452,2021-07-04,0,41.0,22.7,0.0,38.5,0.184,-0.124
36.84735,9.80922,2019-07-15,1,31.7,27.1,0.3,52.45,0.155,-0.222
35.255179928506365,9.054595335911888,2020-07-19,0,32.3,14.4,0.0,51.55,0.256,-0.112
36.5182135892622,10.37617678085148,2018-09-06,0,36.1,12.2,0.3,45.85,0.154,-0.014
31.00567,10.05948,2021-09-17,1,35.2,23.6,0.0,47.2,0.074,-0.105
35.663558095044245,8.61856510289859,2023-09-24,0,25.5,12.2,0.0,61.75,0.081,-0.123
34.94960060286662,8.700779886529375,2016-10-02,0,26.8,11.9,0.0,59.8,0.105,-0.142
37.16242093490504,9.391294306374396,2023-08-21,0,31.0,16.3,0.0,53.5,0.386,0.162
36.49958,10.02831,2023-10-05,1,31.4,19.2,0.0,52.900000000000006,0.044,-0.138
31.7029,9.24383,2022-10-28,1,28.0,12.9,0.0,58.0,0.068,-0.083
35.46894,11.01657,2024-05-25,1,26.6,18.9,0.0,60.1,0.193,-0.033
36.77734,10.19982,2021-10-29,1,22.4,13.8,0.3,66.4,0.049,-0.034
31.64697,9.17246,2023-06-07,1,31.5,22.2,0.0,52.75,0.055,-0.114
36.54756279940114,8.887687334230503,2024-10-19,0,20.3,22.8,2.3,69.55,0.121,-0.127
35.13389,8.91791,2017-08-05,1,38.6,15.1,0.0,42.1,0.312,-0.078
33.36578,8.5497,2023-10-20,1,37.1,39.7,0.0,44.35,0.066,-0.025
35.48075557685297,9.258185113270743,2016-06-06,0,29.5,12.8,0.0,55.75,0.097,-0.153
35.6885932282713,8.770295624983202,2024-09-12,0,28.4,18.2,0.0,57.400000000000006,0.05,-0.079
36.786341036393445,9.499536146310524,2024-06-20,0,39.2,19.6,0.0,41.2,0.119,-0.132
36.472393920567136,8.31785055816463,2016-08-18,0,33.0,12.3,0.0,50.5,0.455,-0.108
36.39481484425527,9.90984059936142,2021-05-12,0,23.5,22.3,0.0,64.75,0.227,-0.059
35.999950062401666,9.201937237903968,2017-09-04,0,31.4,18.1,0.0,52.900000000000006,0.111,-0.141
36.49540232385607,8.895867421846576,2018-09-04,0,40.4,15.5,0.0,39.400000000000006,0.241,-0.142
36.46123407395185,8.715424907170224,2022-09-18,0,31.2,13.6,0.0,53.2,0.198,-0.081
35.86212039559914,9.362789722153636,2024-05-21,0,24.6,17.3,0.0,63.1,0.311,-0.021
31.65491,10.24238,2016-01-13,1,18.8,22.2,0.0,71.8,0.075,-0.064
36.407440655427386,8.809619420568913,2017-06-05,0,27.4,21.7,19.9,58.900000000000006,0.222,-0.163
35.85037,8.59327,2017-08-28,1,36.0,14.3,0.0,46.0,0.038,-0.227
36.80923377230612,8.820097549758428,2024-09-14,0,20.7,29.3,0.1,68.95,0.528,0.24
36.83604811909378,8.744692784823998,2019-10-26,0,18.0,8.1,6.8,73.0,0.804,0.339
35.57111053814662,8.665222191277566,2023-07-02,0,28.8,13.3,0.0,56.8,0.157,-0.048
36.35846149766524,10.128144681191682,2021-05-11,0,22.2,23.7,0.0,66.7,0.521,0.157
33.48165,11.10808,2018-09-04,1,38.0,23.7,0.0,43.0,0.045,-0.064
37.01500198183295,9.217339808643604,2025-09-21,0,32.8,21.7,0.0,50.8,0.231,-0.121
35.04828333648821,8.370803937145395,2016-06-20,0,22.9,22.7,0.0,65.65,0.11,-0.133
36.1304,10.39902,2021-10-12,1,26.4,14.3,0.0,60.400000000000006,0.129,-0.132
36.67807,9.91894,2022-12-02,1,18.2,23.1,0.0,72.7,0.107,-0.079
36.29960915378134,9.51844534963293,2017-08-06,0,42.1,21.1,0.0,36.85,0.117,-0.14
36.58795,10.31962,2018-06-22,1,32.1,13.3,0.0,51.85,0.106,-0.134
34.99067860794008,8.608619300256368,2021-05-13,0,26.8,24.5,0.0,59.8,0.236,-0.056
31.52396,9.69062,2017-05-06,1,37.0,15.3,0.0,44.5,0.25,0.05
36.333611706505565,10.33232085928921,2025-10-06,0,24.7,27.4,0.0,62.95,0.141,-0.135
36.06168612096218,9.186936420871568,2021-07-15,0,33.0,14.3,0.0,50.5,0.124,-0.111
37.1186871891984,9.649399307502437,2019-06-22,0,32.0,18.2,0.0,52.0,0.624,0.145
36.49759907650749,8.365850218671618,2025-07-22,0,34.3,9.2,0.0,48.55,0.247,-0.029
36.163433467358665,9.86154199220942,2019-06-03,0,27.2,13.5,0.0,59.2,0.41,-0.048
35.977149539116816,9.17101899397723,2022-08-20,0,30.1,15.8,0.0,54.85,0.087,-0.107
36.52443,8.28667,2017-07-31,1,38.4,12.5,0.0,42.400000000000006,0.751,0.239
36.44516163963205,8.677695821926088,2016-09-22,0,31.7,13.0,0.0,52.45,0.25,0.05
34.97653076709867,8.553172516537863,2024-08-10,0,37.1,17.9,0.0,44.35,0.081,-0.13
35.15627,11.019,2022-11-16,1,25.2,12.4,0.0,62.2,0.122,-0.112
32.28976,10.97531,2019-10-23,1,35.9,22.0,0.0,46.150000000000006,0.066,-0.135
37.25138,9.55156,2022-10-24,1,30.6,9.4,0.0,54.1,0.351,0.015
36.89322039255386,8.867597298282476,2024-06-09,0,29.9,19.1,0.0,55.150000000000006,0.439,0.179
36.321806760026455,9.790188742746109,2023-06-19,0,35.1,26.6,0.0,47.35,0.225,-0.013
36.45622405080777,8.75484963764471,2019-05-09,0,27.8,20.7,0.0,58.3,0.79,0.432
35.75334584422589,8.685161533317917,2024-10-27,0,21.4,13.2,0.2,67.9,0.083,-0.149
37.09975373358443,9.808583364474527,2016-08-15,0,31.2,18.8,0.0,53.2,0.115,-0.163
36.569690948250894,10.61372867061751,2023-06-11,0,27.3,19.9,1.6,59.05,0.25,0.05
35.22011,8.65984,2021-06-29,1,39.9,24.2,0.0,40.150000000000006,0.194,-0.13
34.992392146048275,8.934102227596608,2021-10-08,0,23.2,21.9,0.0,65.2,0.126,-0.151
33.36458,8.55043,2022-05-02,1,28.4,19.5,0.0,57.400000000000006,0.084,-0.009
34.89352289039535,8.810498074384238,2021-10-16,0,21.4,28.2,0.0,67.9,0.114,-0.132
35.43123,9.24547,2021-06-21,1,36.5,21.4,0.0,45.25,0.252,-0.093
36.100337787778415,9.50579089031147,2019-09-22,0,29.5,26.2,0.3,55.75,0.223,-0.258
35.46653,9.03446,2020-08-03,1,35.4,22.7,0.0,46.900000000000006,0.171,-0.137
35.510748176384304,9.1885331299956,2021-08-14,0,35.7,14.5,0.1,46.45,0.13,-0.117
34.67258576044596,8.502612121521825,2023-05-21,0,22.5,22.6,0.0,66.25,0.09,-0.097
35.83303721385575,9.357998323211518,2018-07-17,0,31.7,17.2,0.0,52.45,0.248,-0.081
36.86207312148896,8.841317222961596,2021-05-27,0,23.1,14.4,0.0,65.35,0.796,0.337
37.06559983509401,9.469894791691594,2022-05-07,0,17.2,28.5,14.7,74.2,0.571,0.296
36.9388,9.64726,2020-10-22,1,29.2,20.6,0.0,56.2,0.216,-0.254
31.64697,9.16909,2024-06-11,1,46.8,34.9,0.0,29.80000000000001,0.069,-0.099
37.07857346584402,9.862586656596571,2018-10-26,0,26.3,18.4,0.0,60.55,0.232,-0.159
36.66542,9.20621,2016-08-09,1,32.8,10.1,0.0,50.8,0.123,-0.182
36.58892,10.31733,2021-03-26,1,19.8,16.1,0.0,70.3,0.195,-0.079
36.11542339026985,9.887964852224414,2024-08-08,0,38.1,13.0,0.0,42.85,0.192,-0.076
35.085025139259336,8.911060921868119,2018-09-10,0,30.6,10.5,0.4,54.1,0.343,-0.08
36.52016937718035,10.592039363951002,2023-10-04,0,30.4,9.2,0.0,54.400000000000006,0.331,0.075
35.73047978401715,8.884659838151524,2019-10-25,0,16.0,24.7,0.7,76.0,0.242,-0.1
33.87432,9.99115,2019-05-27,1,28.6,28.3,0.0,57.1,0.072,-0.131
36.47659881825007,8.956682436288965,2023-08-05,0,27.5,27.8,0.0,58.75,0.111,-0.188
35.02480562813498,8.468893783700105,2025-08-06,0,32.0,17.7,0.0,52.0,0.095,-0.105
37.17846,9.56489,2022-10-16,1,29.8,16.1,0.0,55.3,0.178,-0.096
34.97915297567757,8.442151623998008,2020-05-06,0,35.2,23.2,0.0,47.2,0.166,-0.119
36.49991605726925,9.96778795996679,2021-07-14,0,30.2,22.7,0.0,54.7,0.192,-0.166
31.39868,10.01876,2022-09-16,1,38.0,16.9,0.0,43.0,0.06,-0.106
36.28685,8.62595,2018-04-06,1,25.8,10.2,0.0,61.3,0.358,-0.087
36.44724225222525,8.462274773385676,2016-08-01,0,38.9,19.5,0.6,41.650000000000006,0.181,-0.18
34.60678,10.58686,2023-07-31,1,34.7,18.9,0.0,47.95,0.08,-0.089
31.40499,9.852,2019-09-20,1,38.0,28.5,0.0,43.0,0.076,-0.14
35.89557969246928,9.09953795255381,2016-08-11,0,25.0,16.4,0.0,62.5,0.155,-0.083
37.08854946240741,10.011335694741565,2018-06-14,0,25.8,40.6,0.2,61.3,0.232,-0.131
35.177155118355465,8.91011094266168,2020-05-01,0,28.2,9.4,0.0,57.7,0.238,-0.084
31.65095,9.17137,2024-10-11,1,36.5,29.7,0.0,45.25,0.053,-0.13
31.64821,9.17283,2024-12-01,1,19.0,10.8,0.0,71.5,0.07,-0.13
34.86452834240343,8.642249777653673,2017-07-20,0,38.4,28.6,0.0,42.400000000000006,0.111,-0.141
35.04804964486152,8.869801748540723,2019-05-12,0,21.8,38.5,0.0,67.3,0.2,-0.115
35.52765800915027,9.262292563720948,2024-06-05,0,30.9,12.2,0.0,53.650000000000006,0.083,-0.101
36.53066,10.82367,2021-01-20,1,16.5,23.3,0.0,75.25,0.565,0.145
31.40305,9.85417,2021-12-28,1,19.3,18.0,0.0,71.05,0.074,-0.098
31.6497,9.17251,2023-10-08,1,27.7,17.7,0.0,58.45,0.068,-0.123
36.45010090304088,10.524125956322006,2025-06-09,0,32.8,16.4,0.0,50.8,0.267,-0.024
36.49947,10.02778,2017-01-20,1,14.3,33.7,1.3,78.55,0.25,0.05
31.70679,9.24407,2021-03-15,1,21.1,13.7,0.0,68.35,0.073,-0.089
31.00426,10.06078,2021-08-03,1,41.0,30.6,0.0,38.5,0.082,-0.104
35.41524005309268,8.791468099025144,2023-07-16,0,38.9,18.5,0.0,41.650000000000006,0.145,-0.113
31.40233,9.85295,2019-05-13,1,24.7,38.0,0.0,62.95,0.093,-0.109
37.225561095688775,9.673888979505945,2018-07-02,0,29.9,16.1,0.0,55.150000000000006,0.204,-0.142
35.056344165294895,8.996019266369524,2017-09-25,0,29.4,12.1,0.0,55.900000000000006,0.101,-0.137
36.98698964977372,11.053802845005558,2018-08-01,0,29.8,14.1,0.0,55.3,0.35,-0.109
36.11393297066192,10.110365062545814,2021-06-21,0,42.5,27.4,0.0,36.25,0.175,-0.12
31.40382,9.85879,2021-07-14,1,41.0,31.4,0.0,38.5,0.073,-0.129
36.83781,8.66302,2017-08-04,1,39.5,18.7,0.0,40.75,0.67,0.224
33.52942,9.6848,2022-10-27,1,27.8,11.0,0.0,58.3,0.074,-0.071
36.6364065125496,8.543204731517127,2021-08-15,0,35.8,16.6,0.0,46.3,0.188,-0.132
36.97916771492329,9.771589390701047,2022-10-01,0,25.8,22.8,0.0,61.3,0.068,-0.075
37.02098947686483,9.873078041402788,2022-05-26,0,26.2,24.1,1.9,60.7,0.151,-0.103
35.58792111087244,8.50265138276566,2023-05-25,0,17.1,15.2,7.6,74.35,0.073,-0.08
36.46828,8.78436,2017-07-31,1,44.2,22.9,0.0,33.69999999999999,0.136,-0.109
37.16668364906281,10.00683257714098,2016-05-15,0,21.3,23.3,0.0,68.05,0.57,0.16
36.7753,10.20043,2023-03-29,1,22.7,14.8,0.0,65.95,0.08,-0.067
37.09267998420747,9.970676309856367,2022-10-08,0,32.5,16.8,0.2,51.25,0.137,-0.118
36.4134675376548,8.730044109734347,2024-09-09,0,29.1,18.6,19.4,56.35,0.102,-0.138
31.40411,9.85322,2016-04-03,1,24.3,19.8,0.0,63.55,0.088,-0.094
37.09126500038416,9.083144153052531,2025-06-13,0,31.6,20.3,0.0,52.6,0.425,0.131
31.48444,9.53916,2018-06-09,1,38.2,32.6,0.0,42.7,0.075,-0.114
36.89759704831959,8.838087266156304,2018-05-20,0,19.3,11.4,0.1,71.05,0.451,0.114
36.47435412914283,8.811351838260116,2021-09-18,0,38.3,22.3,0.0,42.55,0.132,-0.186
35.306575425950086,8.787281746252885,2018-08-24,0,24.9,13.9,0.0,62.650000000000006,0.294,-0.11
34.7327851441205,8.41609854536866,2016-06-26,0,35.6,13.3,0.2,46.6,0.25,0.05
31.64913,9.17197,2021-08-30,1,40.8,23.3,0.0,38.8,0.071,-0.159
37.1458561331557,9.271196158764935,2021-08-05,0,30.8,14.9,0.0,53.8,0.24,-0.122
35.77522,9.88976,2016-11-28,1,19.5,7.1,0.0,70.75,0.118,-0.171
36.47469169247338,8.63510345719151,2020-09-27,0,28.0,28.7,0.0,58.0,0.178,-0.176
36.81508590432115,9.45382992417501,2016-05-26,0,40.5,13.0,0.0,39.25,0.25,0.05
31.48537,9.54318,2018-02-22,1,22.5,40.7,0.0,66.25,0.078,-0.101
33.3644,8.54628,2018-11-07,1,22.7,11.9,0.0,65.95,0.072,-0.016
36.55254943389068,9.845877776947567,2017-05-05,0,35.2,21.1,0.9,47.2,0.256,-0.08
35.41842940267518,9.0665042564725,2019-09-22,0,29.2,18.3,0.0,56.2,0.146,-0.193
36.27245516619448,10.085447181822731,2022-07-20,0,35.5,19.8,0.0,46.75,0.068,-0.159
31.49413,9.49254,2019-04-13,1,21.8,15.8,0.0,67.3,0.083,-0.09
36.3658199288866,9.107605340968538,2020-06-06,0,27.6,15.7,0.0,58.6,0.258,-0.085
37.09280711143469,9.103645096331674,2021-07-02,0,32.5,12.2,0.0,51.25,0.609,0.172
36.15798,10.28564,2022-04-07,1,20.2,30.8,0.1,69.7,0.25,0.05
35.9996,9.63357,2017-07-03,1,25.4,25.7,0.1,61.900000000000006,0.203,-0.111
35.23166526193184,8.720572954905078,2022-10-09,0,26.1,19.2,1.8,60.85,0.13,-0.168
36.50380506349408,10.605911471223768,2023-06-05,0,24.3,19.0,2.6,63.55,0.25,0.05
36.36936530097551,10.180926292830012,2023-07-12,0,38.6,18.2,0.0,42.1,0.164,-0.08
36.22028,10.25685,2018-06-09,1,32.0,17.1,0.0,52.0,0.227,-0.119
31.70543,9.24285,2022-06-15,1,36.2,24.4,0.0,45.7,0.057,-0.096
35.07197232071678,8.429129270843998,2017-06-13,0,27.2,12.9,0.0,59.2,0.123,-0.11
36.96059427515732,9.72193755009372,2022-10-25,0,31.7,12.3,0.0,52.45,0.113,-0.14
35.85066,8.59074,2021-07-30,1,41.6,17.6,0.0,37.6,0.075,-0.14
31.70231,9.24268,2025-12-03,1,18.1,20.2,0.0,72.85,0.071,-0.066
34.74180226997528,8.488454930973084,2019-05-01,0,20.9,20.8,0.2,68.65,0.169,-0.085
31.32217,9.92919,2020-08-29,1,38.3,20.3,0.0,42.55,0.078,-0.119
35.42131554474254,9.04804616751328,2022-06-27,0,40.2,20.9,0.0,39.7,0.097,-0.108
36.67862,9.92026,2020-01-17,1,14.0,13.7,0.0,79.0,0.209,0.08
35.24117523353452,8.987284914546702,2017-10-01,0,25.6,20.8,1.4,61.6,0.129,-0.138
36.40506001759418,10.43731510528142,2017-10-07,0,22.9,25.0,0.1,65.65,0.179,-0.172
37.13832779807356,9.32893985628725,2018-08-27,0,25.3,17.1,0.0,62.05,0.291,0.054
36.44367731296841,8.937498327473698,2024-06-16,0,32.0,25.6,0.2,52.0,0.138,-0.119
37.206569684600645,9.786294451043156,2018-06-22,0,29.0,16.9,0.0,56.5,0.011,0.179
35.52344036456401,8.495379671034112,2018-06-04,0,28.5,17.7,1.2,57.25,0.14,-0.155
36.96008723163561,9.903633217802334,2018-07-15,0,37.8,17.7,0.0,43.3,0.17,-0.115
33.47988,11.10846,2020-04-01,1,26.3,23.6,0.0,60.55,0.068,-0.018
36.59065,10.31857,2016-01-31,1,17.2,20.0,0.0,74.2,0.25,0.05
31.40328,9.85183,2016-08-25,1,31.1,24.7,0.0,53.35,0.081,-0.123
36.21791053734714,9.580966877959934,2022-09-11,0,33.9,16.1,0.0,49.150000000000006,0.093,-0.124
36.5022,10.02762,2024-02-08,1,20.5,17.6,0.0,69.25,0.067,-0.114
37.19051466979097,9.50748625220386,2018-09-18,0,32.1,13.7,0.0,51.85,0.541,0.082
37.02833748258241,9.7211627790279,2022-09-04,0,39.6,18.1,0.0,40.6,0.029,0.045
37.13689,9.81807,2020-06-24,1,34.0,22.0,0.0,49.0,0.096,-0.043
36.48659761174054,8.885065715961936,2020-07-05,0,30.5,17.5,0.0,54.25,0.354,-0.002
35.32148683002127,8.840922162393367,2017-09-02,0,33.2,15.9,2.8,50.2,0.236,-0.203
33.38072,8.45012,2019-04-18,1,33.0,34.2,0.0,50.5,0.078,-0.001
36.64366265790984,8.865888676555855,2018-09-12,0,34.6,11.6,0.0,48.1,0.17,-0.198
36.60508434944141,9.025322988748378,2024-08-15,0,39.0,25.6,1.5,41.5,0.131,-0.128
32.02443,9.54203,2016-08-17,1,37.5,16.0,0.0,43.75,0.062,-0.147
35.542967040100415,8.482247146061782,2017-05-19,0,27.7,19.2,0.5,58.45,0.245,-0.128
35.132208389191135,8.522794316094148,2023-07-19,0,38.9,18.2,0.0,41.650000000000006,0.122,-0.145
36.91490927308649,9.601200827237289,2023-08-17,0,38.0,16.2,0.0,43.0,0.114,-0.121
34.75972137006518,8.299498489148998,2018-09-14,0,28.6,24.3,0.8,57.1,0.139,-0.112
35.35814319566609,8.359759383528404,2024-07-11,0,37.0,16.2,0.0,44.5,0.094,-0.108
36.39747,9.18752,2025-09-14,1,33.5,14.9,0.0,49.75,0.117,-0.179
37.11035139268195,9.972893713874123,2021-05-27,0,26.5,14.3,0.0,60.25,0.54,0.151
35.483798784932475,9.254063876199911,2025-06-01,0,29.3,15.3,0.0,56.05,0.169,-0.049
31.70526,9.24319,2021-03-20,1,31.0,58.6,0.0,53.5,0.072,-0.102
33.53146,9.6847,2022-04-19,1,26.2,29.8,0.0,60.7,0.068,-0.079
35.46920538539834,9.305097870851917,2020-10-14,0,23.9,22.4,0.0,64.15,0.24,-0.085
35.84805,8.59167,2022-11-12,1,20.5,9.3,0.0,69.25,0.071,-0.095
31.40643,9.85359,2023-05-03,1,28.4,24.7,0.0,57.400000000000006,0.071,-0.064
36.79922357594597,8.917407146850941,2024-06-06,0,28.8,10.2,0.0,56.8,0.298,0.027
31.65096,10.24291,2016-01-23,1,14.8,18.4,0.0,77.8,0.112,-0.107
34.86089679760856,8.47734759414545,2024-07-05,0,32.9,23.7,0.0,50.650000000000006,0.112,-0.1
36.09117462113422,9.93918327827976,2020-10-23,0,28.4,12.6,0.0,57.400000000000006,0.134,-0.19
36.11479752843805,9.389034827037742,2025-07-03,0,36.1,17.3,0.1,45.85,0.111,-0.123
36.31140618410127,10.359002064674954,2024-06-07,0,30.3,13.6,0.0,54.55,0.216,-0.063
36.67701,9.92101,2022-11-15,1,26.0,10.0,0.0,61.0,0.085,-0.068
36.07282560163156,10.003680051055566,2020-07-16,0,34.8,17.3,0.0,47.8,0.204,-0.143
35.43037645348832,8.77202503266844,2016-10-10,0,23.9,12.3,8.5,64.15,0.25,0.05
37.27717137013914,9.761446343329812,2021-10-04,0,33.1,25.5,0.0,50.35,0.106,-0.11
33.91982,10.03675,2023-08-20,1,33.2,22.4,0.0,50.2,0.059,-0.077
36.92091068998771,10.981961726110905,2021-09-18,0,33.7,23.1,0.0,49.45,0.15,-0.242
35.35686314752767,8.613490460669961,2019-08-05,0,38.3,13.6,0.0,42.55,0.183,-0.098
36.87303111615621,10.697351990580554,2025-05-24,0,20.9,26.4,0.2,68.65,0.368,0.067
36.89552447339317,9.509407595950671,2019-06-08,0,36.6,17.3,0.0,45.1,0.298,-0.12
36.23041185350002,9.42466657661652,2017-07-21,0,39.8,20.3,2.3,40.3,0.125,-0.131
36.77508621796468,8.58629576189789,2023-09-27,0,26.3,17.2,0.0,60.55,0.228,-0.057
36.87774504418352,9.609312763228006,2016-05-25,0,36.1,15.0,0.0,45.85,0.25,0.05
35.12903429618762,8.61891390601328,2024-10-07,0,25.9,17.6,0.0,61.150000000000006,0.117,-0.132
36.59275,10.31796,2024-11-02,1,24.1,15.6,0.0,63.85,0.25,0.05
36.60293063539504,10.3690075678665,2023-10-26,0,26.4,15.2,0.0,60.400000000000006,0.281,0.018
31.48622,9.54046,2019-01-15,1,13.8,18.4,0.0,79.3,0.078,-0.099
36.3828096312665,10.122461473231402,2016-05-08,0,19.6,15.0,0.1,70.6,0.619,0.157
35.46491,8.64901,2017-07-08,1,33.4,13.2,0.0,49.900000000000006,0.44,-0.001
36.17717387855404,9.08715086713443,2020-05-16,0,33.3,17.0,0.0,50.05,0.278,-0.061
35.60571810158738,9.13061173475738,2018-08-03,0,35.1,15.9,0.0,47.35,0.089,-0.176
35.20616,11.10356,2024-06-17,1,30.6,14.3,0.0,54.1,0.131,-0.064
31.48272,9.54216,2017-09-14,1,35.0,21.3,0.0,47.5,0.074,-0.103
35.582204552445944,9.380550693368232,2017-09-02,0,33.2,17.7,0.5,50.2,0.075,-0.13
35.60821092376391,8.803258493657802,2024-06-06,0,31.4,18.2,0.0,52.900000000000006,0.083,-0.111
35.06479692928412,9.294833720620073,2017-05-25,0,33.8,17.3,0.0,49.3,0.15,-0.148
36.31182333647176,9.560352838279604,2024-10-19,0,19.9,25.0,1.1,70.15,0.086,-0.129
35.18381,8.63573,2021-06-22,1,36.2,23.4,0.0,45.7,0.138,-0.177
35.42159,9.23336,2021-07-04,1,40.3,17.4,0.0,39.55,0.187,-0.162
37.183303820164696,9.234875376246825,2024-09-19,0,24.3,12.1,1.8,63.55,0.284,0.052
36.9795470399195,10.908110357458902,2025-10-21,0,25.7,22.5,0.0,61.45,0.364,0.129
33.36263,8.54342,2022-11-08,1,24.4,15.3,0.0,63.400000000000006,0.051,-0.01
36.931629517265485,8.721280435273274,2019-08-26,0,30.6,13.8,0.5,54.1,0.693,0.169
36.3334623430109,8.995816280788699,2022-06-17,0,37.9,19.8,0.0,43.150000000000006,0.129,-0.065
36.57431,9.61033,2022-06-27,1,45.6,23.7,0.0,31.599999999999994,0.132,-0.104
35.391040959950594,8.496516656743283,2018-07-01,0,41.2,23.6,0.0,38.2,0.114,-0.181
36.28170723148035,9.136819999160306,2024-09-04,0,39.4,21.6,1.4,40.900000000000006,0.114,-0.141
35.64412453125211,8.683667766712693,2024-06-26,0,34.9,15.8,0.0,47.650000000000006,0.088,-0.124
36.02221059975823,9.44330820069006,2025-10-08,0,25.0,9.2,0.0,62.5,0.105,-0.162
35.77648,9.88952,2025-11-29,1,18.5,18.9,0.2,72.25,0.048,-0.112
36.04767238307905,9.437560193899898,2022-07-10,0,32.0,14.1,0.0,52.0,0.106,-0.08
35.167914216922334,8.753851233864747,2016-06-19,0,24.9,23.0,0.3,62.650000000000006,0.108,-0.144
35.005280932357124,9.060760900645308,2024-08-04,0,36.0,17.9,0.0,46.0,0.078,-0.116
35.3080949572919,8.984564738283854,2017-06-22,0,31.4,14.4,2.9,52.900000000000006,0.153,-0.144
36.77482,10.19956,2018-06-05,1,28.1,17.4,0.0,57.85,0.103,-0.101
34.99505195476342,8.807920785771428,2024-06-22,0,34.5,15.3,0.0,48.25,0.089,-0.102
36.60051305606458,10.664296735289907,2024-08-22,0,32.1,19.9,0.0,51.85,0.239,-0.067
34.90791994664061,8.842885185178206,2016-06-27,0,34.9,15.7,0.0,47.650000000000006,0.25,0.05
35.29680762172523,9.057530491515896,2018-05-19,0,22.3,14.2,0.4,66.55,0.314,-0.044
36.81766674454286,8.857403953737572,2020-07-15,0,24.0,13.9,6.5,64.0,0.746,0.216
36.174155107771945,9.8496014958907,2019-07-12,0,33.8,14.5,0.0,49.3,0.355,-0.024
34.945229822008294,8.693027425809769,2021-07-25,0,36.8,21.4,0.0,44.8,0.102,-0.152
35.906217476546686,9.460590305043414,2017-05-07,0,23.9,20.8,0.0,64.15,0.398,0.02
37.18009732126625,9.522355101588852,2016-08-22,0,27.6,26.6,0.0,58.6,0.148,0.058
36.50343,10.02708,2016-10-16,1,26.4,11.0,0.0,60.400000000000006,0.09,-0.081
35.31410737024177,8.801908878387191,2019-08-16,0,29.6,13.0,0.0,55.6,0.263,-0.099
31.00264,10.05983,2021-07-26,1,37.8,25.6,0.0,43.3,0.083,-0.096
36.51864956264896,10.035350456994449,2022-06-06,0,37.5,15.6,0.0,43.75,0.316,0.017
36.48419058605072,8.25232205995369,2021-10-25,0,14.7,21.0,21.0,77.95,0.25,0.05
36.92331044769226,9.961422167245594,2016-07-06,0,32.7,22.3,0.0,50.95,0.133,-0.181
36.585826412893226,10.09397617299246,2016-09-17,0,29.7,12.7,0.0,55.45,0.217,-0.149
31.40002,10.02277,2019-04-30,1,29.7,23.8,0.0,55.45,0.097,-0.128
31.00339,10.06237,2021-04-10,1,27.6,37.0,0.0,58.6,0.073,-0.124
36.28833426183986,9.33604885220118,2021-05-01,0,27.3,16.7,5.2,59.05,0.481,0.093
35.7752,9.88997,2025-01-14,1,12.8,27.5,3.8,80.8,0.061,-0.118
36.10183932553657,9.39769114054944,2022-07-22,0,37.5,23.9,0.0,43.75,0.08,-0.116
36.17252154190111,10.204138027585822,2019-08-19,0,34.1,21.2,0.0,48.85,0.088,-0.094
35.02334033949224,8.702455007690594,2018-06-16,0,28.8,19.2,0.0,56.8,0.11,-0.126
35.43821933526653,9.129644238446764,2020-06-17,0,32.0,17.6,0.0,52.0,0.25,-0.095
36.25513,8.8432,2022-08-25,1,32.4,12.8,0.0,51.400000000000006,0.109,-0.052
37.037679577237874,9.689270800418756,2017-08-23,0,33.1,16.6,0.0,50.35,0.116,-0.122
36.46192949081139,10.363253622952849,2022-10-12,0,28.1,14.8,7.3,57.85,0.155,-0.033
36.10061822812828,9.498048709721278,2022-08-06,0,30.7,20.8,1.2,53.95,0.095,-0.182
35.243797763550006,8.433096111459689,2021-07-06,0,39.7,23.3,0.0,40.45,0.137,-0.141
36.52407611182549,8.663081719123506,2017-05-15,0,27.9,20.2,0.0,58.150000000000006,0.376,-0.085
31.00602,10.05985,2025-11-04,1,26.0,23.0,0.0,61.0,0.054,-0.101
35.83141185045612,9.025470873566004,2017-06-14,0,33.0,14.8,0.0,50.5,0.139,-0.097
34.803076820510555,8.70544008259001,2021-07-19,0,34.4,29.8,0.0,48.400000000000006,0.12,-0.154
36.15776,10.28372,2016-10-12,1,25.5,14.7,0.0,61.75,0.091,-0.159
36.28883,8.79532,2017-08-28,1,38.1,16.6,0.0,42.85,0.217,-0.138
35.76482704292936,8.70467584367035,2025-10-14,0,27.7,20.5,0.0,58.45,0.25,0.05
36.41810486648805,9.830570394651298,2025-05-19,0,34.9,14.8,0.1,47.650000000000006,0.15,-0.093
36.158749555637584,10.123010436790098,2019-09-22,0,31.6,25.2,0.1,52.6,0.317,-0.099
37.04604488829527,10.974931312714144,2016-10-08,0,25.6,10.7,0.0,61.6,0.13,-0.05
36.8281252531445,9.4139030770164,2022-07-26,0,39.5,16.1,0.0,40.75,0.121,-0.109
35.467918714224695,9.2212410232398,2025-08-20,0,39.8,22.4,0.0,40.3,0.297,0.027
36.97568322851807,8.8875843138868,2018-05-04,0,16.0,30.9,9.3,76.0,0.464,0.061
36.09659318164841,9.5281595266588,2017-08-14,0,35.8,14.8,0.1,46.3,0.096,-0.171
37.1893,9.32058,2017-08-04,1,39.0,20.0,0.0,41.5,0.562,0.049
36.84067,9.49859,2018-09-23,1,27.7,19.1,0.0,58.45,0.116,-0.193
36.32185,8.45171,2021-07-26,1,40.2,18.4,0.0,39.7,0.415,-0.033
35.631676930550086,8.48632062059183,2017-05-21,0,24.8,16.7,0.0,62.8,0.259,-0.06
36.159239446020734,9.605534456928458,2016-07-05,0,38.6,10.6,2.8,42.1,0.142,-0.159
35.56105532932065,9.244743029577192,2021-07-24,0,38.0,13.3,0.0,43.0,0.113,-0.149
31.64822,9.17087,2021-09-15,1,35.5,19.2,0.0,46.75,0.082,-0.152
36.04064,9.20443,2020-08-01,1,37.2,18.3,0.0,44.2,0.147,-0.187
33.89096,9.78359,2020-09-17,1,34.2,24.3,0.0,48.7,0.281,0.018
31.40157,10.01825,2017-02-27,1,17.2,19.8,0.0,74.2,0.078,-0.104
36.49416494193803,10.618055599253276,2018-07-18,0,34.4,12.9,0.0,48.400000000000006,0.257,-0.126
36.40882929813978,10.033104468099271,2017-07-26,0,31.8,24.4,0.0,52.3,0.115,-0.102
35.453042622316694,8.641770316214009,2022-09-19,0,31.9,22.3,0.2,52.150000000000006,0.286,0.039
36.59132,10.31709,2024-10-13,1,31.4,14.3,0.0,52.900000000000006,0.028,-0.152
36.88747,9.69771,2019-08-27,1,38.2,14.8,0.0,42.7,0.146,-0.216
35.77443,9.88828,2024-11-22,1,23.7,14.8,0.0,64.45,0.062,-0.123
34.7889642728319,8.464091373504257,2019-05-12,0,26.8,39.4,0.1,59.8,0.146,-0.116
36.51634347407548,8.56319078577428,2023-05-04,0,25.9,14.1,0.0,61.150000000000006,0.169,-0.109
36.58153356251635,10.54645636371471,2017-07-07,0,34.9,14.5,0.0,47.650000000000006,0.154,-0.151
36.66748370483079,8.745871929185249,2023-09-12,0,35.6,7.9,0.0,46.6,0.422,0.153
35.597453750116095,9.177544930652642,2019-09-01,0,25.1,18.1,3.2,62.35,0.123,-0.169
36.30956083273928,10.26651579309124,2017-05-05,0,35.4,13.0,0.0,46.900000000000006,0.248,-0.065
36.95737768256735,11.013591311522838,2016-07-06,0,27.2,21.5,0.0,59.2,0.25,0.05
36.7466,8.62793,2017-07-31,1,41.2,23.2,0.0,38.2,0.787,0.263
36.60691420397466,8.72473253158104,2017-07-01,0,26.3,20.3,0.0,60.55,0.186,-0.128
36.309555292069945,9.834173386022051,2024-08-04,0,34.4,26.0,0.0,48.400000000000006,0.102,-0.119
33.36546,8.54797,2023-01-11,1,18.1,11.9,0.0,72.85,0.065,-0.018
31.64935,9.17237,2024-05-10,1,25.3,16.5,0.0,62.05,0.078,-0.112
31.4004,10.02162,2017-04-13,1,21.9,20.1,0.1,67.15,0.096,-0.117
36.37741545431309,9.34704126194665,2023-10-05,0,29.3,17.6,0.0,56.05,0.209,-0.052
35.536605747173525,8.910027320238918,2020-09-23,0,29.4,28.2,1.5,55.900000000000006,0.142,-0.19
36.67791,9.9211,2024-03-28,1,26.3,17.7,0.0,60.55,0.259,0.108
36.54885164387549,8.832417002920229,2020-09-07,0,32.9,15.2,0.0,50.650000000000006,0.117,-0.152
37.15195159020211,9.356849612816072,2016-07-02,0,31.4,14.9,0.0,52.900000000000006,0.246,-0.193
37.01778606521388,9.63984997707918,2021-10-27,0,20.7,13.3,0.1,68.95,0.25,0.05
35.36541013307686,9.148736604549946,2025-06-01,0,27.6,14.8,0.0,58.6,0.099,-0.095
35.88120843063159,9.46382975899078,2021-05-15,0,25.1,22.3,0.0,62.35,0.307,-0.032
35.60767570921051,9.209280693134836,2020-08-21,0,35.9,11.5,0.0,46.150000000000006,0.219,-0.113
34.878711028715635,8.63519801679421,2021-06-21,0,39.9,38.6,0.0,40.150000000000006,0.104,-0.161
36.86902,8.85608,2020-05-09,1,26.1,15.2,0.1,60.85,0.817,0.359
35.33849991608855,8.93697933556282,2021-08-01,0,39.2,20.9,0.0,41.2,0.22,-0.145
36.85678177603755,11.097900036615762,2017-09-24,0,29.0,18.0,0.7,56.5,0.156,-0.132
34.948265681203296,8.330861774993405,2025-05-10,0,24.8,24.4,0.0,62.8,0.045,0.041
36.04334106391088,9.16981548485782,2024-07-04,0,28.0,23.3,0.0,58.0,0.103,-0.102
36.804318637314886,8.867410554577422,2023-08-26,0,35.3,12.4,0.0,47.05,0.53,0.228
37.12941269590746,9.787038112056443,2020-07-19,0,29.6,19.2,0.0,55.6,0.196,-0.204
36.30741720679308,9.594631404057916,2021-05-07,0,22.1,15.4,1.7,66.85,0.393,0.006
36.93600516404684,9.61379579784774,2019-05-15,0,22.6,19.0,0.0,66.1,0.35,0.159
36.262711360932094,9.538091404226176,2022-05-21,0,30.9,20.5,0.0,53.650000000000006,0.167,-0.048
37.17182026316041,10.243331558267482,2019-10-21,0,26.8,21.2,0.0,59.8,0.483,0.04
36.53974,9.11826,2022-09-15,1,38.9,22.7,0.1,41.650000000000006,0.112,-0.121
36.89967415885148,10.928042629370722,2018-07-15,0,31.0,21.7,0.0,53.5,0.153,-0.197
36.29761,8.49183,2022-07-03,1,37.3,13.8,0.2,44.05,0.25,0.05
34.662832660718465,8.589389199925977,2020-08-20,0,39.4,19.7,0.0,40.900000000000006,0.099,-0.132
37.27544088681494,9.71483717210334,2025-09-11,0,28.2,20.8,0.0,57.7,0.044,-0.021
31.64875,9.1686,2023-07-01,1,43.9,26.6,0.0,34.150000000000006,0.067,-0.098
36.62714163602999,8.726891311618354,2024-07-11,0,37.2,7.6,0.0,44.2,0.25,0.05
36.51658888738385,10.560344334060972,2023-07-08,0,36.8,16.2,0.0,44.8,0.157,-0.094
35.1820794251467,8.690841825742257,2021-07-16,0,30.7,14.8,0.0,53.95,0.155,-0.145
36.58953,10.31552,2021-01-22,1,18.5,16.5,0.0,72.25,0.317,-0.012
36.627567631177286,10.482917145502938,2022-10-07,0,29.1,16.5,0.0,56.35,0.323,-0.017
35.67830420327009,8.838814977884129,2025-07-12,0,35.1,22.1,0.1,47.35,0.091,-0.105
36.01757,9.6687,2018-07-17,1,34.3,19.8,0.0,48.55,0.227,-0.133
36.41785022802941,9.666804252982985,2025-07-23,0,44.4,12.6,0.0,33.400000000000006,0.085,-0.125
37.23662056392091,9.995132456312806,2022-07-01,0,38.9,23.8,0.0,41.650000000000006,0.306,0.103
36.45842734990299,10.63988723800624,2018-08-11,0,31.4,11.9,0.0,52.900000000000006,0.312,-0.094
36.57832685261305,8.589736349629268,2016-08-20,0,38.0,14.4,0.0,43.0,0.203,-0.172
33.8743,9.99045,2017-05-02,1,21.4,31.0,0.0,67.9,0.25,0.05
35.564989664468825,9.064827372097325,2022-05-12,0,24.7,11.2,0.0,62.95,0.174,-0.009
36.5009,10.02641,2022-05-15,1,32.1,14.8,0.0,51.85,0.062,-0.134
35.1762726933358,9.0041622446426,2022-06-20,0,33.6,12.0,0.0,49.6,0.108,-0.144
36.57255,8.32962,2017-07-30,1,38.8,9.5,0.0,41.8,0.639,0.108
36.5879,10.31588,2018-06-21,1,30.3,15.8,0.0,54.55,0.18,-0.147
36.17323519820992,9.980000915221868,2025-07-05,0,35.9,15.8,0.1,46.150000000000006,0.216,-0.041
35.41296488093794,8.369546463190938,2021-07-26,0,36.8,15.8,0.0,44.8,0.101,-0.163
35.91044222841108,9.296628054850377,2023-06-08,0,27.9,16.3,7.6,58.150000000000006,0.057,-0.075
36.2474659978369,9.676135534506388,2025-08-13,0,33.4,14.3,0.0,49.900000000000006,0.152,-0.075
36.54283,8.25919,2017-08-02,1,38.1,11.1,0.0,42.85,0.597,0.119
36.83383,8.74079,2017-08-04,1,39.5,15.1,0.0,40.75,0.663,0.214
36.67665,9.92086,2022-10-24,1,33.9,15.3,0.0,49.150000000000006,0.087,-0.069
36.64274405853051,10.580961812026668,2017-05-18,0,28.3,19.0,0.0,57.55,0.509,0.102
31.40125,10.02204,2017-06-03,1,37.7,28.7,0.0,43.45,0.08,-0.121
35.81479454121059,9.462514952282074,2021-10-05,0,24.9,15.1,13.7,62.650000000000006,0.14,-0.171
36.36064682458938,10.018088784244886,2022-08-04,0,36.4,16.7,0.0,45.400000000000006,0.118,-0.103
35.28853,8.8701,2021-07-30,1,41.2,20.1,0.2,38.2,0.291,-0.106
36.79827,10.28089,2023-03-24,1,27.6,12.5,0.0,58.6,0.083,-0.041
37.07191507551702,9.1165610736413,2018-10-18,0,24.1,24.8,4.1,63.85,0.563,-0.06
37.08301611348037,10.015262417455707,2020-05-03,0,24.9,26.3,0.0,62.650000000000006,0.504,0.208
34.982892917246986,8.812209415262,2017-10-13,0,24.2,10.5,0.0,63.7,0.14,-0.144
36.4577900857343,9.763717134343672,2023-06-14,0,26.1,20.8,26.8,60.85,0.116,-0.125
37.15646536091965,9.942789236340133,2022-06-21,0,38.0,18.0,0.0,43.0,0.175,-0.109
36.71157496059018,8.559951663836479,2021-09-16,0,35.2,17.6,0.0,47.2,0.312,-0.082
35.14394872533006,8.710028789831712,2025-05-04,0,21.9,23.3,1.6,67.15,0.149,-0.017
36.50882510626905,8.831789501820296,2022-09-16,0,34.8,16.2,0.6,47.8,0.091,-0.146
36.61882533636502,10.60248493276874,2019-09-01,0,27.9,7.9,16.2,58.150000000000006,0.446,-0.017
36.83526051235595,10.707694653755844,2023-09-15,0,34.6,21.6,0.0,48.1,0.249,-0.04
32.28899,10.97387,2018-04-17,1,29.4,36.4,0.0,55.900000000000006,0.1,-0.084
36.29662773869597,9.18671582400998,2024-05-08,0,17.9,24.9,3.6,73.15,0.287,0.023
36.39326394556368,10.558782548365013,2017-09-23,0,27.1,16.1,0.0,59.35,0.238,-0.025
35.88200541292225,9.279961678144534,2020-07-02,0,35.9,21.0,0.0,46.150000000000006,0.187,-0.152
36.779908210243626,10.614823680711776,2017-05-05,0,31.5,20.8,0.0,52.75,0.409,-0.061
36.5591,8.28565,2017-08-02,1,36.8,11.1,0.0,44.8,0.658,0.153
36.623576475849234,10.400954248981172,2019-06-10,0,33.5,24.1,0.0,49.75,0.285,-0.102
36.98679218216035,9.45366633633028,2022-07-07,0,34.6,23.9,0.0,48.1,0.18,-0.049
36.56957928685518,9.969202902658049,2023-07-10,0,40.7,15.1,0.0,38.95,0.106,-0.109
35.181476786333306,8.78734899190925,2022-08-26,0,35.3,12.2,0.0,47.05,0.107,-0.101
35.56889279902489,9.270939987195572,2024-09-05,0,34.1,10.2,1.2,48.85,0.25,0.05
37.0380445120595,9.201172228757128,2021-09-12,0,27.2,14.5,0.0,59.2,0.631,0.153
36.11106887679889,9.832505583464116,2020-09-13,0,24.8,13.4,3.9,62.8,0.311,-0.07
34.84647,10.75098,2019-08-25,1,32.2,19.3,0.0,51.7,0.123,-0.176
35.44287983709071,8.96625673584888,2020-10-04,0,26.4,21.7,0.0,60.400000000000006,0.196,-0.081
35.367798145867404,8.774132026591694,2019-08-14,0,28.6,17.4,0.1,57.1,0.219,-0.147
35.00686837967015,8.68914246883474,2019-09-23,0,36.0,29.2,0.0,46.0,0.191,-0.105
36.77514,10.20208,2017-04-02,1,18.3,26.0,0.7,72.55,0.129,-0.099
35.34561562713885,8.583485788948371,2025-06-03,0,33.1,27.0,0.0,50.35,0.281,0.032
35.84446471124129,9.294504954459406,2023-09-20,0,32.5,19.5,0.0,51.25,0.119,-0.088
35.12330901663986,8.410899395491912,2018-06-04,0,29.9,19.5,0.0,55.150000000000006,0.136,-0.149
34.90152840020837,8.855020429620383,2020-05-13,0,35.9,40.3,0.0,46.150000000000006,0.13,-0.117
36.82219284989171,8.725455190008745,2019-08-08,0,33.2,14.3,0.0,50.2,0.616,0.137
37.19232652150131,9.186595370049105,2019-08-11,0,36.5,20.7,0.0,45.25,0.396,-0.032
36.43807104389594,9.839851212277264,2018-09-05,0,38.9,14.7,0.0,41.650000000000006,0.114,-0.198
36.66117904351461,8.619551598513434,2020-07-25,0,32.7,13.8,0.0,50.95,0.262,-0.142
36.17133,9.83028,2021-08-13,1,41.6,14.2,0.0,37.6,0.072,-0.114
36.15364,8.7943,2017-07-11,1,41.6,14.2,0.0,37.6,0.108,-0.079
35.7399459976628,8.638809692183651,2016-06-16,0,38.7,23.4,0.0,41.95,0.085,-0.167
31.65103,10.24009,2016-01-28,1,17.9,13.8,0.0,73.15,0.25,0.05
36.99857348972886,9.902906544599311,2023-08-22,0,33.9,18.8,0.0,49.150000000000006,0.113,-0.086
33.36389,8.54706,2022-11-26,1,21.4,31.0,0.0,67.9,0.046,-0.035
36.36470145503618,9.07503378489281,2020-09-16,0,29.5,20.2,0.0,55.75,0.419,-0.008
35.066817341624706,9.263709515646084,2021-07-14,0,34.1,20.0,0.0,48.85,0.111,-0.194
35.388695071744664,8.35945199501255,2025-09-25,0,25.1,22.0,2.9,62.35,0.075,-0.095
36.3725204552304,9.16408241717236,2025-07-14,0,38.5,14.8,0.3,42.25,0.137,-0.113
36.50199,10.02743,2019-12-22,1,19.2,39.3,0.0,71.2,0.137,-0.146
35.17495,9.25386,2022-07-13,1,35.3,16.5,0.0,47.05,0.118,-0.096
37.11912801503816,10.09938160356386,2025-05-04,0,25.0,14.2,4.0,62.5,0.351,0.077
35.15225913390855,8.604186295647521,2020-09-15,0,22.2,16.5,0.9,66.7,0.015,0.081
36.736930279715295,10.625414979003867,2017-09-19,0,24.6,24.2,0.3,63.1,0.194,-0.154
36.91373,9.3467,2020-08-24,1,28.6,23.3,0.0,57.1,0.122,-0.171
31.64826,9.16953,2024-08-16,1,41.4,32.7,0.0,37.900000000000006,0.062,-0.146
35.26935510483453,9.114872597971834,2020-09-24,0,33.8,14.5,0.0,49.3,0.093,-0.014
35.721918942026555,8.697938736520708,2020-09-12,0,23.8,16.5,1.4,64.3,0.126,-0.159
35.34018,8.90847,2021-07-05,1,36.8,15.5,0.0,44.8,0.184,-0.172
35.026819415899865,9.117870931341566,2017-09-12,0,32.2,17.4,0.0,51.7,0.02,-0.007
37.19718706280712,9.374426136999295,2021-09-16,0,37.0,20.6,0.0,44.5,-0.392,-0.464
34.806703845759706,8.602580048088594,2025-10-26,0,29.8,30.4,0.0,55.3,0.08,-0.115
37.21667696279959,10.065789905569234,2022-07-06,0,34.7,20.7,0.0,47.95,0.105,-0.131
34.92984415720422,8.964047543139513,2020-06-10,0,26.5,19.3,6.5,60.25,0.134,-0.166
35.08599,8.87755,2021-02-19,1,17.9,16.6,0.0,73.15,0.353,-0.095
36.2677220900455,9.331757857611263,2024-07-27,0,36.8,22.6,0.0,44.8,0.081,-0.123
36.34835694285159,9.162206525450582,2025-07-07,0,37.9,18.3,0.0,43.150000000000006,0.121,-0.098
36.17788368723552,10.176022587148507,2020-09-05,0,24.9,12.3,16.2,62.650000000000006,0.199,-0.137
36.71031043347481,10.653191864422148,2016-06-05,0,24.2,11.4,0.5,63.7,0.25,0.05
37.22793174982474,9.998127103523398,2020-05-03,0,22.4,26.7,0.0,66.4,0.766,0.271
36.80874068252099,10.61412291918208,2024-07-09,0,36.2,18.1,0.0,45.7,0.201,-0.053
36.47954472502607,8.447994472884044,2023-07-15,0,44.8,13.8,0.0,32.80000000000001,0.157,-0.116
36.53418,10.82408,2024-08-14,1,31.9,17.9,0.0,52.150000000000006,0.195,-0.066
36.09390007173185,9.88412968851791,2021-07-02,0,38.2,15.5,0.0,42.7,0.18,-0.112
33.97721,9.97939,2021-12-18,1,17.2,16.6,0.0,74.2,0.099,-0.062
34.872662887146454,8.730610874592491,2021-05-26,0,29.9,21.3,0.0,55.150000000000006,0.099,-0.125
36.11133966847273,9.78912346440216,2021-05-01,0,27.2,18.9,3.3,59.2,0.291,-0.026
35.03316536557713,8.439871578593134,2018-06-25,0,29.5,21.4,0.0,55.75,0.103,-0.165
36.50458911396408,8.81473974621181,2023-10-08,0,29.3,15.7,0.0,56.05,0.066,-0.163
37.01181655883958,9.898003106486472,2018-09-04,0,34.7,20.4,0.0,47.95,0.142,-0.156
33.36757,8.5488,2022-04-19,1,28.1,24.7,0.0,57.85,0.088,0.013
36.57130087984782,8.50892435308917,2016-07-06,0,27.0,16.8,0.0,59.5,0.25,0.05
34.98505787993816,8.886106501011433,2023-07-20,0,43.3,18.0,0.0,35.05000000000001,0.092,-0.108
36.988627741149394,9.296837607570994,2017-06-04,0,27.3,14.6,0.9,59.05,0.272,-0.054
36.90146352100757,10.844689468105294,2020-10-12,0,17.9,36.2,4.0,73.15,0.444,-0.034
33.53119,9.68574,2022-01-29,1,14.2,12.3,0.0,78.7,0.099,-0.08
36.14415909922784,9.1821459405958,2022-08-27,0,33.8,17.2,1.0,49.3,0.092,-0.114
36.50293341209658,8.448201780662576,2020-07-22,0,37.6,15.4,0.0,43.6,0.197,-0.137
35.6682415707072,9.176610689632044,2019-06-15,0,33.8,16.9,0.0,49.3,0.16,-0.107
35.09603654871799,8.499559856273915,2021-05-26,0,28.9,14.4,0.0,56.650000000000006,0.103,-0.149
35.35781,10.54937,2023-11-17,1,26.8,10.5,0.0,59.8,0.117,-0.125
35.35944,8.90908,2017-06-30,1,37.8,24.8,0.0,43.3,0.32,-0.095
36.49411773871935,8.555073511103185,2016-07-22,0,42.1,12.6,0.0,36.85,0.192,-0.123
35.37216926614676,9.115235955191448,2020-08-10,0,31.6,13.1,0.0,52.6,0.233,-0.09
35.5585389549179,8.805432163859741,2025-09-20,0,27.7,17.2,0.0,58.45,0.042,-0.038
35.69086367611649,8.889809555080998,2024-07-11,0,37.0,16.1,0.0,44.5,0.064,-0.109
37.162579962404045,9.506466157310058,2016-09-21,0,23.8,22.2,0.3,64.3,0.25,0.05
35.17921977348364,8.588603495580193,2017-06-17,0,32.9,20.2,0.2,50.650000000000006,0.289,-0.099
36.76311,8.6068,2017-08-01,1,42.0,25.3,0.0,37.0,0.554,0.077
36.4399904447918,8.641225485240088,2021-05-08,0,26.9,9.5,0.0,59.650000000000006,0.316,-0.119
36.20703144891198,9.956850363886485,2023-10-24,0,28.8,13.8,0.4,56.8,0.169,-0.092
31.69375,9.2031,2025-04-23,1,27.1,16.1,0.0,59.35,0.069,-0.094
36.26788222064741,10.193319800270295,2025-09-23,0,29.1,17.3,4.0,56.35,0.191,-0.08
36.46878532364486,9.965117472131457,2016-08-03,0,34.1,15.7,0.0,48.85,0.118,-0.271
36.15569823033097,10.146015752710664,2019-06-03,0,28.4,17.1,0.0,57.400000000000006,0.35,-0.037
35.70289287825062,8.860132853997502,2019-05-05,0,18.6,28.0,0.0,72.1,0.541,0.186
36.50706636175506,8.421267720647423,2019-10-01,0,32.4,9.8,0.0,51.400000000000006,0.416,-0.066
31.70338,9.24298,2022-10-23,1,27.4,13.6,0.0,58.900000000000006,0.058,-0.091
36.43640440075322,10.473870024344874,2021-05-12,0,23.9,22.2,0.0,64.15,0.262,-0.076
34.790257851523336,8.832774433308858,2019-07-07,0,40.2,19.2,0.0,39.7,0.111,-0.131
31.39822,10.02206,2022-05-03,1,29.0,24.5,0.0,56.5,0.063,-0.085
35.977779427217655,9.386487591064204,2018-09-09,0,30.2,13.5,0.0,54.7,0.116,-0.169
36.03961516090244,9.341726642353803,2018-09-26,0,20.9,22.6,6.6,68.65,-0.027,0.278
36.58890313838179,8.715996744778941,2020-05-26,0,28.6,13.8,0.0,57.1,0.332,-0.04
36.41541,9.46882,2017-11-24,1,19.9,8.0,0.0,70.15,0.25,0.05
36.55437342988185,8.549196792170212,2025-10-05,0,25.3,17.3,0.4,62.05,0.106,-0.119
36.50267,10.02456,2023-08-01,1,37.0,19.8,0.0,44.5,0.046,-0.12
35.434613182968995,9.04692297953852,2025-10-19,0,18.6,11.2,14.6,72.1,0.15,-0.076
31.48682,9.54036,2018-01-23,1,20.8,15.1,0.0,68.8,0.078,-0.101
36.70249,8.68222,2021-08-12,1,42.5,17.1,0.0,36.25,0.467,0.249
35.315208527936576,9.137628157763338,2020-08-13,0,36.8,9.6,0.0,44.8,0.281,-0.109
36.67887,9.92234,2025-04-04,1,22.6,19.2,0.0,66.1,0.253,0.068
37.27632,9.63235,2023-10-17,1,28.8,10.3,0.0,56.8,0.242,-0.082
36.3931719024729,8.443813222196347,2018-05-26,0,32.6,12.6,0.0,51.1,0.464,0.051
34.86971,9.69986,2017-08-14,1,35.7,17.8,0.0,46.45,0.088,-0.167
35.868325780677075,9.252405464538466,2021-09-07,0,26.2,16.3,0.0,60.7,0.096,-0.186
36.22746585925039,9.888088533528563,2016-08-10,0,34.4,13.2,1.8,48.400000000000006,0.348,-0.099
36.361551196308845,10.11772581871254,2025-05-20,0,28.1,18.7,0.7,57.85,0.379,0.066
35.20772,8.71029,2021-08-13,1,37.8,16.9,0.0,43.3,0.157,-0.169
37.06034438790579,9.132104120160866,2021-06-13,0,29.4,13.0,0.0,55.900000000000006,0.708,0.189
31.40589,9.85315,2017-01-09,1,12.8,23.7,0.0,80.8,0.086,-0.101
36.002606181738216,9.228836513839743,2016-05-17,0,23.6,11.9,1.3,64.6,0.25,0.05
36.59560663770901,10.349613961811045,2025-05-07,0,22.7,11.9,5.4,65.95,0.295,0.055
31.70389,9.24226,2020-07-02,1,43.9,23.5,0.0,34.150000000000006,0.067,-0.126
35.29750960871222,9.038913434259277,2021-08-13,0,41.8,16.5,0.0,37.3,0.128,-0.16
36.16402659402923,9.960313203741793,2019-07-19,0,33.6,15.0,0.0,49.6,0.275,-0.049
37.26659975721206,9.781505165278414,2017-09-24,0,25.2,20.5,0.3,62.2,0.118,-0.094
36.46332,9.15795,2022-09-11,1,33.3,13.5,0.0,50.05,0.146,-0.086
36.58987872627652,10.392883857171055,2024-09-05,0,32.4,19.1,1.2,51.400000000000006,0.25,0.05
37.10656184755445,9.512704041074125,2020-08-19,0,36.2,14.4,0.0,45.7,0.288,-0.107
31.7022,9.24126,2018-10-26,1,25.9,19.4,0.0,61.150000000000006,0.078,-0.092
36.1530623308578,10.168338030975374,2022-09-25,0,30.7,22.7,0.0,53.95,0.099,-0.138
36.96876763097879,9.843435448129467,2024-10-14,0,34.4,16.2,0.0,48.400000000000006,0.083,-0.141
35.668037096200685,9.082413862386977,2024-05-01,0,22.9,18.0,0.0,65.65,0.285,0.039
35.6803501044775,8.818566639893241,2019-06-01,0,20.5,16.6,0.0,69.25,0.25,0.05
36.572773162700784,10.7258476039142,2025-07-22,0,34.9,22.5,0.0,47.650000000000006,0.265,-0.034
36.53704504428502,8.512660198492757,2023-05-15,0,13.8,24.3,19.6,79.3,0.373,0.072
36.934191116032686,9.732956259863055,2019-10-25,0,19.4,22.4,0.9,70.9,0.61,0.128
36.53046396131702,8.324953112353151,2016-06-04,0,25.2,10.1,1.1,62.2,0.488,0.232
35.052451007244095,9.074072205454256,2020-09-05,0,20.1,11.2,22.0,69.85,0.09,-0.095
35.27652718295657,8.422845353604968,2021-05-24,0,29.5,20.0,0.3,55.75,0.17,-0.149
35.078678149922816,9.077834296780935,2021-10-24,0,22.4,16.7,1.8,66.4,0.138,-0.138
35.17491,9.01455,2020-08-30,1,37.6,15.3,0.0,43.6,0.21,-0.14
36.18102494148482,9.94913977657998,2025-07-02,0,37.1,20.9,0.1,44.35,0.153,-0.08
36.28218684692366,9.78867306859011,2017-09-06,0,32.4,13.2,0.1,51.400000000000006,0.096,-0.106
35.666544441510695,9.248353152901018,2021-07-27,0,34.2,16.3,0.0,48.7,0.102,-0.156
36.96636541987691,9.217270305744618,2023-09-11,0,34.1,18.9,0.0,48.85,0.137,-0.094
37.17478486553112,9.526273893308865,2025-09-20,0,31.6,18.1,0.0,52.6,0.373,0.072
34.77296271128859,8.682977315092788,2019-08-23,0,31.1,13.8,0.8,53.35,0.072,-0.147
36.478293491769165,8.875048022444147,2019-08-14,0,30.4,22.5,0.4,54.400000000000006,0.355,-0.009
35.341579480550585,8.788782426861776,2024-07-17,0,38.4,20.0,0.0,42.400000000000006,0.131,-0.113
35.69427301922517,9.105824782217402,2019-06-15,0,33.8,16.9,0.0,49.3,0.235,-0.073
35.27080791905948,8.42303633277789,2018-07-02,0,40.1,22.1,0.0,39.85,0.187,-0.138
36.84362118866204,10.788274155214784,2025-09-09,0,34.0,16.7,0.1,49.0,0.328,0.01
36.65013954619636,10.513446948881578,2024-07-02,0,29.7,32.6,0.0,55.45,0.152,-0.097
35.31444173801837,8.377235263376862,2017-10-27,0,23.2,13.4,0.0,65.2,0.455,-0.009
35.77705,9.88889,2025-10-24,1,30.3,16.4,0.0,54.55,0.042,-0.136
36.59087614704991,8.779257056610685,2022-08-23,0,28.8,23.2,0.0,56.8,0.12,-0.023
35.238182596525114,8.48042378230072,2020-05-16,0,31.6,28.8,0.0,52.6,0.407,0.04
31.6487,9.17208,2024-08-14,1,41.6,19.9,0.0,37.6,0.064,-0.165
37.03960284891039,9.340516761143796,2020-10-21,0,26.6,21.0,0.0,60.1,0.167,-0.252
35.26712606920216,8.809967292735653,2023-09-20,0,32.2,15.1,0.0,51.7,0.098,-0.135
36.24052321636129,9.47564321053827,2019-06-08,0,35.6,23.4,0.0,46.6,0.176,-0.123
37.10687181225235,9.933469266667318,2018-05-12,0,23.5,11.6,0.9,64.75,0.074,0.091
35.50222770563425,9.297643465182238,2023-09-06,0,30.0,15.8,0.0,55.0,0.066,-0.113
34.978192299181366,8.39203858735355,2022-10-15,0,25.4,13.0,0.0,61.900000000000006,0.103,-0.129
31.40486,9.85627,2019-02-28,1,15.3,23.9,0.0,77.05,0.09,-0.067
33.87333,9.99026,2025-05-30,1,27.1,21.0,0.0,59.35,0.045,-0.077
36.41795892958439,10.039142491419828,2018-07-14,0,42.0,21.3,0.0,37.0,0.107,-0.221
36.45746990793084,10.562532584231564,2022-07-07,0,38.1,17.6,0.2,42.85,0.118,-0.137
36.94868560202446,9.568096690829464,2025-07-26,0,29.0,25.9,0.2,56.5,0.176,-0.068
35.1466168843417,9.171780663677277,2017-08-24,0,32.7,13.9,0.0,50.95,0.138,-0.111
35.93973596699027,9.505396517070649,2022-08-05,0,34.6,11.4,0.0,48.1,0.196,-0.044
36.2431063298257,10.285981100085808,2017-06-12,0,29.7,13.4,0.0,55.45,0.234,-0.188
34.8078093464928,8.418442713736278,2017-06-20,0,29.3,20.8,0.0,56.05,0.118,-0.126
33.36481,8.54721,2022-01-02,1,14.6,9.2,0.0,78.1,0.057,-0.02
36.320732290203445,9.82410781240486,2025-08-11,0,35.3,18.9,0.0,47.05,0.093,-0.146
35.77379503410302,9.188467150216594,2025-09-19,0,26.1,15.0,0.2,60.85,0.081,-0.164
36.42938178507277,8.607232569685205,2018-06-19,0,28.2,18.8,0.7,57.7,0.208,-0.111
36.8516,9.27603,2025-09-19,1,29.9,20.6,0.0,55.150000000000006,0.132,-0.128
36.416681149693794,8.754869849223308,2022-07-22,0,39.9,21.9,0.0,40.150000000000006,0.167,-0.054
36.6819,8.44363,2017-07-31,1,41.0,17.3,0.0,38.5,0.722,0.209
35.19435142218449,8.518392660485318,2018-08-11,0,27.5,11.5,1.7,58.75,0.146,-0.029
35.74108854750597,8.621030160136728,2025-09-26,0,24.0,20.3,17.2,64.0,0.066,-0.127
36.95158818395808,8.93467052439269,2017-06-09,0,30.8,13.7,0.0,53.8,0.753,0.298
34.853248816885696,9.026373254199898,2022-06-04,0,36.2,15.1,0.0,45.7,0.099,-0.118
36.9929,9.7998,2019-08-23,1,31.3,10.0,4.7,53.05,0.207,-0.157
36.40705482832386,8.704212301941508,2025-06-22,0,36.7,14.9,0.0,44.95,0.137,-0.121
35.64238733956731,8.449063222051945,2021-08-26,0,34.4,16.9,0.0,48.400000000000006,0.097,-0.161
36.43560143887228,10.515447844393831,2017-10-14,0,22.6,12.0,0.1,66.1,0.204,-0.077
35.35643865146894,8.946109829917908,2020-06-14,0,26.0,22.8,0.0,61.0,0.305,-0.137
36.33585143523686,10.050664358025726,2021-08-03,0,36.8,16.9,0.0,44.8,0.398,0.045
36.21615342322038,9.371057849574251,2022-08-27,0,34.3,14.1,0.0,48.55,0.079,-0.118
36.36232984773856,9.518385032094832,2017-06-06,0,24.3,18.2,2.0,63.55,0.149,-0.137
36.50518367418261,9.856680509692486,2016-07-06,0,35.1,18.7,0.0,47.35,0.214,-0.172
37.31827472729597,9.841123204701884,2021-09-26,0,32.2,21.2,0.0,51.7,0.181,0.016
37.1651,9.24522,2017-08-04,1,42.3,17.0,0.0,36.55,0.575,0.052
36.35128746577215,10.234889916283963,2018-10-04,0,21.4,17.9,1.0,67.9,0.213,-0.157
34.719656552435694,8.430325199435766,2017-10-09,0,24.3,23.4,0.1,63.55,0.114,-0.148
31.64822,9.17202,2022-03-18,1,23.3,15.2,0.0,65.05,0.088,-0.098
35.42064489813068,8.721614192407655,2019-08-09,0,37.5,17.0,0.0,43.75,0.161,-0.079
36.48519681923841,10.17366421285096,2022-10-23,0,29.2,16.1,0.0,56.2,0.175,-0.087
36.68166604044082,8.851839887019175,2022-07-01,0,42.2,20.1,0.0,36.7,0.116,-0.095
34.90371386977985,8.382901643321617,2023-10-25,0,25.7,24.3,0.1,61.45,0.074,-0.112
35.10284845489271,8.558992010768618,2023-08-11,0,36.1,18.6,0.0,45.85,0.084,-0.126
37.18133137723999,10.119894790496764,2020-05-04,0,23.6,17.3,0.0,64.6,0.633,0.198
36.73256616746201,8.71938909980834,2017-06-12,0,28.8,12.6,0.0,56.8,0.864,0.416
36.73952,10.07621,2019-06-05,1,37.6,23.8,0.0,43.6,0.087,-0.134
31.49245,9.49334,2023-09-01,1,37.7,33.0,0.0,43.45,0.06,-0.092
31.64694,9.17062,2023-08-01,1,41.5,24.3,0.0,37.75,0.065,-0.112
35.83068477065499,9.32550938184403,2022-05-23,0,33.0,16.7,0.0,50.5,0.225,-0.053
37.14952459280132,9.725258860999878,2017-06-27,0,38.5,14.1,0.0,42.25,-0.297,0.202
31.70357,9.24209,2021-06-25,1,42.8,21.7,0.0,35.80000000000001,0.075,-0.111
36.00696089654039,9.45858689856344,2020-08-07,0,31.9,17.3,0.0,52.150000000000006,0.348,-0.056
36.58941,10.31614,2023-12-23,1,17.9,31.5,0.0,73.15,0.25,0.05
31.56199,9.40795,2016-01-30,1,18.4,18.0,0.0,72.4,0.079,-0.076
34.58272,9.09915,2024-08-04,1,37.5,24.8,0.0,43.75,0.106,-0.084
34.90482,8.53956,2025-09-20,1,27.7,14.2,0.0,58.45,0.069,-0.092
31.70128,9.2431,2021-06-30,1,43.7,22.6,0.0,34.44999999999999,0.071,-0.109
34.98598013235438,9.09779778194077,2016-07-05,0,39.5,17.7,0.6,40.75,0.105,-0.146
35.25730645217854,9.025124654712355,2019-07-07,0,40.4,19.6,0.0,39.400000000000006,0.309,-0.029
37.31775086331404,9.676537533771942,2021-08-05,0,30.4,21.4,0.0,54.400000000000006,0.433,0.08
36.92798124154479,9.978539363683034,2022-05-21,0,32.0,17.2,0.0,52.0,0.136,-0.098
36.429181167202266,8.530064727940154,2018-08-04,0,32.1,12.1,4.2,51.85,0.15,-0.164
36.53691564610485,9.879426750316846,2023-07-18,0,45.1,19.9,0.0,32.349999999999994,0.102,-0.143
35.62400334860261,8.481901468140226,2018-07-23,0,32.7,17.9,0.1,50.95,0.092,-0.14
34.71213316491869,8.699393124895387,2024-07-22,0,37.3,27.0,0.0,44.05,0.079,-0.101
35.223324946280435,8.727572708785228,2021-05-12,0,25.6,13.5,0.0,61.6,0.209,-0.155
33.91371,10.06953,2020-06-15,1,29.4,21.7,0.0,55.900000000000006,0.11,-0.039
31.64953,9.17094,2024-02-14,1,19.6,16.9,0.0,70.6,0.076,-0.106
36.8239,9.55284,2020-09-19,1,33.7,9.7,0.0,49.45,0.129,-0.136
34.7308058103905,8.43521448380411,2022-05-22,0,32.1,24.1,0.0,51.85,0.09,-0.115
35.246581000419155,9.149058647664882,2024-06-04,0,29.7,13.8,0.0,55.45,0.079,-0.092
34.93695,8.5291,2017-05-19,1,30.9,25.1,0.0,53.650000000000006,0.081,0.007
37.20320547469059,9.66676693179448,2017-05-01,0,23.1,22.9,0.0,65.35,0.73,0.332
35.594671433905305,8.678472685513714,2017-07-20,0,37.4,16.5,0.0,43.900000000000006,0.119,-0.13
36.38698533391066,9.627467338243976,2025-09-18,0,31.2,15.6,0.0,53.2,0.055,-0.15
36.32204,8.45668,2021-07-26,1,39.5,18.4,0.0,40.75,0.382,-0.066
35.56317717611022,8.41173306936231,2025-10-06,0,18.8,26.3,1.9,71.8,0.068,-0.09
36.15366183537594,9.689011703671769,2022-09-27,0,24.4,15.7,0.0,63.400000000000006,0.206,-0.048
36.6841210195187,8.704152674645956,2021-08-18,0,28.6,20.7,0.0,57.1,0.262,-0.112
34.9228041587608,8.595615570789574,2019-08-16,0,34.1,20.9,0.0,48.85,0.145,-0.115
34.82220006075418,8.612836019299483,2017-07-01,0,33.4,32.9,0.0,49.900000000000006,0.105,-0.136
36.9740415805159,10.87730839635085,2016-05-21,0,20.6,28.3,0.0,69.1,0.27,-0.046
35.55316389738943,8.909619166741154,2021-05-25,0,26.7,16.9,0.0,59.95,0.174,-0.136
35.5633336392616,8.813838081296861,2024-06-25,0,28.4,17.2,0.0,57.400000000000006,0.076,-0.105
35.18571834317903,8.74700562048209,2024-09-04,0,35.1,19.5,0.0,47.35,0.086,-0.127
35.22746064487007,8.510916605382445,2020-10-01,0,27.9,12.1,2.3,58.150000000000006,0.294,-0.088
36.33992305034011,9.68798943320741,2019-07-21,0,35.1,21.9,0.0,47.35,0.122,-0.126
34.83561021331001,8.456433938019318,2024-05-23,0,29.4,27.3,0.0,55.900000000000006,0.101,-0.098
36.47698770303859,8.336513272385172,2020-10-08,0,23.8,14.1,0.6,64.3,0.563,0.013
33.30369,9.23556,2016-04-11,1,30.2,14.5,0.0,54.7,0.063,-0.066
36.2714989090408,9.738046640503256,2018-06-03,0,32.6,22.4,0.0,51.1,0.165,-0.175
35.09822807410087,8.648442185188683,2018-07-26,0,33.8,17.0,0.0,49.3,0.125,-0.16
31.49401,9.49371,2019-02-09,1,17.4,12.7,0.0,73.9,0.081,-0.096
36.50347252649885,10.703570997621709,2025-05-24,0,22.9,27.6,0.0,65.65,0.211,-0.049
36.50238,10.02639,2024-09-24,1,30.6,18.3,0.4,54.1,0.054,-0.108
36.84180681239807,8.871633863074454,2017-07-02,0,22.6,25.2,4.2,66.1,0.735,0.223
31.00285,10.05981,2020-08-16,1,39.5,16.3,0.0,40.75,0.066,-0.108
36.59018,10.31855,2021-05-15,1,23.2,17.6,0.0,65.2,0.068,-0.143
34.98664496078312,8.39839995842552,2017-10-22,0,22.0,16.2,0.2,67.0,0.197,-0.136
31.49371,9.49621,2025-02-25,1,18.8,18.0,0.0,71.8,0.059,-0.08
35.65760631335834,8.994860936194648,2021-10-07,0,19.3,30.2,0.0,71.05,0.144,-0.192
32.28954,10.97418,2017-09-22,1,34.0,34.8,0.0,49.0,0.07,-0.11
36.40067,8.59218,2016-07-19,1,34.1,12.9,0.0,48.85,0.467,0.032
31.64636,9.16673,2024-05-04,1,31.8,26.2,0.0,52.3,0.071,-0.099
36.77162,9.25287,2025-09-03,1,29.9,13.0,0.0,55.150000000000006,0.119,-0.114
31.65025,9.17245,2023-04-17,1,23.6,24.6,0.0,64.6,0.078,-0.111
31.64944,9.17191,2024-08-04,1,38.2,28.2,0.0,42.7,0.072,-0.16
36.52708126849208,8.342615623903722,2022-10-18,0,27.7,8.8,0.0,58.45,0.363,0.063
36.42468310349473,9.418981794690586,2025-05-10,0,28.8,11.1,0.9,56.8,0.194,-0.056
35.0851132991088,8.922335697278884,2020-10-11,0,26.1,18.6,0.0,60.85,0.175,-0.193
36.92243195210103,9.516213871775696,2017-08-15,0,35.6,15.5,0.0,46.6,0.144,-0.072
31.00105,10.06361,2021-04-01,1,23.6,20.2,0.0,64.6,0.068,-0.062
34.85283522006426,8.437336786370722,2021-09-11,0,30.7,26.7,0.0,53.95,0.087,-0.147
35.79343971175782,9.117191075653766,2017-10-21,0,18.6,19.5,0.0,72.1,-0.033,0.264
36.57670910338437,10.617118272685897,2019-09-10,0,27.2,15.1,10.7,59.2,0.447,-0.018
35.01241873943712,8.798332905707271,2025-07-27,0,29.3,22.3,0.0,56.05,0.067,-0.119
36.33908,8.55984,2022-07-16,1,35.7,13.6,0.0,46.45,0.104,-0.105
36.55503020671146,8.7953300734238,2016-06-14,0,35.4,11.2,0.0,46.900000000000006,0.143,-0.163
35.050896896450304,8.785219608665999,2023-09-22,0,34.5,25.8,0.0,48.25,0.072,-0.099
31.6869,9.22341,2016-05-21,1,27.4,24.1,0.0,58.900000000000006,0.25,0.05
37.180073865249646,9.580921337157209,2025-07-13,0,36.1,16.0,0.0,45.85,0.109,-0.123
36.93441401136288,9.678132938268748,2020-09-17,0,29.4,16.6,0.2,55.900000000000006,0.146,-0.218
31.40396,9.85168,2021-06-14,1,35.1,19.9,0.0,47.35,0.084,-0.127
35.48860935907573,8.847411581226726,2024-10-24,0,19.9,20.6,1.9,70.15,0.107,-0.098
35.45338013824953,9.186340790981376,2016-10-23,0,31.1,10.2,0.0,53.35,0.295,-0.021
37.06638674603482,9.3230115371683,2025-06-22,0,34.4,19.3,0.0,48.400000000000006,0.26,-0.093
33.87186,9.99302,2024-11-24,1,21.9,13.0,0.0,67.15,0.039,-0.103
36.56135,8.24282,2019-08-01,1,39.5,14.8,0.0,40.75,0.394,-0.017
36.28541219531356,9.130652200346082,2023-05-25,0,19.4,18.2,6.9,70.9,0.25,0.05
31.40015,10.01942,2022-07-17,1,37.2,34.5,0.0,44.2,0.074,-0.093
31.4933,9.49294,2024-11-10,1,25.0,15.6,0.0,62.5,0.052,-0.09
36.20717962691103,9.609378331377204,2022-05-22,0,32.4,13.5,0.0,51.400000000000006,0.296,0.041
36.76095613392372,8.843993063027451,2018-06-24,0,26.4,13.5,0.0,60.400000000000006,0.571,0.072
36.10964665066538,9.424198315701611,2022-05-18,0,29.9,12.6,0.0,55.150000000000006,0.159,-0.049
35.202353917977874,9.049299739603972,2021-06-12,0,33.2,16.4,0.0,50.2,0.108,-0.19
35.55220713599869,9.264285439443594,2022-10-17,0,26.9,9.5,0.0,59.650000000000006,0.128,-0.091
35.01999967239971,8.710439717974767,2025-09-19,0,25.7,16.3,0.0,61.45,0.147,-0.079
36.32745282655911,10.290101246810949,2025-10-03,0,23.8,23.6,0.0,64.3,0.12,-0.086
31.00547,10.06253,2020-07-22,1,35.5,25.5,0.0,46.75,0.065,-0.127
33.30399,9.23294,2016-05-16,1,30.6,18.4,0.0,54.1,0.065,-0.085
35.92186,9.5595,2021-08-11,1,41.3,16.8,0.0,38.05,0.141,-0.397
36.58933,10.31929,2022-10-25,1,32.7,8.7,0.0,50.95,0.045,-0.128
37.18552,9.73084,2020-07-25,1,33.0,19.6,0.0,50.5,0.153,-0.19
37.32018,9.64719,2020-08-14,1,38.6,18.7,0.0,42.1,0.573,0.151
34.772932293849536,8.503646274133539,2017-09-27,0,27.1,28.2,2.0,59.35,0.106,-0.145
36.21363862300644,9.645308015883693,2021-05-04,0,25.1,18.7,0.0,62.35,0.487,0.082
36.13068646598528,9.57046805257912,2020-05-27,0,24.1,15.1,0.0,63.85,0.249,-0.077
35.28204627801655,8.36152062762119,2016-07-20,0,32.1,7.4,0.0,51.85,0.102,-0.147
35.85129,8.59053,2023-09-07,1,29.0,16.0,0.0,56.5,0.059,-0.112
35.329617247521966,8.54371673048414,2019-05-25,0,21.0,17.2,23.1,68.5,0.384,0.085
35.66653126625416,8.989129344496908,2016-10-26,0,31.6,12.9,0.0,52.6,0.114,-0.169
36.81401607312869,10.946445306126488,2019-07-17,0,29.3,15.5,0.0,56.05,0.143,-0.185
36.59152,10.31672,2021-08-08,1,39.5,17.8,0.0,40.75,0.055,-0.148
35.43937064274163,8.763840499572034,2018-06-10,0,32.0,20.0,0.0,52.0,0.189,-0.18
36.611024453434304,10.39183242324619,2017-06-09,0,30.6,17.6,0.0,54.1,0.264,-0.058
36.73655315576568,10.486593520732756,2020-09-26,0,22.7,31.9,0.1,65.95,0.288,-0.168
33.36644,8.55054,2023-05-26,1,28.1,26.1,0.0,57.85,0.086,-0.006
36.42109854999779,10.108890843569029,2021-10-11,0,21.9,15.6,0.0,67.15,0.218,-0.171
35.85551830562653,9.44566244287746,2016-09-04,0,30.9,9.7,0.0,53.650000000000006,0.351,-0.021
35.87751985502755,9.06696734945109,2025-08-17,0,30.4,24.0,0.0,54.400000000000006,0.12,-0.068
36.64274065098251,10.804819921146056,2019-05-18,0,22.4,19.8,1.2,66.4,0.27,-0.091
36.5960237601613,8.896224979949123,2025-07-07,0,41.9,17.7,0.0,37.150000000000006,0.108,-0.129
36.53187595923988,10.110657324759272,2022-06-20,0,33.0,20.7,0.0,50.5,0.104,-0.129
36.59679702300262,9.991127388811856,2016-08-26,0,33.4,12.2,0.0,49.900000000000006,0.093,-0.173
36.46553262823812,9.854119130197056,2025-10-10,0,30.1,12.9,3.8,54.85,0.118,-0.17
36.28044603377529,9.95060660288575,2021-10-20,0,23.6,19.6,0.0,64.6,0.161,-0.149
35.41796820518804,8.518720162145689,2024-06-20,0,36.6,17.1,0.0,45.1,0.063,-0.109
34.81284534585572,8.286855580399278,2023-10-04,0,26.0,11.1,0.0,61.0,0.077,-0.084
36.09028149127153,9.160055119534128,2024-06-20,0,39.3,17.1,0.0,41.05,0.105,-0.124
37.29517,9.70325,2021-09-03,1,32.8,20.3,0.0,50.8,0.427,0.028
31.005,10.06053,2021-06-13,1,35.1,24.2,0.0,47.35,0.067,-0.132
37.23849563679723,9.352036607306236,2021-05-24,0,26.9,35.2,0.0,59.650000000000006,0.445,0.039
35.4256681317287,9.0432117292374,2017-06-10,0,32.1,15.4,0.0,51.85,0.094,-0.076
35.83267364463342,9.501851861552764,2021-06-25,0,37.0,15.5,0.0,44.5,0.117,-0.149
35.18374819092825,8.874037864838868,2021-05-08,0,28.6,9.7,0.0,57.1,0.202,-0.088
36.36244892291254,9.240788317029809,2023-05-03,0,21.4,19.0,0.0,67.9,0.134,-0.135
33.52826,9.68166,2022-05-30,1,38.5,33.8,0.0,42.25,0.071,-0.082
35.87579,9.72316,2021-07-25,1,40.0,18.9,0.0,40.0,0.283,-0.088
37.0550165653716,9.535162491008982,2021-08-13,0,41.4,14.4,0.0,37.900000000000006,0.18,-0.115
35.2074062717811,8.54687960452977,2017-09-09,0,27.5,24.2,0.0,58.75,0.13,-0.188
36.34007689266655,10.215256203066993,2022-07-20,0,36.5,20.1,0.0,45.25,0.172,-0.097
35.320271207657164,8.472180385583973,2022-10-14,0,22.1,15.6,0.0,66.85,0.119,-0.104
35.994309545364445,9.484383971353578,2022-09-17,0,30.2,14.4,0.1,54.7,0.103,-0.089
31.48388,9.54178,2017-11-03,1,25.5,13.2,0.0,61.75,0.077,-0.107
34.64583984269032,8.601793597282377,2017-08-06,0,40.0,13.0,0.0,40.0,0.104,-0.129
35.06740439764694,9.257497972484195,2021-10-24,0,24.5,17.3,6.3,63.25,0.189,-0.099
35.9136,9.42514,2016-07-22,1,33.7,16.3,0.0,49.45,0.492,0.051
37.040619889139606,10.07013458528048,2022-10-02,0,28.3,17.4,0.0,57.55,0.072,-0.085
31.56274,9.40651,2016-01-24,1,16.0,17.6,0.0,76.0,0.081,-0.076
37.16158,9.45285,2016-08-26,1,31.8,15.5,0.0,52.3,0.186,0.05
31.70475,9.24387,2019-12-04,1,20.7,28.8,0.1,68.95,0.09,-0.079
36.63350045203092,10.528336212052729,2024-08-01,0,40.1,15.8,0.0,39.85,0.197,-0.087
36.49997545224098,8.323771013986006,2020-08-01,0,36.9,14.0,0.0,44.650000000000006,0.804,0.338
35.77635,9.89299,2018-01-05,1,25.2,10.0,0.0,62.2,0.078,-0.141
36.5885,10.31634,2017-04-18,1,25.7,12.6,0.0,61.45,0.336,0.016
34.38425,8.61181,2021-09-30,1,30.6,18.0,0.0,54.1,0.086,-0.098
34.74592136922306,8.450905667991337,2020-06-06,0,29.5,24.0,0.0,55.75,0.124,-0.153
35.77401,9.88994,2019-04-29,1,26.0,18.6,0.0,61.0,0.128,-0.19
36.49480415830893,10.47425253787338,2016-09-11,0,28.3,9.8,0.7,57.55,0.308,-0.144
35.77433,9.88868,2018-06-26,1,30.3,24.1,0.1,54.55,0.065,-0.153
35.49929422734161,9.150159972849202,2017-07-08,0,35.5,12.7,0.0,46.75,0.278,-0.014
31.40524,9.85504,2019-07-12,1,42.9,25.4,0.0,35.650000000000006,0.076,-0.098
36.45002527548886,10.734566200379666,2018-05-08,0,20.2,11.9,0.0,69.7,0.157,-0.007
35.566968575625374,9.177247449802088,2020-06-26,0,38.6,17.2,0.0,42.1,0.134,-0.173
36.66459,9.34733,2019-09-07,1,28.0,15.8,0.0,58.0,0.158,-0.29
37.33589365621752,9.74408030193599,2019-07-10,0,28.7,31.2,0.0,56.95,0.492,0.062
36.3582,8.3701,2020-08-03,1,38.4,20.4,0.1,42.400000000000006,0.493,0.041
31.64801,9.17138,2022-03-02,1,14.8,18.0,0.0,77.8,0.25,0.05
32.28938,10.97365,2021-12-01,1,17.8,12.2,0.0,73.3,0.077,-0.076
35.91908211215302,9.45482226971873,2016-08-03,0,32.2,12.5,0.0,51.7,0.168,-0.105
35.27445065022631,8.560300742810504,2024-07-24,0,32.3,17.7,0.0,51.55,0.084,-0.116
35.05873089125274,8.780197794836187,2016-08-08,0,31.4,13.3,0.0,52.900000000000006,0.115,-0.136
36.73918477468727,10.553663517231993,2017-05-13,0,23.6,16.0,0.0,64.6,0.544,0.105
36.35911716485537,9.717040216330124,2018-07-21,0,45.3,26.0,0.0,32.05000000000001,0.158,-0.135
35.463218408257745,9.23264503503647,2016-07-22,0,35.7,13.6,0.0,46.45,0.113,-0.178
36.48282454718128,8.47848897795989,2023-07-26,0,33.4,12.7,0.0,49.900000000000006,0.223,-0.028
35.90474782589892,9.277495715635489,2022-10-01,0,22.2,16.9,0.1,66.7,0.091,-0.189
36.59196,10.31846,2017-04-23,1,23.5,18.9,0.0,64.75,0.098,-0.13
36.67848,9.92128,2019-08-10,1,38.1,18.8,0.0,42.85,0.07,-0.112
36.89263131449714,9.4480978702546,2023-05-21,0,18.8,30.8,2.0,71.8,0.25,0.05
33.87255,9.98977,2025-02-16,1,18.4,12.7,0.0,72.4,0.045,-0.023
36.87305900237239,9.432636473796748,2020-09-15,0,27.7,12.3,0.5,58.45,0.163,-0.173
37.184890198662,10.169805776557974,2016-06-08,0,22.3,16.8,0.0,66.55,0.401,-0.057
36.87417289406329,8.636059843406713,2020-06-17,0,24.4,13.7,0.0,63.400000000000006,0.549,0.236
36.05306005987755,9.206841113529538,2016-08-21,0,32.9,14.4,0.3,50.650000000000006,0.121,-0.11
36.58141085248776,8.84320211442749,2020-07-22,0,37.8,22.7,0.0,43.3,0.171,-0.153
36.90235262800496,9.334412946084754,2023-10-18,0,35.1,14.7,0.0,47.35,0.085,-0.115
37.31083579001156,9.738311601633992,2020-10-18,0,19.0,22.4,0.3,71.5,0.158,-0.236
36.80442,9.91702,2025-10-22,1,27.9,21.0,0.7,58.150000000000006,0.17,-0.096
35.55158481903692,9.01020234267819,2025-05-27,0,26.7,15.4,0.0,59.95,0.186,-0.069
34.868797482517365,8.907246405666855,2023-08-05,0,31.1,20.7,0.0,53.35,0.106,-0.11
35.151205485739474,8.591837962776578,2022-09-14,0,31.3,17.1,0.0,53.05,0.25,0.05
35.01091158447874,8.99868435564938,2021-07-22,0,34.6,14.1,0.0,48.1,0.105,-0.172
36.348461795608976,10.120327268896016,2022-07-17,0,32.3,13.1,0.0,51.55,0.13,-0.101
36.80585300183986,8.702722773562229,2023-07-24,0,42.0,24.0,0.0,37.0,0.437,0.194
36.239020842572,9.358622828186665,2020-06-12,0,35.9,18.5,0.0,46.150000000000006,0.13,-0.126
35.19432325342952,8.90917521700997,2017-05-09,0,29.7,11.5,0.0,55.45,0.273,-0.024
31.64797,9.16893,2024-11-25,1,20.5,19.9,0.0,69.25,0.07,-0.099
31.70388,9.24212,2020-10-28,1,21.5,14.7,0.0,67.75,0.075,-0.1
36.41376796562616,9.484975605877304,2021-10-15,0,21.4,22.1,0.0,67.9,0.084,-0.038
31.40416,9.85325,2017-08-30,1,36.1,26.0,0.0,45.85,0.087,-0.105
34.76902860029934,8.702099446726043,2017-10-22,0,23.8,23.0,0.1,64.3,0.074,-0.126
34.85478602989224,8.545043103877292,2025-06-15,0,33.3,15.4,0.0,50.05,0.099,-0.104
33.3683,8.54942,2024-01-03,1,13.1,14.8,0.0,80.35,0.079,0.01
36.77766,10.19986,2018-11-27,1,15.8,32.8,3.8,76.3,-0.0,0.623
35.437266049033404,8.424365858977366,2018-05-08,0,21.4,14.7,1.9,67.9,0.159,-0.108
36.82065,9.83462,2022-06-17,1,37.5,14.5,0.0,43.75,0.139,-0.067
35.60063865650841,8.9878269554902,2024-08-01,0,39.7,11.0,0.0,40.45,0.079,-0.099
36.83835021803485,9.417826481148891,2021-07-18,0,27.9,26.1,0.0,58.150000000000006,0.166,-0.091
36.29773,8.61673,2016-08-19,1,38.6,15.1,0.0,42.1,0.368,-0.009
36.495227274134905,10.790454257655052,2021-08-04,0,34.6,21.2,0.0,48.1,0.279,-0.051
32.28912,10.97526,2019-12-10,1,17.9,27.7,0.0,73.15,0.081,-0.1
35.30457323439945,9.109720174650349,2016-09-13,0,32.3,13.8,2.6,51.55,0.172,-0.146
31.99691,9.49171,2025-07-03,1,38.6,34.5,0.0,42.1,0.07,-0.109
36.25225092923296,9.434627412083358,2019-09-14,0,31.4,14.0,0.0,52.900000000000006,0.163,-0.087
36.300586531557634,8.969879418538824,2019-08-21,0,36.2,15.2,0.0,45.7,0.169,-0.147
34.77135198349949,8.405875210249977,2019-05-08,0,27.1,25.4,0.0,59.35,0.165,-0.08
31.70281,9.24277,2020-09-20,1,36.1,17.4,0.0,45.85,0.07,-0.11
36.61240794775085,9.024212508294484,2024-05-02,0,21.1,16.4,0.2,68.35,0.352,0.138
35.30707792640828,8.53702705394746,2019-06-26,0,37.9,19.8,0.0,43.150000000000006,0.185,-0.067
37.12459018477457,9.529642894786216,2025-06-15,0,36.5,12.7,0.0,45.25,0.268,-0.02
36.63018415774809,8.721737899387218,2018-10-08,0,28.3,15.3,0.3,57.55,0.241,-0.296
34.72462720622114,8.521811537433827,2020-08-25,0,33.8,24.1,0.0,49.3,0.117,-0.15
36.67879,9.91932,2019-08-09,1,37.6,18.9,0.0,43.6,0.075,-0.117
35.251906632007675,8.96100061442312,2025-07-06,0,33.7,13.3,0.0,49.45,0.074,-0.052
36.76189,8.45407,2017-08-04,1,40.8,17.0,0.0,38.8,0.604,0.065
35.859734623344515,9.29699835983084,2022-08-24,0,30.1,14.2,0.0,54.85,0.141,-0.061
35.16889264176272,8.832669985376054,2021-06-25,0,37.5,18.8,0.0,43.75,0.107,-0.078
37.02264,9.56648,2025-08-07,1,34.8,14.5,0.0,47.8,0.127,-0.116
36.92809144368239,10.860424759345277,2017-06-18,0,29.2,19.4,0.9,56.2,0.333,-0.094
36.36133225619177,9.402342680597885,2020-10-03,0,27.7,20.7,0.1,58.45,0.247,-0.123
35.153803308273915,9.111425975195646,2016-10-17,0,25.7,9.2,0.0,61.45,0.202,-0.107
37.16366799590484,9.191356989147138,2025-05-08,0,23.6,14.5,20.9,64.6,0.405,0.132
31.40281,9.85492,2017-12-27,1,13.8,28.7,0.0,79.3,0.096,-0.08
36.58908,10.31863,2016-01-26,1,17.9,8.9,0.0,73.15,0.25,0.05
36.492063096027,8.36358567532822,2023-07-03,0,29.3,12.4,0.0,56.05,0.223,-0.109
36.15651,9.72386,2017-08-09,1,39.6,16.3,0.0,40.6,0.121,-0.224
36.910460681949246,8.664775122132198,2023-09-24,0,22.3,21.1,1.6,66.55,0.339,0.069
36.96321903384377,10.938568820997949,2025-07-13,0,34.7,25.3,0.0,47.95,0.287,-0.028
35.7114309798834,8.67752670571417,2024-05-20,0,29.5,24.7,0.0,55.75,0.144,-0.107
36.663856805649445,10.676017842115549,2024-07-25,0,31.8,24.2,0.0,52.3,0.257,-0.007
36.59,10.3187,2023-09-05,1,27.8,24.9,0.6,58.3,0.02,-0.145
35.71492497092582,9.20195274093346,2022-10-05,0,24.7,10.9,0.2,62.95,0.079,-0.129
35.588650897029495,8.836105877004618,2025-07-14,0,38.0,20.8,0.0,43.0,0.097,-0.118
35.09004906505435,8.646155164376527,2023-07-22,0,38.7,17.3,0.0,41.95,0.091,-0.13
37.231154692187616,9.470933320730154,2019-08-07,0,38.6,14.8,0.0,42.1,0.497,0.109
31.65026,9.16827,2024-12-25,1,12.5,15.5,0.0,81.25,0.069,-0.093
35.146334091301505,8.894509941793908,2019-09-01,0,26.7,13.8,2.9,59.95,0.169,-0.116
36.918634965974334,10.810603660079956,2021-06-26,0,34.8,16.1,0.0,47.8,0.453,0.112
31.48658,9.5391,2017-09-12,1,32.5,13.0,0.0,51.25,0.057,-0.133
31.39877,10.02094,2022-07-05,1,39.9,27.0,0.0,40.150000000000006,0.053,-0.097
37.17411017042566,9.98100722320741,2019-10-27,0,20.8,10.0,0.9,68.8,0.39,-0.064
32.29122,10.972,2025-10-20,1,25.1,11.1,0.0,62.35,0.057,-0.08
35.77732,9.8892,2023-06-18,1,34.4,15.7,0.0,48.400000000000006,0.09,-0.093
33.92441,9.79077,2025-10-28,1,23.9,21.6,0.0,64.15,0.058,-0.098
37.25888126356711,10.035726494205194,2016-07-26,0,28.2,22.4,0.0,57.7,0.044,-0.123
36.28460776912542,10.134648600611651,2022-08-08,0,32.9,15.1,0.0,50.650000000000006,0.168,-0.145
36.20616029025203,9.0677524748884,2024-09-06,0,38.8,19.2,0.0,41.8,0.081,-0.138
35.01412271150085,8.489983694517402,2020-09-21,0,29.9,23.4,0.6,55.150000000000006,0.204,-0.123
36.28268312666813,9.743494650038828,2020-07-04,0,29.3,28.3,0.0,56.05,0.065,-0.067
36.73198,10.06657,2025-07-10,1,32.8,16.8,0.0,50.8,0.117,-0.13
35.47598098200478,8.60854511212952,2017-09-17,0,29.8,15.3,0.0,55.3,0.197,-0.069
36.457049855900905,8.217701368340268,2024-05-27,0,30.9,8.8,0.0,53.650000000000006,0.369,0.067
36.58953,10.31843,2024-06-17,1,35.3,20.1,0.0,47.05,0.055,-0.133
36.76793,8.4541,2017-08-04,1,40.8,16.6,0.0,38.8,0.499,-0.017
36.39018794225853,10.11641323687608,2023-05-08,0,19.4,17.2,11.6,70.9,0.115,-0.159
34.86202090848856,8.278915304914795,2022-06-23,0,35.7,16.9,0.0,46.45,0.121,-0.066
35.85003,8.59019,2016-06-15,1,39.3,29.2,0.0,41.05,0.119,-0.132
36.64554432355078,10.83865137629056,2019-08-11,0,32.3,14.5,0.0,51.55,0.228,-0.17
37.16537004411224,9.770169232346802,2016-07-23,0,31.3,22.9,0.0,53.05,0.103,-0.069
36.81224704724562,10.736847135234129,2022-09-17,0,28.8,18.1,2.3,56.8,0.286,-0.031
35.665471834337495,8.502420164541775,2022-08-06,0,32.9,18.7,0.0,50.650000000000006,0.07,-0.112
37.00264034392406,9.38264341309084,2021-10-10,0,19.3,15.1,14.5,71.05,0.266,-0.109
36.21971248568924,9.377332966351885,2024-06-08,0,41.2,25.0,0.0,38.2,0.09,-0.112
34.98680205230179,8.654765644816623,2019-07-14,0,41.0,32.8,0.0,38.5,0.109,-0.136
36.611058366981965,10.500083089007344,2017-10-11,0,23.6,11.2,0.0,64.6,0.25,0.05
36.560085498815454,9.974614136947077,2020-10-09,0,26.6,13.0,0.0,60.1,0.287,-0.062
35.454450544288306,8.761884120772013,2018-06-16,0,25.3,15.8,0.0,62.05,0.18,-0.19
36.7823,8.55731,2017-09-25,1,25.8,10.0,0.0,61.3,0.605,0.074
36.50207,10.02673,2024-03-15,1,20.2,13.2,0.0,69.7,0.25,0.05
35.16956048907561,8.59256112894904,2024-05-08,0,14.1,25.8,1.7,78.85,0.132,-0.109
36.547356316086976,9.844305119884496,2021-08-04,0,44.2,31.4,0.0,33.69999999999999,0.146,-0.203
37.122293064990906,9.516145046392513,2021-06-22,0,29.0,15.5,0.0,56.5,0.452,0.02
34.76370841690547,8.606612661019854,2023-07-03,0,34.6,26.6,0.0,48.1,0.069,-0.107
35.619650453224686,8.532334658615053,2021-06-05,0,33.2,20.2,0.0,50.2,0.136,-0.164
35.03852425197052,8.685801547321097,2017-09-10,0,28.8,36.4,0.4,56.8,0.113,-0.141
35.10133704900085,8.518885818447872,2017-09-15,0,31.6,21.4,0.0,52.6,0.1,-0.158
31.64842,9.17171,2024-09-04,1,40.0,23.9,0.0,40.0,0.055,-0.167
36.2973944397867,10.310401129069104,2025-10-01,0,28.5,21.4,0.6,57.25,0.156,0.044
31.65543,10.24075,2016-06-11,1,39.0,20.0,0.0,41.5,0.073,-0.096
36.75066733491583,8.612896484706077,2019-10-20,0,30.7,20.3,0.0,53.95,0.461,-0.034
36.24834879240746,9.223982877262427,2016-09-23,0,26.8,10.5,3.1,59.8,0.25,0.05
36.24274,8.81504,2020-08-02,1,38.6,16.8,0.0,42.1,0.201,0.079
36.61073684170247,10.562002947964562,2019-07-24,0,36.5,9.1,0.0,45.25,0.58,0.096
37.3022,9.62789,2020-08-14,1,38.6,18.7,0.0,42.1,0.482,-0.063
32.02171,9.54057,2016-05-17,1,33.7,25.0,0.0,49.45,0.081,-0.104
34.8462,10.66278,2023-05-03,1,24.9,22.7,0.0,62.650000000000006,0.077,-0.055
35.32923677210016,8.858316064096245,2023-06-03,0,22.4,9.7,3.7,66.4,0.273,-0.028
34.87046404762641,8.752245029241998,2022-10-15,0,26.8,20.5,0.0,59.8,0.157,-0.072
35.77388,9.89155,2017-03-28,1,22.5,22.1,2.0,66.25,0.139,-0.067
37.05135552920178,9.76636656521858,2020-05-21,0,24.9,26.3,0.4,62.650000000000006,0.399,-0.05
36.454197503400025,9.4308020801726,2022-08-02,0,35.4,16.4,0.0,46.900000000000006,0.126,-0.068
34.90462,8.54263,2020-05-01,1,29.2,19.1,0.0,56.2,0.137,-0.1
34.76659166208374,8.40624908690046,2016-09-27,0,20.6,9.2,2.9,69.1,0.08,-0.111
36.16964619481046,10.055608695224334,2018-07-07,0,36.8,17.4,0.0,44.8,0.105,-0.163
37.04509343186778,9.24245746488234,2022-10-15,0,25.4,12.7,0.1,61.900000000000006,0.414,0.139
36.42799120105613,9.56528434085243,2025-08-21,0,32.6,19.1,0.0,51.1,0.241,-0.006
37.203716189915,9.464566751817395,2018-06-18,0,22.1,30.4,0.0,66.85,0.554,0.17
36.948039679240864,11.039380967184725,2022-05-06,0,19.8,35.6,0.7,70.3,0.25,0.05
36.48694362018375,10.400185916694683,2025-10-22,0,26.1,19.7,0.8,60.85,0.28,-0.014
35.52495657021563,8.5444694406962,2022-07-22,0,34.7,18.2,0.0,47.95,0.173,-0.101
35.33914358464525,8.344830146298273,2021-08-06,0,37.6,19.5,0.0,43.6,0.403,-0.004
31.4942,9.49113,2022-12-30,1,18.6,13.9,0.0,72.1,0.069,-0.077
33.30293,9.23378,2019-04-15,1,28.5,30.3,0.0,57.25,0.085,-0.049
36.48072734822044,8.156069128577046,2019-09-17,0,30.7,6.4,1.6,53.95,0.613,0.052
37.17546141469722,9.477087565977223,2022-06-09,0,26.1,31.0,0.0,60.85,0.278,0.042
36.15775,10.28321,2023-01-05,1,19.0,14.6,0.0,71.5,0.068,-0.116
35.74351773237385,9.2425762589201,2024-08-27,0,31.3,13.9,0.0,53.05,0.059,-0.132
35.96233,9.59709,2019-07-10,1,35.1,15.5,0.0,47.35,0.218,-0.202
36.43340019678551,9.79397840095036,2020-07-15,0,31.5,19.7,0.1,52.75,0.097,-0.151
34.3196,8.95335,2020-08-18,1,41.8,19.8,0.0,37.3,0.088,-0.111
35.75778856851924,9.46951681074714,2020-08-15,0,39.0,12.3,0.5,41.5,0.153,-0.149
37.07959269776578,9.796725732075831,2023-07-15,0,45.5,15.5,0.0,31.75,0.136,-0.172
31.65057,9.16909,2024-02-27,1,22.4,22.0,0.0,66.4,0.067,-0.1
31.39876,10.02161,2016-02-09,1,15.9,19.0,0.0,76.15,0.25,0.05
36.51778601089119,10.69633083188528,2017-08-15,0,31.0,13.1,0.0,53.5,0.217,-0.152
36.713203207601936,10.936910338225044,2017-06-17,0,32.7,21.9,0.0,50.95,0.485,0.088
36.67826808042862,10.840086335576846,2025-07-13,0,32.1,23.6,0.0,51.85,0.141,-0.134
36.19237063331919,10.103487897169856,2022-07-08,0,33.5,29.6,0.0,49.75,0.097,-0.108
34.84866870815648,8.560848520190763,2025-07-06,0,34.4,15.0,0.0,48.400000000000006,0.072,-0.115
35.098837878382014,8.970331869408003,2018-09-27,0,22.7,20.2,0.0,65.95,0.163,-0.109
36.2768430441298,9.186562267411295,2017-09-12,0,33.5,14.3,0.0,49.75,0.086,-0.004
36.26666367300534,9.532452331312967,2018-08-22,0,29.3,10.9,1.6,56.05,0.144,-0.207
35.145605989289095,8.839519254399322,2024-09-12,0,28.1,15.8,0.2,57.85,0.099,-0.105
35.21193194436483,8.951092901448783,2018-08-24,0,29.0,12.3,0.0,56.5,0.19,-0.154
36.40021304426119,10.481979130667032,2021-09-07,0,31.0,17.3,0.0,53.5,0.153,-0.171
35.158778061453695,9.081060452830831,2017-10-27,0,27.1,18.2,0.0,59.35,0.168,-0.141
36.37315,9.53148,2022-07-08,1,32.5,21.9,0.0,51.25,0.092,-0.064
31.397,10.02102,2021-07-21,1,36.8,28.7,0.0,44.8,0.062,-0.106
36.59227995783001,10.45667609430236,2024-06-19,0,34.1,22.3,0.0,48.85,0.224,-0.031
31.4948,9.49335,2023-10-12,1,29.3,23.5,0.0,56.05,0.059,-0.096
37.0204463540782,10.932554426933818,2021-07-08,0,31.4,23.1,0.0,52.900000000000006,0.313,-0.098
31.70357,9.24008,2022-10-27,1,29.2,16.0,0.0,56.2,0.074,-0.068
36.23097297693983,9.089565647906674,2022-05-03,0,27.7,13.8,10.1,58.45,0.41,0.169
34.38783,8.18587,2025-07-08,1,39.7,19.8,0.0,40.45,0.127,-0.076
31.40097,10.02258,2021-08-17,1,38.6,13.2,0.0,42.1,0.092,-0.15
36.83179601488544,9.443573919099087,2016-09-23,0,27.4,10.5,5.9,58.900000000000006,0.25,0.05
36.75565687274752,8.707619843003831,2025-05-25,0,17.8,22.6,1.7,73.3,0.603,0.318
31.70292,9.24488,2025-01-18,1,13.4,23.9,0.0,79.9,0.067,-0.077
36.92602425610448,10.997347665297152,2018-08-03,0,33.5,11.7,0.0,49.75,0.215,-0.186
35.036677969343536,9.228301649759654,2021-08-22,0,35.1,15.1,0.0,47.35,0.092,-0.161
36.42746701386368,10.002653049290467,2016-06-24,0,32.9,18.1,0.0,50.650000000000006,0.139,-0.254
37.19444055509038,10.108056238682328,2020-07-26,0,30.0,13.9,0.0,55.0,0.149,-0.193
31.64882,9.17236,2024-03-18,1,25.4,17.3,0.0,61.900000000000006,0.077,-0.106
37.02363909658872,10.056915992205276,2021-05-19,0,28.1,26.5,0.0,57.85,0.364,0.052
35.40133,10.57868,2016-12-14,1,18.6,7.3,0.0,72.1,0.324,-0.036
36.2968109637961,9.426156067441235,2019-05-24,0,28.8,17.4,3.3,56.8,0.305,-0.057
35.34991475425285,8.347417024800375,2019-10-14,0,24.6,15.9,0.0,63.1,0.501,0.061
36.18968833831207,9.733905929937462,2020-09-19,0,30.7,11.6,0.0,53.95,0.453,0.06
37.13381290136949,9.209274260723792,2022-06-05,0,30.0,20.6,0.0,55.0,0.426,0.148
37.14405503509965,9.164106266667256,2021-05-09,0,29.7,30.1,0.0,55.45,0.826,0.36
35.639899127838284,8.430597033271361,2017-05-02,0,16.6,14.3,4.8,75.1,0.25,-0.034
37.014196544480576,9.577716863703827,2022-08-12,0,32.8,17.7,0.0,50.8,0.119,-0.124
36.53423508862859,8.700648393346377,2017-05-23,0,32.5,14.2,0.3,51.25,0.276,-0.059
37.04963054680104,9.613780260714956,2016-06-14,0,33.3,12.3,0.0,50.05,0.158,-0.19
35.35194702428951,8.464792688709442,2025-09-05,0,33.2,21.1,0.4,50.2,0.152,-0.113
36.32514330427874,9.57986216812751,2020-08-19,0,36.5,16.1,0.0,45.25,0.088,-0.149
35.11757370232532,8.663668666549473,2019-06-24,0,37.6,16.3,0.0,43.6,0.156,-0.134
36.541907546535576,10.565307653915402,2018-10-23,0,19.1,27.9,7.3,71.35,0.475,0.083
36.46703341298844,8.182701304221279,2016-07-18,0,34.7,13.7,0.0,47.95,0.387,-0.098
36.858626167007024,10.911858964092382,2023-10-14,0,31.6,10.1,0.0,52.6,0.121,-0.141
35.57215296786141,8.733853724987982,2023-07-03,0,31.8,14.8,1.4,52.3,0.178,-0.083
37.04339478214207,9.499153543512708,2018-06-02,0,31.3,13.4,0.0,53.05,0.329,-0.04
36.32837,8.42192,2021-07-25,1,41.4,21.0,0.0,37.900000000000006,0.364,-0.063
34.82523849181347,8.734621471341207,2023-06-06,0,23.7,23.5,0.4,64.45,0.067,-0.087
35.45457,8.6562,2017-07-12,1,37.4,20.2,0.0,43.900000000000006,0.413,-0.007
31.64767,9.17339,2024-05-09,1,24.0,20.8,0.0,64.0,0.071,-0.101
35.891674529665295,9.212097619040604,2022-10-14,0,20.1,19.8,0.0,69.85,0.122,-0.126
35.49952794532443,8.995221451949568,2017-10-16,0,22.9,10.7,0.0,65.65,0.176,-0.141
36.927997058109646,10.95209863400989,2024-05-15,0,30.3,15.1,0.0,54.55,0.206,-0.082
34.980541054406224,8.33548295074333,2016-05-23,0,30.1,23.2,0.0,54.85,0.25,0.05
35.48479635127811,9.017388947761464,2024-05-17,0,31.8,21.7,0.0,52.3,0.207,-0.067
36.81026536219149,8.71887641514189,2019-09-18,0,30.9,10.6,0.0,53.650000000000006,0.664,0.215
35.41792013716973,8.512600319512448,2022-07-22,0,36.1,15.9,0.0,45.85,0.09,-0.139
35.91659,9.55971,2021-08-11,1,42.5,15.5,0.0,36.25,0.224,-0.156
36.68821,9.17859,2016-08-08,1,29.2,14.9,0.3,56.2,0.142,-0.113
36.33129572359141,9.71703074158832,2019-08-04,0,38.7,19.9,0.0,41.95,0.142,-0.132
36.38189,8.46031,2016-08-01,1,36.3,19.5,0.6,45.55,0.4,-0.011
36.78935,8.59249,2017-07-31,1,41.7,26.3,0.0,37.45,0.652,0.127
36.74232871572456,8.899585163173917,2021-08-18,0,27.3,17.4,0.0,59.05,0.404,-0.061
36.36010673578945,10.533316374286253,2017-10-01,0,26.9,15.6,0.0,59.650000000000006,0.105,-0.04
36.74581,10.21872,2018-07-18,1,32.6,15.8,0.0,51.1,0.129,-0.058
34.85685151520872,8.454081221816743,2021-05-24,0,35.2,27.8,0.0,47.2,0.115,-0.141
36.41039407225784,9.892151851329734,2021-06-22,0,36.5,23.4,0.0,45.25,0.174,-0.106
35.74921150329295,9.17540789774985,2017-09-17,0,29.0,20.4,0.3,56.5,0.12,-0.152
35.39573,9.22029,2020-08-02,1,36.9,14.8,0.0,44.650000000000006,0.359,-0.057
36.96816708699238,9.685861026293216,2022-08-12,0,34.0,17.7,0.0,49.0,-0.005,0.209
36.62813,10.589,2021-10-03,1,28.1,17.9,0.0,57.85,0.25,0.05
36.904148267044,9.4326403597397,2019-08-02,0,40.8,16.3,0.0,38.8,0.338,-0.062
35.98380395197207,9.435704256102834,2017-05-16,0,26.2,15.9,0.0,60.7,0.353,-0.001
36.46085,9.56629,2023-10-18,1,34.7,17.5,0.0,47.95,0.165,-0.086
36.5011434844865,8.245913606179988,2016-10-24,0,31.2,14.3,0.0,53.2,0.25,0.05
35.49146940199591,8.827815089995486,2018-06-01,0,25.7,15.6,0.0,61.45,0.18,-0.139
36.28010828564026,9.885345440034486,2024-08-07,0,37.3,18.6,0.0,44.05,0.104,-0.092
37.19732753230456,10.119324901470735,2023-10-15,0,27.9,24.2,0.0,58.150000000000006,0.09,-0.153
35.7213819333425,8.73987216404425,2020-09-14,0,23.6,19.7,4.5,64.6,0.085,-0.177
31.64718,9.16994,2018-11-24,1,24.2,21.1,0.6,63.7,0.092,-0.106
35.70396440229142,8.727565752474025,2020-09-08,0,28.9,11.0,1.0,56.650000000000006,0.103,-0.164
37.04737272677022,9.805379621155724,2023-05-13,0,23.9,20.4,4.3,64.15,0.22,-0.013
31.6478,9.17248,2024-09-15,1,32.8,27.1,0.0,50.8,0.059,-0.145
31.39594,10.02317,2018-10-11,1,29.6,25.0,1.1,55.6,0.057,-0.085
31.453,9.48267,2020-03-26,1,16.6,20.8,0.0,75.1,0.08,-0.089
35.9034,9.51725,2017-07-19,1,31.6,11.9,0.8,52.6,0.424,0.012
36.34403896482691,10.311271980504642,2023-10-16,0,29.9,11.6,0.0,55.150000000000006,0.145,-0.11
36.44003847259084,8.375519611621138,2022-06-17,0,34.4,13.0,0.0,48.400000000000006,0.289,0.019
36.70491,8.73792,2024-08-14,1,35.0,16.1,2.7,47.5,0.276,0.034
31.70351,9.2416,2022-04-19,1,27.3,24.9,0.0,59.05,0.061,-0.078
35.06323248958587,8.91934130357173,2016-05-15,0,23.6,8.9,0.0,64.6,0.182,-0.126
35.44756,9.23034,2017-06-29,1,39.6,21.3,0.0,40.6,0.378,-0.037
36.58993,10.31742,2019-08-30,1,29.1,9.0,3.0,56.35,0.052,-0.202
36.26394955581917,10.2214838565768,2021-07-02,0,36.3,15.2,0.0,45.55,0.238,-0.155
33.52834,9.68543,2021-12-26,1,19.8,23.8,0.0,70.3,0.078,-0.091
36.82961132335996,10.60435278485564,2016-06-14,0,27.1,14.7,0.0,59.35,0.25,0.05
36.16592840441839,9.195533232214473,2023-05-05,0,28.2,16.3,0.0,57.7,0.129,-0.125
33.52923,9.6818,2022-06-20,1,35.2,29.6,0.0,47.2,0.06,-0.087
36.16351,9.73153,2017-08-09,1,38.6,16.3,0.0,42.1,0.021,-0.139
35.18049627365746,8.527417553461541,2017-08-12,0,29.4,13.7,0.0,55.900000000000006,0.218,-0.146
34.74083022382721,8.709132528726146,2018-08-27,0,35.0,28.2,0.0,47.5,0.16,-0.111
36.8619106707989,11.021541322823984,2021-10-04,0,28.3,29.5,0.0,57.55,0.25,0.05
35.65425297657092,8.702140419157189,2022-08-11,0,33.5,15.7,0.0,49.75,0.104,-0.088
35.77428,9.8889,2019-03-12,1,18.1,34.9,0.0,72.85,0.103,-0.153
37.17924296064253,9.425930068017378,2016-09-20,0,24.7,22.6,0.7,62.95,0.25,0.05
36.3182741668988,9.92243882012158,2017-07-09,0,38.0,19.3,0.0,43.0,0.128,-0.086
31.49424,9.4915,2021-09-20,1,37.9,24.9,0.0,43.150000000000006,0.078,-0.116
35.04821906691865,9.07894611208378,2025-06-08,0,38.1,23.4,0.0,42.85,0.098,-0.119
36.19063644477857,9.064426182990864,2021-05-12,0,22.8,15.8,0.0,65.8,0.216,-0.156
36.49986797985753,10.547007163826915,2016-06-23,0,28.3,16.0,0.0,57.55,0.25,0.05
36.76720634006908,8.62733101898671,2018-09-07,0,26.4,16.1,0.9,60.400000000000006,0.45,-0.039
36.0335593174772,9.338911828489548,2018-06-06,0,27.0,21.0,0.0,59.5,0.096,-0.14
36.739357420053686,8.899970662087153,2024-06-19,0,37.7,14.4,0.0,43.45,0.305,-0.013
35.95204410973306,9.122268834294452,2022-07-21,0,35.0,17.1,0.0,47.5,0.116,-0.068
36.66879,9.18402,2024-08-31,1,37.0,20.4,0.0,44.5,0.089,-0.165
35.079333025510536,9.13255719210579,2021-06-26,0,39.3,21.9,0.0,41.05,0.119,-0.142
37.077208125803246,9.623068843304004,2020-10-07,0,25.5,22.9,0.0,61.75,0.105,-0.261
31.39692,10.01946,2020-06-06,1,34.2,17.0,0.0,48.7,0.082,-0.105
36.40748212327857,8.79093791108198,2019-09-14,0,33.6,17.8,0.0,49.6,0.194,-0.15
31.64709,9.17221,2024-09-01,1,37.4,19.8,0.0,43.900000000000006,0.049,-0.156
36.170665646662506,10.170563452701913,2017-08-01,0,37.2,20.2,0.0,44.2,0.169,-0.14
36.3705874086738,10.148135503209732,2024-10-15,0,30.9,16.6,0.0,53.650000000000006,0.223,0.012
37.23837531468882,9.599898111808493,2020-08-20,0,36.8,20.2,0.0,44.8,0.393,-0.077
36.77602,10.19907,2016-09-22,1,28.1,17.4,0.0,57.85,0.078,-0.119
31.39985,10.02253,2025-03-28,1,23.3,27.0,0.0,65.05,0.066,-0.09
35.36355556942748,8.411589448612059,2024-09-21,0,26.7,14.6,0.1,59.95,0.052,-0.12
36.5528,8.29736,2020-08-02,1,36.9,15.1,0.0,44.650000000000006,0.623,0.11
35.53722,10.71909,2025-11-10,1,23.5,19.2,0.0,64.75,0.101,-0.049
35.042761018131856,8.577194828399303,2017-07-11,0,38.1,17.7,0.0,42.85,0.119,-0.123
36.14439660169331,9.068528159401827,2020-06-18,0,33.6,22.1,0.0,49.6,0.449,0.019
35.01693434121023,9.07588435285638,2025-08-24,0,32.9,14.9,0.5,50.650000000000006,0.09,-0.116
35.21812941056104,8.872711942149248,2025-09-18,0,30.9,12.0,0.0,53.650000000000006,0.291,0.044
36.14488140680868,9.886786426417924,2016-05-20,0,20.5,31.8,0.0,69.25,0.406,-0.014
36.3957851856631,10.153261209969482,2023-09-02,0,31.8,17.8,0.0,52.3,0.124,-0.068
35.896951519757174,9.267379995425925,2020-05-24,0,29.5,13.1,0.0,55.75,0.252,-0.079
35.49898504884511,9.091895678762176,2018-07-17,0,36.0,15.5,0.0,46.0,0.127,-0.126
36.94096705658335,8.729021118436105,2019-06-08,0,32.3,26.9,0.0,51.55,0.731,0.232
35.992996102916294,9.437545350439692,2024-10-13,0,31.6,10.3,0.0,52.6,0.097,-0.153
36.878375309865525,8.88186476125422,2019-05-24,0,22.1,15.7,7.8,66.85,0.25,0.05
37.09377812285762,9.874270685645635,2017-08-08,0,41.4,23.8,0.0,37.900000000000006,0.107,-0.155
31.6492,9.17188,2022-03-05,1,17.0,23.7,0.0,74.5,0.25,0.05
31.48369,9.54056,2025-01-31,1,22.7,39.8,0.0,65.95,0.074,-0.064
36.58320360081487,10.524134309200427,2020-06-03,0,28.5,16.8,0.0,57.25,0.342,-0.064
35.45087197407622,8.850767797832246,2021-05-22,0,34.4,18.4,0.0,48.400000000000006,0.178,-0.177
35.87425,10.58611,2021-09-11,1,32.8,23.7,0.5,50.8,0.095,-0.115
36.3090391209652,9.300246591712366,2018-08-21,0,27.8,17.8,10.0,58.3,0.054,-0.139
35.413720976355044,8.47813650534949,2016-09-22,0,28.4,11.3,0.0,57.400000000000006,0.065,-0.15
34.86550993027609,8.603961722327414,2024-05-22,0,29.5,18.8,0.0,55.75,0.085,-0.123
31.65023,9.1691,2024-05-13,1,34.6,20.0,0.0,48.1,0.076,-0.094
35.22453883144735,8.76592534951758,2018-06-25,0,30.6,16.0,0.0,54.1,0.085,-0.164
31.70514,9.24436,2021-05-08,1,29.6,26.7,0.0,55.6,0.085,-0.093
36.77631042675759,10.832793197359177,2021-06-21,0,32.6,24.3,0.0,51.1,0.169,-0.149
36.78898,9.31593,2021-09-10,1,29.2,20.1,1.3,56.2,0.15,-0.123
33.36629,8.54929,2022-05-12,1,27.3,17.0,0.0,59.05,0.072,-0.023
36.61985351759449,8.701073049505554,2020-09-18,0,34.6,7.1,0.0,48.1,0.142,-0.274
35.77551,9.89232,2019-12-31,1,13.7,20.9,1.0,79.45,0.1,-0.125
36.2996996558496,9.907050760440532,2021-05-14,0,31.8,26.8,0.0,52.3,0.304,-0.118
36.595326549440536,8.505422953405562,2019-05-04,0,13.6,22.7,13.0,79.6,0.017,0.081
37.10548595303376,9.824136845348493,2016-05-20,0,20.6,35.9,0.0,69.1,0.231,-0.137
36.945635937652014,9.524892145988924,2022-10-16,0,30.3,13.3,0.0,54.55,0.093,-0.157
31.69981,9.24433,2018-12-08,1,17.9,12.3,0.0,73.15,0.082,-0.097
36.49649549597089,8.796252527403725,2017-05-21,0,25.9,19.3,0.0,61.150000000000006,0.324,-0.04
36.15932,9.83335,2021-08-12,1,41.7,14.3,0.0,37.45,0.259,-0.067
35.344678070415235,9.118335454135664,2017-06-15,0,37.5,15.6,0.0,43.75,0.128,-0.122
37.16574456511815,10.116288930964195,2019-05-16,0,18.3,30.1,0.2,72.55,0.471,0.094
36.872325566653366,9.40389122799528,2021-09-08,0,30.5,16.7,0.0,54.25,0.103,-0.136
35.78251646117657,9.348751723457568,2020-05-08,0,24.1,18.0,0.0,63.85,0.293,-0.043
34.93602638190801,9.012067378687862,2019-08-06,0,38.7,18.8,0.0,41.95,0.046,-0.065
35.87794029738166,9.077207059452252,2019-05-02,0,20.4,20.3,0.4,69.4,0.319,0.029
36.43428913809415,8.564902368469442,2017-09-23,0,31.4,13.4,0.3,52.900000000000006,0.161,-0.196
36.640725824048864,10.003939151005582,2023-08-18,0,41.6,29.1,0.0,37.6,0.05,-0.132
36.575702917529455,10.612933874072962,2022-10-14,0,25.6,25.2,0.4,61.6,0.256,-0.04
35.92191276324676,9.523774910603931,2020-08-04,0,25.8,15.0,1.8,61.3,0.285,-0.076
34.977671899623346,8.626906560898007,2020-05-14,0,32.9,40.3,0.0,50.650000000000006,0.177,-0.1
36.57720443615276,10.47417996407903,2016-06-14,0,31.1,18.2,0.0,53.35,0.25,0.05
35.10755759531988,8.874380585786795,2024-09-25,0,26.9,19.2,1.9,59.650000000000006,0.114,-0.123
31.48365,9.54122,2018-07-08,1,42.9,22.0,0.0,35.650000000000006,0.075,-0.12
36.866190079218015,9.560014223494068,2023-09-16,0,36.3,15.9,1.7,45.55,0.094,-0.156
35.3431200747566,8.919024744671392,2025-10-20,0,20.8,11.2,0.0,68.8,0.25,0.05
35.25936570204,8.960304576437972,2017-08-05,0,39.7,15.6,0.0,40.45,0.115,-0.171
36.85970928250864,9.501093955038067,2018-10-06,0,25.0,13.0,0.0,62.5,0.197,-0.237
37.10063171137409,9.774697823229433,2019-07-13,0,37.1,18.3,0.0,44.35,0.196,-0.2
35.16947,8.62429,2021-06-29,1,37.4,25.6,0.0,43.900000000000006,0.23,-0.109
36.5841367569243,10.052625579734144,2016-08-27,0,35.4,17.3,0.0,46.900000000000006,0.149,-0.161
36.50441653296769,10.449802389315256,2021-08-19,0,32.9,19.2,0.0,50.650000000000006,0.355,-0.039
36.93507,8.69726,2023-07-19,1,38.5,14.3,0.0,42.25,0.409,0.136
36.98500507783494,10.968466500061371,2024-06-14,0,24.5,19.3,0.0,63.25,0.247,-0.057
33.36446,8.5453,2022-10-23,1,29.3,13.3,0.0,56.05,0.045,-0.013
36.99505499056409,9.716003271418533,2016-05-19,0,25.8,18.0,0.1,61.3,0.153,-0.144
35.90411506710393,9.127306509042038,2021-08-16,0,36.0,14.8,0.0,46.0,0.379,-0.01
36.43856694925901,8.786652910205596,2021-08-14,0,40.3,18.7,0.0,39.55,0.174,-0.1
36.84893,9.57925,2019-08-17,1,34.9,14.8,0.0,47.650000000000006,0.12,-0.127
34.983217685069896,8.501798752040148,2017-08-17,0,30.9,10.2,0.7,53.650000000000006,0.113,-0.16
36.8236,9.10043,2020-08-02,1,36.5,18.4,0.0,45.25,0.209,-0.137
34.7527259561784,8.375965377059321,2019-07-13,0,38.1,32.3,0.0,42.85,0.111,-0.139
36.79569666023215,10.646772435219097,2023-08-23,0,31.7,13.6,0.0,52.45,0.105,-0.18
37.08565219418166,9.46295095547294,2025-08-03,0,30.0,16.5,0.0,55.0,0.246,-0.026
36.77649,10.2025,2018-04-12,1,20.6,15.4,2.2,69.1,0.11,-0.063
36.40549682676889,8.725643020377877,2024-10-09,0,33.3,14.3,0.0,50.05,0.053,-0.091
37.023443001539256,9.397060255267087,2016-09-18,0,25.6,18.2,0.0,61.6,0.25,0.05
36.58872649889573,10.780031202015136,2024-08-20,0,32.6,20.4,0.0,51.1,0.104,-0.16
35.567044295051616,8.632432936505309,2025-07-19,0,37.7,14.2,0.0,43.45,0.128,-0.096
37.15501149376809,9.982156252990237,2016-08-03,0,28.1,18.8,0.0,57.85,0.23,-0.14
33.36315,8.5475,2025-12-30,1,14.3,14.5,0.0,78.55,0.065,-0.022
37.07091930132672,9.7329002993336,2019-07-17,0,30.4,19.2,0.0,54.400000000000006,0.205,-0.172
36.25144427499398,9.344449558548316,2025-08-03,0,33.4,17.4,0.0,49.900000000000006,0.242,-0.081
35.03127723378624,9.11189337045575,2016-06-01,0,24.6,12.4,6.3,63.1,0.12,-0.134
36.45180322592383,8.449894571342272,2020-05-22,0,27.4,10.8,0.0,58.900000000000006,0.24,-0.036
36.59134,10.31724,2017-09-23,1,29.9,19.4,2.7,55.150000000000006,0.032,-0.184
36.4583538847547,9.883028502790427,2024-08-15,0,38.6,23.1,0.0,42.1,0.088,-0.098
36.16058231677195,9.571059958366682,2018-10-25,0,20.9,17.7,0.0,68.65,0.126,-0.088
35.628166679816104,9.15890154099911,2018-10-11,0,24.2,14.1,2.4,63.7,0.081,-0.202
37.31914700022471,9.671112371337284,2018-08-22,0,27.4,10.9,3.6,58.900000000000006,0.466,0.098
35.67258289796294,9.18178284781476,2020-08-24,0,32.4,19.6,0.0,51.400000000000006,0.095,-0.172
36.8521182424391,8.779120804698701,2023-05-21,0,16.0,25.5,10.5,76.0,0.25,0.05
35.33422076648041,9.060069781731176,2023-07-22,0,41.5,16.9,0.0,37.75,0.12,-0.103
36.54351812231033,10.412788628360628,2019-06-21,0,33.0,14.0,0.0,50.5,0.441,0.091
36.53124647892572,8.357599045427369,2016-07-24,0,28.4,16.0,0.5,57.400000000000006,0.569,0.091
31.39931,10.02448,2019-02-15,1,14.9,13.7,0.0,77.65,0.101,-0.068
34.797174235760416,8.564478909562672,2020-07-14,0,32.0,23.5,0.0,52.0,0.097,-0.129
34.80578291635983,8.699888277464634,2020-09-05,0,22.9,27.2,9.1,65.65,0.046,-0.014
36.725739731314434,10.80982586219802,2024-09-11,0,29.3,23.2,0.1,56.05,0.122,-0.164
35.13205910076803,8.839563488950684,2023-07-25,0,40.7,25.2,0.0,38.95,0.137,-0.088
32.28978,10.97428,2025-09-26,1,36.2,32.9,0.0,45.7,0.051,-0.104
31.39902,10.02439,2024-06-23,1,38.9,33.2,0.0,41.650000000000006,0.058,-0.107
36.90595840091948,10.93337294491135,2022-05-20,0,26.3,17.2,0.0,60.55,0.237,-0.069
35.412383426844286,8.40692615449674,2022-06-14,0,33.7,17.2,0.0,49.45,0.092,-0.112
35.2985,8.83189,2021-06-23,1,36.7,25.7,0.0,44.95,0.188,-0.171
36.58929,10.31742,2024-03-15,1,19.8,10.8,0.0,70.3,0.148,-0.027
36.020285997873515,9.303247778931988,2022-07-27,0,37.9,17.9,0.0,43.150000000000006,0.098,-0.092
31.48584,9.54202,2018-03-12,1,25.7,21.3,0.0,61.45,0.078,-0.103
35.77544,9.89037,2018-11-11,1,21.7,19.0,0.0,67.45,0.121,-0.107
35.21675,8.71793,2019-07-06,1,36.1,16.2,0.0,45.85,0.342,-0.043
36.45434969754248,9.768793367980692,2018-10-08,0,29.7,17.6,0.0,55.45,0.167,-0.242
36.77751859548819,10.714665422945815,2025-09-22,0,30.3,18.3,4.5,54.55,0.056,0.014
31.65329,10.23924,2016-06-23,1,29.0,24.1,0.0,56.5,0.07,-0.087
37.0211702297367,10.980721632582242,2017-09-13,0,25.7,19.5,0.0,61.45,0.209,-0.183
36.55200598877976,10.712439445164634,2020-09-10,0,27.9,12.2,16.9,58.150000000000006,0.243,-0.184
31.64747,9.17376,2024-11-07,1,27.1,18.4,0.0,59.35,0.053,-0.104
33.53075,9.68444,2022-02-27,1,19.9,26.3,0.0,70.15,0.25,0.05
37.18447,9.30382,2017-08-02,1,40.2,19.3,0.0,39.7,0.059,0.018
37.00358301269142,9.32201524715862,2017-10-15,0,23.3,15.1,0.0,65.05,0.236,-0.171
36.82704,8.67314,2017-08-02,1,38.1,20.7,0.0,42.85,0.572,0.084
36.96434075804892,9.319280717376609,2021-06-09,0,23.5,24.3,0.0,64.75,0.25,-0.035
36.471432654354594,8.71304464094648,2020-06-02,0,30.3,14.5,0.0,54.55,0.231,-0.11
36.47702835118048,8.368103501417155,2023-07-24,0,44.6,25.7,0.0,33.099999999999994,0.219,-0.11
35.347111972653764,8.490861135235846,2017-06-24,0,31.1,9.9,0.0,53.35,0.121,-0.135
36.35827007597184,9.079045697809354,2016-05-05,0,26.1,15.0,0.3,60.85,0.25,0.05
36.46460213360815,9.775255825865893,2020-07-15,0,31.5,19.7,0.1,52.75,0.139,-0.158
34.80653021625,8.359540792692936,2022-07-08,0,34.2,27.5,0.5,48.7,0.064,-0.11
35.41903289127048,8.706790268692439,2020-05-17,0,22.6,19.2,2.4,66.1,0.188,-0.089
36.45833537928984,9.48466014656698,2024-06-14,0,33.2,15.3,0.0,50.2,0.124,-0.1
37.22567746057876,10.12362249500681,2021-07-21,0,28.7,13.3,0.0,56.95,0.468,0.02
36.540631660231085,8.386538277142455,2017-06-05,0,21.4,18.9,28.3,67.9,0.247,-0.062
36.44321706395469,9.543355240656858,2016-10-11,0,25.2,15.9,0.0,62.2,0.405,-0.014
35.90297,9.52164,2017-07-19,1,32.1,11.9,0.8,51.85,0.464,0.038
37.18301178301039,10.233720105818474,2024-09-15,0,24.4,35.5,0.0,63.400000000000006,0.122,0.038
34.73961,10.63309,2023-09-12,1,31.2,19.6,0.0,53.2,0.09,-0.13
37.15060114873188,9.99856125888819,2017-08-27,0,36.4,15.7,0.0,45.400000000000006,0.197,-0.133
36.82757557796268,10.94844909475096,2017-06-22,0,26.4,18.4,0.0,60.400000000000006,0.153,-0.157
37.25619543316808,9.539431763297332,2018-09-05,0,36.5,11.8,0.0,45.25,0.533,-0.066
33.8745,9.98945,2025-10-03,1,25.9,15.0,0.0,61.150000000000006,0.037,-0.094
36.7472453494757,8.940616522530878,2024-06-05,0,22.4,12.8,0.0,66.4,0.277,0.032
36.92427825897423,9.317720238117683,2025-05-26,0,22.5,15.1,0.0,66.25,0.316,0.077
31.00276,10.06187,2020-11-27,1,21.7,38.8,0.0,67.45,0.06,-0.132
36.67694,9.92059,2021-04-07,1,20.7,22.4,0.0,68.95,0.241,0.061
33.58773,8.87676,2018-08-24,1,34.9,18.9,0.0,47.650000000000006,0.169,-0.036
35.55658902317002,9.221693127347208,2017-09-25,0,27.8,10.0,0.0,58.3,0.112,-0.14
32.29381,10.94739,2016-07-22,1,35.1,23.0,0.0,47.35,0.078,-0.088
35.67392,8.66998,2019-09-21,1,32.9,19.9,0.0,50.650000000000006,0.227,-0.165
31.64935,9.17107,2023-01-01,1,19.3,15.6,0.0,71.05,0.08,-0.108
36.35849002814002,9.110152842651424,2021-06-24,0,36.4,19.1,0.0,45.400000000000006,0.228,-0.032
31.64775,9.16933,2018-10-10,1,32.2,28.3,0.0,51.7,0.083,-0.123
33.47911,11.10723,2021-07-05,1,32.3,28.7,0.0,51.55,0.072,-0.026
37.08862942124812,9.948206533022004,2025-09-27,0,23.9,19.7,8.1,64.15,0.147,-0.144
37.12793658871439,9.553929709142,2017-10-04,0,21.6,13.5,29.5,67.6,0.128,-0.163
31.69979,9.24029,2017-01-10,1,11.3,17.4,0.0,83.05,0.075,-0.083
36.74190240013658,10.534873731354775,2016-05-20,0,21.8,37.0,0.0,67.3,0.399,-0.015
36.65256628607989,8.643613317050502,2021-10-05,0,22.6,17.7,4.0,66.1,0.303,-0.039
35.24919340708048,8.945602598487554,2016-06-24,0,33.0,16.5,0.0,50.5,0.113,-0.146
31.64745,9.17071,2022-11-02,1,25.6,12.4,0.0,61.6,0.069,-0.112
36.7765,10.19927,2020-12-01,1,19.4,10.6,0.0,70.9,0.17,-0.042
35.9533216728506,9.546965271884618,2016-06-08,0,28.9,15.5,0.0,56.650000000000006,0.571,0.107
36.46663347069055,10.391312331782869,2024-09-17,0,27.4,17.7,0.1,58.900000000000006,0.264,-0.025
37.20449200376736,9.333281372220362,2021-05-05,0,18.4,10.9,10.2,72.4,0.481,0.102
36.658834973763575,10.452145943136312,2018-10-02,0,21.6,18.2,11.2,67.6,0.25,0.05
35.40333076096751,9.114246366548551,2017-10-21,0,21.9,18.3,0.2,67.15,0.229,-0.11
31.40287,9.85242,2017-02-11,1,17.0,23.3,0.0,74.5,0.095,-0.085
36.27038770881639,9.097833832068412,2022-09-17,0,28.0,13.8,3.7,58.0,0.29,0.059
37.05739084547829,9.336835712598674,2020-05-18,0,17.8,23.5,6.0,73.3,0.25,0.05
32.29018,10.97349,2025-10-08,1,25.8,16.2,0.0,61.3,0.054,-0.088
35.55983149334952,9.235181197874756,2022-08-10,0,34.7,19.5,0.0,47.95,0.065,-0.096
35.25079174293391,8.544337546070867,2024-05-01,0,21.0,16.9,0.0,68.5,0.133,-0.11
36.15196313937459,9.79291780357184,2023-05-12,0,21.0,19.9,15.5,68.5,0.2,-0.066
35.53511068217793,8.907603125564403,2025-06-03,0,31.5,21.1,0.0,52.75,0.144,-0.072
33.87349,9.99244,2024-09-18,1,31.9,27.1,7.3,52.150000000000006,0.04,-0.17
36.41028709251863,9.9956483034884,2024-05-27,0,32.5,19.1,0.0,51.25,0.138,-0.152
36.63197863497872,10.527593950476025,2018-09-06,0,34.6,16.6,0.0,48.1,0.505,0.033
37.52754884988881,8.939772773799978,2018-09-05,0,26.2,25.5,0.0,60.7,0.43,-0.085
36.71502769612673,10.926057861861771,2024-06-05,0,26.9,18.6,0.3,59.650000000000006,0.285,0.044
34.885096299011295,8.479624757064691,2024-10-13,0,28.2,12.7,0.0,57.7,0.112,-0.101
36.0271,9.10943,2020-07-12,1,35.1,20.2,0.0,47.35,0.165,-0.104
36.56631624849764,10.829885482416124,2019-09-11,0,26.9,11.9,0.3,59.650000000000006,0.231,-0.118
36.95739,9.40181,2022-09-15,1,38.6,21.3,0.0,42.1,0.251,-0.024
36.43393076394174,8.496799452333759,2024-08-19,0,30.4,15.6,0.5,54.400000000000006,0.261,-0.029
36.18569739017697,10.092970489273243,2016-10-02,0,28.3,7.4,0.3,57.55,0.138,-0.18
36.20114198949436,9.162765654704812,2019-06-05,0,34.7,19.2,0.0,47.95,0.221,-0.131
36.224158294248575,9.442339097574342,2017-07-16,0,31.3,23.4,0.0,53.05,0.15,-0.087
36.52670825453298,8.954090986444225,2021-08-20,0,38.4,17.3,0.0,42.400000000000006,0.142,-0.145
36.27624039262489,10.13315903979296,2025-09-26,0,27.7,14.0,1.9,58.45,0.201,-0.097
31.36783,9.96081,2019-01-18,1,13.8,10.5,0.0,79.3,0.089,-0.073
37.18713,9.28146,2025-08-27,1,39.8,16.7,0.0,40.3,0.18,-0.054
35.15422055841009,8.50925421990366,2019-10-14,0,24.0,16.3,0.0,64.0,0.37,-0.06
31.65017,9.17193,2024-12-20,1,17.0,22.1,0.0,74.5,0.071,-0.124
35.52359186721735,9.162318735307377,2022-05-10,0,19.2,12.3,0.5,71.2,0.154,-0.075
37.14519387895479,9.227493710356944,2018-09-18,0,30.8,17.7,0.6,53.8,0.373,-0.096
36.49302516432053,9.897377354099817,2025-05-03,0,29.2,22.1,0.0,56.2,0.219,-0.105
35.469802032679105,8.670201987042784,2024-06-10,0,33.9,21.9,0.0,49.150000000000006,0.181,-0.095
35.50722917379242,8.416313967856228,2018-09-19,0,26.8,10.9,0.1,59.8,0.129,-0.145
35.1486689564505,9.071699577139436,2016-07-23,0,35.3,17.8,0.0,47.05,0.134,-0.15
36.27093210114524,9.869244580330056,2017-05-10,0,29.5,27.5,0.4,55.75,0.333,-0.059
36.43302514119474,10.59129029246234,2019-09-27,0,27.9,17.9,0.0,58.150000000000006,0.201,0.006
35.21114449110924,9.000624457045687,2021-10-06,0,25.2,11.8,1.1,62.2,0.133,-0.205
36.0251,9.62189,2022-07-25,1,36.1,12.0,0.0,45.85,0.278,-0.026
34.97265971495895,8.456031446825763,2017-09-15,0,32.5,22.1,0.0,51.25,0.112,-0.151
36.86724200546188,8.959004483628156,2024-08-17,0,30.7,16.6,1.8,53.95,0.16,-0.098
37.2084056566095,9.947060200794644,2022-07-17,0,34.0,16.6,0.0,49.0,0.229,-0.033
36.19118130899776,9.156022876584238,2017-10-04,0,19.4,17.8,11.4,70.9,0.146,-0.162
35.15201,8.58498,2017-08-05,1,36.1,20.6,0.0,45.85,0.25,0.05
35.13196,8.9336,2020-08-03,1,37.8,23.2,0.0,43.3,0.27,-0.112
35.23014530505982,8.960201825235966,2016-07-21,0,35.6,12.7,0.0,46.6,0.105,-0.15
36.53284337385866,8.498730668111296,2016-09-21,0,25.3,16.0,0.3,62.05,0.25,0.05
36.162565666932224,9.976944310623566,2025-09-05,0,33.5,16.8,0.0,49.75,0.144,-0.083
34.96990731275336,8.714292190446068,2020-09-11,0,25.9,17.6,0.2,61.150000000000006,0.073,-0.096
33.87189,9.99107,2023-09-25,1,29.5,19.5,0.0,55.75,0.046,-0.112
36.07502159906997,9.66291695450363,2019-07-19,0,31.2,11.7,0.0,53.2,0.382,-0.069
35.04673616962345,9.193097784998656,2018-08-10,0,32.2,8.4,0.5,51.7,0.119,-0.14
37.25012717556601,9.423636094293398,2016-07-24,0,28.0,20.4,0.0,58.0,0.438,-0.044
37.0564936755197,10.003845973481043,2016-10-15,0,25.8,16.2,0.0,61.3,0.27,-0.198
37.0596785956705,9.962443395326552,2016-06-16,0,28.0,25.5,0.0,58.0,0.277,-0.128
36.75624,9.18518,2018-09-12,1,34.5,11.8,0.0,48.25,0.137,-0.224
37.082149821375154,9.448594630403807,2024-05-16,0,22.2,20.0,0.0,66.7,0.353,0.083
37.085241664173374,9.383307320349116,2020-10-26,0,23.8,24.5,0.4,64.3,0.754,0.233
31.64766,9.16997,2025-04-18,1,27.0,19.1,0.0,59.5,0.068,-0.112
36.25696051070405,9.461653555925915,2021-07-18,0,30.1,23.6,0.0,54.85,0.12,-0.13
35.736526643586345,8.845828620959356,2023-06-19,0,34.8,16.5,0.1,47.8,0.185,-0.036
36.7870643691543,10.59672345664659,2025-06-04,0,29.8,21.8,0.0,55.3,0.263,-0.03
36.30113043443068,10.26454387850614,2018-05-16,0,23.1,15.3,0.0,65.35,0.205,-0.114
36.125905387177085,9.97576817842114,2021-07-14,0,32.0,26.3,0.0,52.0,0.097,-0.189
36.961616307069264,9.882701663438128,2019-06-13,0,32.2,19.4,0.0,51.7,0.156,-0.211
36.6812674793827,8.555280719928152,2025-07-05,0,32.0,12.1,0.0,52.0,0.214,-0.094
33.53266,9.68182,2022-10-01,1,28.2,39.6,0.0,57.7,0.054,-0.11
36.88340750723113,10.921852904712392,2018-06-08,0,24.7,26.5,0.3,62.95,0.182,-0.18
36.13135917557712,9.492674124386111,2025-10-04,0,21.9,16.6,0.5,67.15,0.117,-0.142
36.36290531432796,10.311085272164869,2016-09-23,0,26.7,9.9,13.7,59.95,0.163,-0.209
35.552637864938376,9.22447914482706,2025-09-17,0,32.3,15.5,0.0,51.55,0.134,-0.093
37.063547166788645,9.303740068104,2018-05-05,0,19.0,17.0,1.1,71.5,0.54,0.204
34.71591718575525,8.604820486240857,2025-07-12,0,35.2,21.9,0.0,47.2,0.085,-0.101
37.06695988167839,9.189115166645903,2022-10-20,0,28.6,16.4,0.0,57.1,0.352,0.034
31.39881,10.0216,2019-02-16,1,15.6,27.5,0.0,76.6,0.102,-0.075
35.99091267532375,9.551959017892232,2019-09-03,0,24.7,22.1,0.3,62.95,0.104,-0.003
35.313819525710755,8.312151813314106,2017-05-02,0,15.8,15.3,4.7,76.3,0.357,0.006
34.8412,10.63995,2022-10-08,1,28.0,22.4,0.0,58.0,0.066,-0.036
35.54401020290803,9.334820102647376,2020-06-17,0,32.3,19.4,0.6,51.55,0.162,-0.15
33.87356,9.98997,2024-10-25,1,24.2,23.5,0.0,63.7,-0.001,-0.054
36.65824226275016,10.5489090189469,2024-07-10,0,33.8,16.6,0.0,49.3,0.263,-0.02
37.03596199487092,9.54769299442111,2019-08-27,0,35.4,15.3,0.0,46.900000000000006,0.15,-0.235
37.00736993084092,9.311352768090638,2022-06-23,0,34.3,16.5,0.0,48.55,0.148,-0.071
35.735259293203704,8.790810269835541,2017-09-13,0,27.8,13.4,0.0,58.3,0.063,-0.155
35.55044153818129,8.762325244779923,2021-09-25,0,36.3,17.6,0.0,45.55,0.211,-0.07
36.4192113895569,10.04959495589367,2021-10-10,0,21.5,16.3,4.9,67.75,0.122,-0.208
35.3612,9.40329,2022-10-04,1,29.7,12.3,0.0,55.45,0.096,-0.12
35.5432823167593,8.654192168726679,2019-08-21,0,31.3,16.3,0.0,53.05,0.127,-0.153
37.09648078104975,9.510513527478878,2021-06-26,0,39.4,19.7,0.0,40.900000000000006,0.257,-0.041
35.484849200667824,9.233985968482475,2017-07-24,0,40.9,21.2,0.0,38.650000000000006,0.147,-0.113
36.81378,9.3447,2017-08-06,1,41.3,17.9,3.2,38.05,0.154,-0.111
35.85056,8.5933,2016-12-11,1,15.6,5.9,0.0,76.6,0.064,-0.278
36.85540436674364,10.772956621317286,2020-09-15,0,25.2,16.5,0.8,62.2,0.532,0.172
32.29383,10.94482,2016-01-26,1,17.5,13.3,0.0,73.75,0.086,-0.081
35.22961057954504,9.22007174625111,2023-08-22,0,33.7,18.3,0.0,49.45,0.063,-0.132
33.8601,10.05808,2025-01-26,1,22.2,20.0,0.0,66.7,0.156,-0.023
36.182685266881954,9.98421714983309,2022-10-07,0,27.3,13.0,0.0,59.05,0.166,-0.056
37.07009182738497,10.056327440990485,2018-06-06,0,25.7,19.7,0.0,61.45,0.19,-0.213
37.16384,9.21853,2017-08-04,1,38.5,19.7,0.0,42.25,0.693,0.306
31.70089,9.24147,2023-05-22,1,31.9,40.0,0.0,52.150000000000006,0.062,-0.092
35.20628,8.66832,2021-06-16,1,29.5,16.6,0.0,55.75,0.304,-0.133
36.44801717367407,8.249603077810562,2023-10-24,0,24.5,11.1,1.0,63.25,0.363,0.061
34.60246,10.58638,2020-04-10,1,20.1,22.6,0.0,69.85,0.115,-0.053
36.71983553163085,10.467291401192272,2020-08-16,0,37.0,19.3,0.0,44.5,0.259,-0.027
34.816101977654505,8.546093058856158,2023-06-12,0,31.5,24.5,0.9,52.75,0.107,-0.106
36.783536139345,8.58711508225482,2024-05-12,0,27.7,10.7,0.0,58.45,0.445,0.165
36.28923115591307,9.571543963291973,2020-05-21,0,25.0,25.5,0.5,62.5,0.326,-0.049
37.26210952686614,9.499765305245525,2021-09-13,0,28.0,12.1,0.0,58.0,0.501,0.074
36.19592574679225,9.903847151508597,2017-05-04,0,29.1,13.5,0.2,56.35,0.443,0.046
33.36369,8.5458,2023-01-05,1,16.4,10.5,0.0,75.4,0.054,-0.018
33.36549,8.5493,2022-07-10,1,34.1,24.0,0.0,48.85,0.003,0.26
36.2354029613714,9.939759157130636,2017-10-24,0,20.6,25.8,0.3,69.1,0.509,0.044
37.01948092740148,9.753433576018692,2017-06-04,0,32.5,15.8,0.7,51.25,0.222,-0.24
35.846394327793924,9.481540427298292,2024-05-19,0,25.6,17.4,0.8,61.6,0.211,-0.068
35.65530900635676,9.171184857196089,2018-05-15,0,21.8,11.2,0.0,67.3,0.108,-0.129
36.70770847186464,8.53821158904122,2025-09-02,0,26.3,16.9,4.5,60.55,0.123,-0.131
36.42431,9.03956,2023-07-25,1,37.9,22.4,0.0,43.150000000000006,0.268,0.004
35.63792588890135,9.226709273209476,2023-06-04,0,20.8,15.9,3.9,68.8,0.099,-0.104
31.70154,9.24252,2021-11-05,1,28.9,26.0,0.0,56.650000000000006,0.25,0.05
35.97354134828499,9.43227080078626,2021-06-20,0,39.5,16.9,0.0,40.75,0.113,-0.147
35.54127476100342,8.89919379956798,2019-08-11,0,36.2,12.4,0.0,45.7,0.131,-0.064
36.41812741116436,9.063318176666902,2022-07-16,0,35.5,18.5,0.0,46.75,0.321,0.064
36.52224788548932,8.484628518982728,2019-05-05,0,19.1,21.1,0.4,71.35,0.406,0.012
36.56937400167482,10.815914191030236,2022-06-15,0,29.4,11.8,0.0,55.900000000000006,0.194,-0.1
34.78313913690526,8.555258226402517,2017-10-27,0,25.0,22.1,0.0,62.5,0.109,-0.153
35.78080327549888,9.122113165539163,2021-10-15,0,17.2,26.7,0.0,74.2,0.086,-0.159
36.86648517479552,10.709223121396295,2022-06-13,0,27.0,15.4,0.0,59.5,0.131,-0.137
34.980473464493954,8.972604347461571,2016-10-22,0,26.9,13.7,0.0,59.650000000000006,0.104,-0.138
36.17153,9.69853,2017-08-08,1,40.1,17.0,0.0,39.85,0.33,-0.053
31.65623,10.23927,2017-10-23,1,21.2,18.8,0.4,68.2,-0.001,0.312
36.77880032081755,10.782247726955102,2025-08-16,0,28.5,19.7,1.7,57.25,0.268,-0.03
36.13371812354506,9.591029927035969,2025-05-21,0,23.3,15.0,0.0,65.05,0.157,-0.109
37.183511876651,9.318849003109626,2017-09-02,0,27.0,25.0,0.0,59.5,0.282,-0.171
31.40364,9.8525,2022-02-24,1,17.1,14.4,0.0,74.35,0.083,-0.08
31.00196,10.06239,2021-08-23,1,34.4,25.5,0.0,48.400000000000006,0.056,-0.114
36.76475929781164,8.57702833270737,2018-09-16,0,32.8,15.1,0.0,50.8,0.661,0.168
35.422337899552225,8.916513478848453,2025-09-13,0,28.7,11.7,0.0,56.95,0.132,-0.099
37.07731,9.6517,2021-08-27,1,35.4,16.1,0.0,46.900000000000006,0.114,-0.113
36.3680718654519,10.478204047115398,2021-07-18,0,33.1,28.3,0.0,50.35,0.186,-0.176
34.79321933138457,8.53031581188232,2016-07-19,0,33.1,15.3,0.0,50.35,0.087,-0.119
36.2680765992658,9.512059686348852,2025-05-18,0,30.3,14.0,0.0,54.55,0.219,-0.034
31.64974,9.17292,2022-04-06,1,32.1,30.7,0.0,51.85,0.083,-0.1
37.17357652473528,9.68997573279418,2025-08-14,0,33.3,12.1,0.0,50.05,-0.147,0.158
36.01661318653589,9.288214957431553,2023-09-27,0,25.0,19.3,0.0,62.5,0.061,-0.106
35.35210719271802,8.50783257392599,2016-09-24,0,25.7,7.2,11.8,61.45,0.069,-0.154
36.91525,9.69092,2019-08-18,1,36.4,19.9,0.0,45.400000000000006,0.135,-0.143
36.66495,9.62919,2017-04-13,1,22.9,16.6,0.0,65.65,0.587,0.218
36.90595665935369,8.904462874905224,2018-08-04,0,26.9,14.2,17.6,59.650000000000006,0.83,0.332
36.1583,10.28357,2016-03-21,1,27.0,15.2,0.0,59.5,0.142,-0.117
35.42316,9.23381,2021-07-04,1,40.7,17.4,0.0,38.95,0.187,-0.152
35.011398036264524,8.667958481313356,2017-07-05,0,30.9,18.7,0.0,53.650000000000006,0.102,-0.145
35.092137848481194,8.389546399585141,2018-08-03,0,31.6,21.0,3.1,52.6,0.198,-0.134
36.11531011400548,9.832436991239613,2019-08-06,0,38.0,16.7,0.0,43.0,0.265,-0.085
35.094325881686075,8.405368531575297,2024-05-27,0,30.2,16.0,0.0,54.7,0.096,-0.132
35.10816791518487,8.860192442432092,2024-06-22,0,35.7,15.8,0.0,46.45,0.107,-0.092
36.39832380479088,10.39964467305078,2023-06-09,0,28.5,11.4,1.5,57.25,0.25,0.05
35.48592365477987,8.6935033675246,2022-09-19,0,33.6,22.3,0.2,49.6,0.069,-0.14
36.98198738795045,9.678149389729274,2016-05-13,0,23.0,27.9,3.5,65.5,0.124,0.086
31.70265,9.2451,2022-06-13,1,33.8,22.0,0.0,49.3,0.072,-0.08
37.13747531671303,10.07156679273332,2023-08-09,0,29.8,15.8,0.0,55.3,0.178,-0.101
35.388434782413725,9.152595177260048,2022-05-17,0,32.2,13.5,0.6,51.7,0.233,-0.025
36.585214193512186,10.63783250150348,2019-05-01,0,19.7,13.9,0.3,70.45,0.613,0.225
33.87312,9.99099,2017-02-22,1,23.5,17.0,0.0,64.75,0.067,-0.131
35.640667797811005,9.183060619912668,2021-09-06,0,29.2,14.5,0.0,56.2,0.071,-0.133
36.51221601690844,8.364459231243446,2024-06-16,0,30.0,10.5,2.6,55.0,0.412,0.145
34.31199,8.43007,2016-07-16,1,31.5,18.3,0.0,52.75,0.25,0.05
35.475159005539865,8.403524411825941,2017-08-10,0,37.1,25.2,0.3,44.35,0.216,-0.129
35.44063,9.2419,2021-06-21,1,36.9,21.4,0.0,44.650000000000006,0.265,-0.105
36.91788413981374,11.002014791638675,2017-06-09,0,25.8,21.2,0.0,61.3,0.183,-0.185
36.96247699327503,8.91702352239709,2017-08-15,0,38.2,14.7,0.1,42.7,0.393,0.047
35.0200609318995,9.185445685840916,2019-05-12,0,25.6,23.2,0.2,61.6,0.13,-0.136
36.32796647917509,10.252740705892062,2023-08-01,0,38.4,14.8,0.0,42.400000000000006,0.061,-0.127
36.5015551547767,10.641784517987167,2017-10-09,0,23.8,11.5,0.0,64.3,0.25,0.05
35.200066886007534,8.841484132334894,2023-09-22,0,36.2,24.8,0.0,45.7,0.082,-0.1
33.52828,9.68363,2022-09-14,1,38.6,26.4,0.0,42.1,0.046,-0.104
35.18264942576829,8.84491193940736,2020-06-27,0,38.5,17.9,0.0,42.25,0.351,-0.011
35.77834915386482,9.325428383567552,2019-06-10,0,35.0,17.4,0.0,47.5,0.252,-0.08
36.0154168344522,9.508369504605849,2020-07-23,0,33.9,11.3,0.0,49.150000000000006,0.147,-0.232
36.82587157838708,10.617342919089296,2023-08-02,0,32.4,13.0,0.0,51.400000000000006,0.251,-0.061
36.89671598528184,11.007356609976924,2018-10-14,0,22.4,21.3,9.9,66.4,0.061,0.057
36.46044341003808,10.15803518613902,2022-06-13,0,33.5,13.8,0.0,49.75,0.12,-0.109
35.69360291257883,9.139210202358274,2025-07-09,0,31.5,17.8,0.0,52.75,0.083,-0.146
36.57700249245256,10.419755355816935,2024-10-20,0,19.8,22.5,1.2,70.3,0.137,0.012
34.88187301902732,8.83379530579758,2019-10-13,0,24.6,15.1,0.0,63.1,0.226,-0.051
35.48929972589568,8.550947710090515,2023-08-10,0,33.0,13.1,0.0,50.5,0.118,-0.083
36.52829,8.88168,2019-08-17,1,38.5,17.9,0.0,42.25,0.232,-0.103
36.1096675034917,9.82130137427213,2018-08-11,0,33.9,8.9,0.0,49.150000000000006,0.188,-0.086
36.45420875334797,10.383588364973876,2017-09-10,0,31.0,29.3,11.9,53.5,0.21,-0.095
36.67873,9.92013,2019-05-31,1,23.6,20.0,0.5,64.6,0.144,-0.073
35.41150645951742,9.003998657616588,2021-07-11,0,35.6,16.9,0.0,46.6,0.135,-0.156
36.57056840056221,10.524565845152312,2021-07-05,0,32.2,18.1,0.0,51.7,0.303,-0.086
32.28881,10.97491,2016-10-27,1,32.2,21.8,0.0,51.7,0.068,-0.108
33.36294,8.54904,2022-05-14,1,34.0,15.9,0.0,49.0,0.055,-0.028
36.95331727541496,9.964085164132182,2018-05-11,0,24.4,21.7,0.0,63.400000000000006,0.023,0.105
36.73373136826087,8.480978262871616,2025-08-12,0,30.6,13.2,0.0,54.1,0.282,-0.047
36.604165858733126,10.382570055922177,2025-10-17,0,23.5,9.7,3.3,64.75,0.337,0.073
36.0754086993704,9.26114357745415,2025-05-09,0,20.3,10.0,1.0,69.55,0.476,0.21
36.036308669986695,10.025949585743236,2024-07-14,0,43.2,23.0,0.0,35.19999999999999,0.073,-0.145
36.21341397207764,9.054196584168746,2025-10-16,0,24.0,18.4,0.8,64.0,0.09,-0.117
36.51361856648735,10.417221841835854,2016-07-10,0,34.8,18.7,0.0,47.8,0.25,0.05
31.48502,9.5426,2018-03-04,1,28.4,47.2,0.0,57.400000000000006,0.078,-0.102
35.54779513386651,8.641032519449922,2022-09-15,0,34.5,18.1,0.0,48.25,0.083,-0.148
36.98963323035071,9.269321569186651,2017-05-04,0,27.8,14.8,0.0,58.3,0.629,0.195
34.99198670128224,8.401360041042588,2018-07-24,0,36.9,20.4,0.0,44.650000000000006,0.137,-0.145
31.70381,9.2445,2021-06-13,1,35.5,23.8,0.0,46.75,0.071,-0.135
37.18568785724763,9.545685462334005,2019-09-26,0,25.4,19.7,2.1,61.900000000000006,0.315,-0.151
36.72057,9.33319,2019-09-05,1,27.1,22.7,0.8,59.35,0.155,-0.167
36.00295,9.6356,2017-07-03,1,25.4,25.7,0.0,61.900000000000006,0.098,-0.044
31.39924,10.02421,2024-06-17,1,40.6,28.9,0.0,39.1,0.065,-0.089
36.38202,8.46792,2016-07-07,1,32.6,12.3,0.0,51.1,0.25,0.05
32.28819,10.97332,2017-12-29,1,17.8,29.7,0.0,73.3,0.089,-0.085
36.54277813023759,10.55706985803127,2017-10-22,0,24.5,17.1,0.4,63.25,0.531,0.085
35.0734869887853,8.881431436350969,2024-09-24,0,23.9,15.2,0.2,64.15,0.058,-0.109
31.70047,9.24481,2016-03-26,1,20.7,19.1,0.0,68.95,0.25,0.05
36.54793,10.42016,2019-08-07,1,40.1,16.9,0.0,39.85,0.398,0.04
35.93726416230815,9.537013251619053,2025-05-06,0,20.0,11.5,5.8,70.0,0.392,0.137
36.76991223845196,10.64624620103397,2020-06-14,0,23.9,24.5,0.1,64.15,0.278,-0.08
36.47124485233561,8.400796206066287,2017-06-18,0,33.0,15.4,0.0,50.5,0.178,-0.198
36.843540638869584,8.928695112724458,2025-09-01,0,33.4,15.7,0.0,49.900000000000006,0.404,0.094
36.95240178423956,9.45679316526994,2016-05-17,0,23.3,13.7,0.0,65.05,0.25,0.05
36.54304,8.30661,2021-08-10,1,42.1,16.7,0.0,36.85,0.708,0.192
36.69659,10.14658,2023-04-12,1,31.2,15.8,0.0,53.2,0.153,-0.061
36.55136628255848,10.730918976056603,2020-08-13,0,33.5,15.8,0.0,49.75,0.219,-0.127
34.67076763889879,8.57443845656669,2022-07-05,0,40.1,23.4,0.0,39.85,0.077,-0.087
35.97129848988803,9.4057903479137,2019-10-22,0,26.3,23.5,0.0,60.55,0.157,-0.086
35.68467583168152,8.805573987852046,2021-06-25,0,37.4,22.0,0.0,43.900000000000006,0.101,-0.155
35.07997,8.8884,2021-07-08,1,35.0,13.1,0.0,47.5,0.127,-0.172
35.88901982872886,9.325533919046332,2021-10-17,0,21.6,10.9,0.0,67.6,0.076,-0.054
36.36912800560987,9.651259868233293,2021-06-03,0,32.6,19.1,0.0,51.1,0.26,-0.094
36.58428219817405,8.941367306841348,2018-05-16,0,25.5,19.8,0.0,61.75,0.424,0.119
36.88927490753263,8.885049290178655,2019-10-26,0,17.8,9.0,6.4,73.3,0.709,0.355
35.674868824722324,8.99933705301032,2016-06-09,0,30.9,18.8,0.0,53.650000000000006,0.074,-0.139
36.93606301542852,9.937569816383068,2016-07-03,0,34.9,20.7,0.0,47.650000000000006,0.13,-0.181
36.69611411611615,8.788389982605194,2016-09-25,0,22.7,13.8,5.9,65.95,0.25,0.05
37.02604175920991,10.001968151293008,2018-10-19,0,25.2,11.3,0.1,62.2,0.157,-0.071
36.87797,9.57985,2025-09-05,1,31.7,13.6,0.0,52.45,0.185,-0.094
34.34563,10.15524,2022-11-11,1,24.5,24.2,0.0,63.25,0.031,-0.004
36.97308835126073,9.952289481463795,2023-08-27,0,45.8,40.6,0.0,31.30000000000001,0.062,-0.152
36.30888344096335,9.904730722140926,2022-05-19,0,31.0,15.4,0.0,53.5,0.209,-0.082
34.91074444968619,8.810718205356476,2022-05-19,0,29.0,26.2,0.0,56.5,0.096,-0.088
36.72074,8.83507,2023-08-27,1,39.6,33.1,0.0,40.6,0.363,0.043
36.54101979815632,10.5852825882664,2021-07-19,0,32.1,20.0,1.1,51.85,0.352,-0.031
35.60219948862685,8.70831654911363,2025-07-02,0,35.2,16.9,3.8,47.2,0.1,-0.089
36.73509950351332,9.024776971353823,2024-10-14,0,35.4,11.2,0.0,46.900000000000006,0.126,-0.156
36.19178563190065,9.73398586866139,2019-10-17,0,24.9,11.2,0.1,62.650000000000006,0.552,0.087
36.98431305582744,9.264310620265624,2022-05-06,0,12.9,32.3,20.9,80.65,0.499,0.267
36.00299802995628,9.531824238114314,2020-07-08,0,31.0,17.4,0.0,53.5,0.173,-0.168
31.7007,9.23978,2016-04-12,1,35.0,34.6,0.0,47.5,0.25,0.05
36.69196530580339,10.741595287234842,2018-05-11,0,22.8,21.4,0.0,65.8,0.143,0.071
36.6435044298036,10.01781529413401,2016-08-04,0,36.3,14.0,0.0,45.55,0.111,-0.157
36.86295813784649,11.103028811462714,2018-05-23,0,23.7,22.0,0.0,64.45,0.25,0.05
36.884977902874354,8.929865559900731,2017-06-06,0,22.2,18.2,11.6,66.7,0.567,0.154
36.125253739702025,9.155499522901591,2018-09-12,0,32.7,13.2,0.0,50.95,0.094,-0.196
36.50264,10.02567,2022-06-06,1,38.2,15.6,0.0,42.7,0.059,-0.114
36.67568643524399,8.545416589497078,2016-05-13,0,19.9,22.4,2.6,70.15,0.25,0.05
37.19597583982405,10.145357877477837,2016-05-03,0,18.3,34.9,0.0,72.55,0.418,0.0
37.24490216555224,9.641201399184856,2018-09-17,0,33.1,12.2,0.0,50.35,0.162,-0.194
37.33291559054305,9.704088876907758,2023-07-09,0,37.5,13.7,0.0,43.75,0.228,0.048
36.58947,10.317,2021-09-30,1,28.2,18.9,0.0,57.7,0.088,-0.056
36.13446882660792,10.038419271071,2016-08-01,0,41.9,18.9,0.0,37.150000000000006,0.1,-0.177
35.62568,10.8787,2017-06-18,1,30.3,18.6,0.0,54.55,0.1,-0.033
35.34137052835234,8.509106511326555,2017-08-16,0,36.9,17.3,0.0,44.650000000000006,0.099,-0.154
36.4365195331597,9.364201863671711,2018-08-13,0,31.2,13.0,8.2,53.2,0.427,-0.014
35.08067212175799,8.996380320693072,2025-08-23,0,32.4,16.2,0.0,51.400000000000006,0.071,-0.153
31.70289,9.24464,2021-05-08,1,29.6,26.7,0.0,55.6,0.086,-0.095
34.9364,8.5304,2019-04-18,1,24.9,18.2,0.0,62.650000000000006,0.068,0.039
36.55514544909615,8.825925666260794,2017-06-26,0,43.3,9.7,0.0,35.05000000000001,0.141,-0.146
35.7432903541299,8.617661001977735,2020-09-08,0,29.0,11.6,2.0,56.5,0.099,-0.187
36.45401756957909,9.778044783652742,2016-06-24,0,32.9,16.6,0.0,50.650000000000006,0.126,-0.178
36.420005046456446,8.947070523116464,2016-08-02,0,33.3,17.8,0.0,50.05,0.163,-0.193
33.87553,9.99271,2017-05-27,1,26.0,24.1,0.1,61.0,0.085,-0.151
36.03171615055101,10.02432267924106,2023-09-25,0,28.9,17.5,0.0,56.650000000000006,0.095,-0.12
36.852593214712016,11.004119672559344,2016-10-18,0,25.5,10.6,0.0,61.75,0.077,-0.266
36.70893,8.66035,2021-08-11,1,42.4,18.8,0.0,36.400000000000006,0.389,0.161
35.70805101960321,9.22297285733977,2017-10-11,0,21.7,10.9,0.1,67.45,0.288,-0.095
35.175228759932544,8.569075224170252,2023-08-04,0,36.9,28.2,0.0,44.650000000000006,0.089,-0.204
35.62530520016625,8.504476299960377,2017-05-07,0,25.0,20.0,0.0,62.5,0.206,-0.067
36.352501149772834,10.239731230143406,2023-05-02,0,21.6,30.9,0.2,67.6,0.08,-0.175
36.36777,8.47419,2020-08-03,1,38.6,18.1,0.2,42.1,0.308,0.015
36.54154750729621,10.050562087173777,2020-09-07,0,30.4,23.1,0.0,54.400000000000006,0.117,-0.188
36.776563912046335,10.56000268457429,2022-08-11,0,30.8,14.0,0.0,53.8,0.222,-0.068
34.89829030729846,8.504617273158525,2021-10-26,0,21.5,21.9,0.1,67.75,0.102,-0.145
36.35315848682634,10.3524595179536,2020-10-27,0,20.4,27.6,1.5,69.4,0.093,-0.2
34.94787088281972,8.451851126582513,2016-08-06,0,32.8,18.8,0.0,50.8,0.095,-0.148
36.35438116814878,9.139105737192818,2025-07-10,0,30.9,18.5,0.0,53.650000000000006,0.126,-0.064
31.40016,10.02214,2018-03-20,1,24.4,25.9,0.0,63.400000000000006,0.113,-0.108
34.62392,8.79124,2016-11-25,1,16.9,8.5,0.0,74.65,0.245,-0.064
35.47211129141417,8.623412727398776,2021-05-27,0,31.1,11.4,0.0,53.35,0.405,-0.01
31.65568,10.23618,2017-10-19,1,29.1,31.0,0.0,56.35,0.067,-0.104
36.34822477553898,10.051692142493671,2024-07-17,0,39.7,14.0,0.0,40.45,0.251,-0.008
36.59196,10.31992,2023-12-26,1,17.3,7.9,0.0,74.05,0.079,-0.066
35.38687586884098,8.825846507542314,2023-07-17,0,39.4,19.7,0.0,40.900000000000006,0.145,-0.109
37.10560057911287,9.85167745656562,2023-05-12,0,21.5,22.1,17.0,67.75,0.271,-0.008
36.26128755252526,9.763843141128518,2018-09-16,0,31.9,15.9,0.4,52.150000000000006,0.343,-0.045
36.55283205536084,8.524877622422927,2025-10-04,0,22.0,15.6,1.0,67.0,0.257,-0.064
35.30277877899172,8.564113623668998,2020-05-02,0,26.8,15.1,0.0,59.8,0.219,-0.098
36.47433313075231,8.581927393906671,2017-08-09,0,43.5,17.9,1.0,34.75,0.308,-0.093
34.95000564103003,8.599780439009473,2017-08-26,0,30.2,16.6,0.0,54.7,0.146,-0.124
35.17272,8.60967,2021-06-30,1,37.0,25.7,0.0,44.5,0.223,-0.135
36.407829821110965,8.466290288233747,2017-08-23,0,33.2,14.3,0.0,50.2,0.132,-0.201
36.37785,8.48382,2020-08-22,1,38.1,15.5,0.0,42.85,0.386,-0.057
35.01441340469113,8.707574297083115,2022-05-19,0,28.1,20.4,0.0,57.85,0.126,-0.084
36.15967,10.2846,2023-08-03,1,37.7,19.1,0.0,43.45,0.027,-0.125
35.29561022590082,8.34348527382781,2018-07-01,0,38.4,26.7,0.0,42.400000000000006,0.148,-0.114
33.87134,9.99212,2020-10-26,1,26.1,19.0,0.0,60.85,0.047,-0.139
36.62748472597638,8.922627188217982,2016-09-08,0,25.3,22.5,2.6,62.05,0.319,-0.04
36.5379045225492,9.924091428140962,2016-10-20,0,25.7,11.3,14.8,61.45,0.142,-0.162
35.82157518905644,9.432753840728664,2021-07-08,0,35.5,12.2,0.0,46.75,0.312,0.002
35.514407103542084,8.425097720889124,2016-08-09,0,31.1,11.9,0.0,53.35,0.192,-0.118
37.25720748390632,9.522009953418074,2024-06-09,0,26.4,21.4,0.0,60.400000000000006,0.325,0.0
36.58754995974207,10.3855328903513,2024-08-12,0,36.6,21.8,0.0,45.1,0.179,-0.061
35.19782,10.20401,2016-01-29,1,19.8,8.7,0.0,70.3,0.25,0.05
36.203190581562,10.146664710697502,2016-08-08,0,31.0,15.3,0.0,53.5,0.122,-0.172
36.78468,9.36485,2025-08-27,1,41.0,15.7,0.0,38.5,0.12,-0.104
35.85764393576982,9.498779695017904,2016-09-14,0,34.0,13.1,0.7,49.0,0.173,-0.114
34.7333017834493,8.731889196850409,2023-09-18,0,35.0,12.6,0.0,47.5,0.067,-0.115
31.70503,9.24238,2025-04-04,1,29.0,22.8,0.0,56.5,0.071,-0.071
36.3551,10.46969,2025-09-03,1,30.6,17.6,0.0,54.1,0.13,-0.141
31.65015,9.17334,2024-09-22,1,30.5,28.4,0.1,54.25,0.063,-0.133
35.771891390207536,9.2987038310751,2024-06-06,0,32.4,14.0,0.0,51.400000000000006,0.124,-0.088
36.125361777876925,9.180069144870023,2024-05-16,0,26.8,17.3,0.0,59.8,0.176,-0.073
37.086055945395245,9.923904921087509,2025-06-13,0,32.2,21.3,0.0,51.7,0.194,-0.08
36.17948271935119,9.056853959923052,2022-08-10,0,34.8,19.4,0.0,47.8,0.099,-0.104
36.4414115406983,8.570302546613549,2020-06-08,0,28.9,18.6,0.9,56.650000000000006,0.196,-0.148
37.0748,9.77381,2024-09-07,1,39.2,20.5,0.0,41.2,0.091,-0.165
35.62852,10.88156,2025-09-21,1,29.3,17.1,0.5,56.05,0.25,0.05
34.72966,10.4683,2016-05-30,1,29.4,26.3,0.0,55.900000000000006,0.179,-0.105
36.7824,8.6004,2021-08-10,1,45.9,21.5,0.0,31.15000000000001,0.669,0.135
36.83484206310074,8.849148581791772,2024-08-07,0,33.1,13.9,0.0,50.35,0.466,0.168
31.70306,9.24371,2021-02-13,1,22.6,17.4,0.0,66.1,0.081,-0.086
36.079005899491,9.26948303584564,2021-08-21,0,34.7,14.0,0.0,47.95,0.097,-0.142
36.94653,9.26667,2023-09-04,1,33.0,17.9,0.0,50.5,0.195,-0.071
36.207352218461146,9.664486025095616,2018-06-04,0,26.1,18.1,1.1,60.85,0.158,-0.153
37.03981,10.01338,2016-06-13,1,27.9,25.6,0.0,58.150000000000006,0.173,-0.254
35.49538447398258,9.015451321824916,2019-07-25,0,36.0,14.0,0.0,46.0,0.24,-0.104
35.551015593538104,9.08866770485249,2019-07-22,0,32.4,12.0,0.0,51.400000000000006,0.46,0.108
36.56559765693073,8.406495856447817,2023-06-02,0,21.7,7.7,0.5,67.45,0.25,0.05
36.29899,8.80342,2017-08-28,1,35.7,16.6,0.0,46.45,0.362,-0.078
36.40284404248544,8.531790443625367,2021-07-19,0,31.7,15.7,0.0,52.45,0.185,-0.114
35.523482726426664,9.361414049914108,2020-05-12,0,28.5,20.8,0.0,57.25,0.223,-0.126
37.26635534649176,9.810551453745695,2023-05-21,0,20.0,34.2,3.1,70.0,0.22,0.023
36.48893465673035,8.962233987381339,2021-09-27,0,32.2,19.0,0.0,51.7,0.137,-0.159
31.65069,9.17182,2024-02-04,1,16.4,14.7,0.0,75.4,0.07,-0.099
36.66395374632214,8.698419846520466,2022-07-19,0,39.3,18.1,0.0,41.05,0.139,-0.089
35.85086,8.59116,2022-03-10,1,16.7,7.9,0.0,74.95,0.25,0.05
36.8085,9.57657,2016-08-12,1,29.2,16.2,0.0,56.2,0.13,-0.231
35.04855049710392,8.370689865939825,2016-06-01,0,23.3,12.6,6.4,65.05,0.1,-0.143
31.7044,9.24204,2022-11-04,1,25.7,18.4,0.0,61.45,0.059,-0.089
35.189184328053386,8.918813646079533,2020-09-03,0,20.4,11.4,10.2,69.4,0.136,-0.127
36.21807151153223,9.78224595252729,2019-07-13,0,38.7,16.2,0.0,41.95,0.38,-0.009
36.59418245194462,8.590354460761091,2020-05-08,0,29.3,15.3,0.0,56.05,0.604,0.15
35.73950592447507,9.160365547017468,2023-05-19,0,16.8,20.7,8.0,74.8,0.095,-0.096
33.87371,9.99185,2017-10-28,1,26.2,22.0,0.0,60.7,0.062,-0.155
35.00995611551437,8.676920515039754,2019-08-21,0,32.1,20.7,0.0,51.85,0.142,-0.128
36.60491699209365,8.495475301312736,2016-05-16,0,21.9,11.9,0.3,67.15,0.25,0.05
35.35456051547284,8.893876553967107,2024-09-08,0,31.4,19.3,0.3,52.900000000000006,0.117,-0.128
36.15777,10.28293,2017-10-10,1,24.3,10.7,0.2,63.55,0.122,-0.153
37.07471496221229,9.98538934832215,2024-08-12,0,40.4,23.6,0.0,39.400000000000006,0.105,-0.137
36.449709413303246,8.641747676668217,2025-07-14,0,40.7,17.3,0.0,38.95,0.152,-0.079
36.60425647330099,10.409994311805676,2019-10-25,0,20.3,17.6,0.5,69.55,0.235,-0.188
35.298727824708095,8.985431334512127,2022-07-21,0,34.2,13.0,0.0,48.7,0.098,-0.119
35.77555,9.88998,2017-12-27,1,18.8,24.3,0.3,71.8,0.094,-0.165
37.25473595548765,9.748310279502792,2016-08-24,0,27.0,21.2,0.0,59.5,0.117,-0.154
36.82012740382525,10.767651009754928,2021-05-03,0,17.0,10.8,11.5,74.5,0.592,0.118
36.867553847404615,11.040172753834865,2016-06-04,0,23.1,11.8,0.3,65.35,0.25,0.05
37.17136,9.22309,2017-08-04,1,39.4,19.7,0.0,40.900000000000006,0.651,0.2
36.9527,8.70893,2023-07-24,1,45.8,22.5,0.0,31.30000000000001,0.225,0.049
36.1461875628399,9.688930059849888,2016-09-10,0,29.7,9.4,0.2,55.45,0.493,0.057
35.23223656402263,8.705248905157879,2018-05-25,0,32.1,10.5,0.0,51.85,0.211,-0.105
35.72801788041886,9.452634877128242,2016-09-05,0,35.1,15.1,0.0,47.35,0.139,-0.141
37.08314,9.61553,2018-09-05,1,39.0,12.3,0.0,41.5,0.165,-0.258
35.02256084113304,8.755087978400438,2016-06-22,0,27.2,15.8,0.0,59.2,0.106,-0.13
31.48519,9.54056,2018-03-15,1,27.7,17.6,0.0,58.45,0.078,-0.103
37.18700467734277,10.077870793382557,2022-08-15,0,39.6,20.4,0.0,40.6,0.102,-0.144
36.39067269479258,10.354188326072158,2021-08-27,0,35.1,16.3,0.0,47.35,0.186,-0.158
37.11825,9.77636,2019-08-26,1,35.0,18.1,0.8,47.5,0.17,-0.249
35.42626241665608,9.218555026253847,2016-09-22,0,28.5,11.0,0.0,57.25,0.279,-0.1
36.254876904149846,10.349994029714251,2017-05-15,0,27.8,18.4,0.0,58.3,0.288,-0.069
37.04864066441716,9.866190488036787,2016-06-03,0,28.6,15.9,0.0,57.1,0.115,-0.088
34.915701606207634,8.83292732841159,2018-06-09,0,32.4,17.6,0.0,51.400000000000006,0.111,-0.121
35.136392669335535,8.928494194555213,2020-09-22,0,30.1,14.0,1.5,54.85,0.316,-0.108
36.7762,10.19904,2024-08-16,1,35.8,19.1,0.8,46.3,0.058,-0.081
36.52025913858816,10.764482135113482,2021-05-14,0,24.4,25.0,0.0,63.400000000000006,0.427,0.004
35.44564673423009,9.106776500987296,2021-08-02,0,36.1,17.8,0.0,45.85,0.134,-0.168
35.12942023573008,8.883959517472917,2018-09-07,0,34.0,18.5,0.0,49.0,0.181,-0.157
33.9277,10.08246,2018-07-15,1,32.6,23.7,0.0,51.1,0.049,-0.082
36.480238993263846,8.942017873107279,2018-08-03,0,37.4,18.7,0.0,43.900000000000006,0.141,-0.181
35.76728720551849,9.410086313737322,2019-08-14,0,30.4,20.6,0.0,54.400000000000006,0.175,-0.108
31.49115,9.49496,2023-11-06,1,32.8,17.1,0.0,50.8,0.061,-0.07
34.95651480051233,8.572482953555895,2019-10-22,0,26.3,29.9,0.5,60.55,0.115,-0.133
36.4002251706228,9.86282947584509,2025-05-23,0,24.0,23.6,9.1,64.0,0.134,-0.093
37.15343355548627,9.206883583622467,2024-07-16,0,29.9,12.8,0.0,55.150000000000006,0.328,0.032
36.27622,8.61141,2016-08-19,1,39.1,15.1,0.0,41.35,0.263,0.0
36.35363837908268,9.255244293933105,2016-10-09,0,24.0,15.0,0.7,64.0,0.25,0.05
36.61777795307569,8.80120427692906,2023-07-02,0,27.9,17.6,0.0,58.150000000000006,0.152,-0.142
35.44084,10.70531,2025-10-13,1,28.5,15.5,0.1,57.25,0.141,-0.109
36.68992143785621,9.021757120473326,2016-07-25,0,29.6,19.9,0.0,55.6,0.138,-0.148
37.00865588090704,9.70096972823772,2022-06-27,0,45.3,21.6,0.0,32.05000000000001,0.123,-0.066
35.130218621236445,8.714926416476592,2018-06-26,0,27.4,17.3,0.0,58.900000000000006,0.096,-0.187
35.281269815527786,8.99664650206232,2019-09-24,0,32.9,10.5,0.1,50.650000000000006,0.239,-0.123
36.25359187152029,9.30468080994693,2018-08-17,0,33.8,15.5,3.8,49.3,0.069,-0.087
37.00120526007789,8.876914470097097,2022-10-12,0,26.2,15.5,0.2,60.7,0.221,0.065
37.247670308225,9.683668311748267,2025-07-06,0,34.4,13.2,0.0,48.400000000000006,0.085,-0.112
36.02611286573202,9.321003385874356,2024-10-21,0,20.4,11.8,1.9,69.4,0.138,-0.093
35.9034688604797,9.393271586290451,2025-09-16,0,31.8,15.5,0.0,52.3,0.25,-0.021
31.39782,10.02217,2018-11-26,1,17.8,23.7,0.0,73.3,0.09,-0.063
36.37697,8.40401,2017-07-31,1,39.4,16.0,0.0,40.900000000000006,0.332,-0.053
36.14409558457859,10.138006398964857,2016-09-07,0,28.1,16.4,5.4,57.85,0.151,-0.185
34.977598583833164,8.361573626824558,2016-05-26,0,35.1,20.0,0.0,47.35,0.25,0.05
36.29222805530278,10.313018452751582,2016-06-20,0,25.1,20.2,0.0,62.35,0.108,-0.134
36.61777430824789,10.835548155545665,2016-09-18,0,27.9,22.0,0.7,58.150000000000006,0.15,-0.231
36.31548,8.45282,2021-07-26,1,40.2,18.4,0.0,39.7,0.421,-0.026
36.711352721654364,8.77012114453504,2022-06-01,0,34.2,10.5,0.9,48.7,0.287,-0.042
36.99304072391672,9.814020050889392,2021-08-25,0,38.3,14.7,0.0,42.55,0.169,-0.141
35.77447,9.89247,2024-12-22,1,17.3,26.6,0.0,74.05,0.083,-0.103
37.20988932408162,9.681187511837118,2022-06-16,0,36.5,16.4,0.0,45.25,0.099,-0.098
35.19085,8.65161,2020-08-01,1,34.8,13.5,0.0,47.8,0.363,-0.061
36.490738767347885,10.07789332564212,2017-05-21,0,24.7,22.5,0.0,62.95,0.236,-0.03
37.30805036327825,9.619968502797748,2018-10-03,0,19.3,20.1,25.7,71.05,0.266,0.036
36.26080892359319,10.281355652100729,2024-05-02,0,24.2,16.3,0.9,63.7,0.118,-0.093
37.2383,9.64519,2017-07-31,1,40.2,23.4,0.0,39.7,0.168,-0.203
36.560839472906025,8.74663564563357,2021-05-20,0,21.7,22.0,0.0,67.45,0.301,-0.072
36.67976845517433,10.50479527960784,2021-07-24,0,37.2,20.1,0.0,44.2,0.172,-0.126
37.194967736629735,9.39487485185576,2016-06-25,0,30.6,20.8,0.0,54.1,0.25,0.05
35.47521854413134,8.933323316336239,2017-07-14,0,36.7,17.0,0.0,44.95,0.134,-0.157
36.59111,10.3202,2018-11-26,1,19.6,26.3,2.0,70.6,0.173,0.0
31.40388,9.85165,2018-05-15,1,35.1,40.4,0.0,47.35,0.104,-0.094
37.13670467139603,9.32938613099714,2016-07-12,0,33.0,10.7,0.0,50.5,0.221,-0.182
36.59258,10.31403,2022-08-14,1,38.2,12.1,0.0,42.7,0.053,-0.139
34.87484764444882,8.906445386378548,2025-06-26,0,37.2,24.5,0.0,44.2,0.091,-0.123
35.690839433679,8.955944240078596,2019-09-23,0,33.3,16.4,0.0,50.05,0.151,-0.126
35.17561,8.63783,2021-06-26,1,35.1,22.8,0.0,47.35,0.257,-0.081
35.10241633528208,8.964450147484799,2020-09-19,0,33.5,11.3,0.0,49.75,0.127,-0.119
35.49008976985889,8.385913900982235,2021-06-10,0,26.0,19.5,0.0,61.0,0.104,-0.175
35.778819042500146,9.383692750963936,2016-06-19,0,22.6,22.7,1.8,66.1,0.203,-0.107
36.83590293588103,11.031317938765866,2016-08-19,0,30.3,15.6,0.0,54.55,0.226,-0.16
36.06946668976748,9.6856935897748,2023-09-11,0,32.6,12.8,0.0,51.1,0.231,-0.023
35.47607490928238,8.466662197681138,2025-06-23,0,32.9,20.7,0.0,50.650000000000006,0.112,-0.111
35.79128384967166,9.068203641429138,2019-08-19,0,33.9,14.8,0.0,49.150000000000006,0.177,-0.137
36.45079080650153,10.706697199878274,2021-06-09,0,28.9,23.7,0.0,56.650000000000006,0.501,0.06
36.52076678053759,9.797801196484407,2023-08-27,0,44.3,32.4,0.0,33.55000000000001,0.099,-0.179
35.11801,8.92828,2021-06-19,1,37.0,14.7,0.0,44.5,0.266,-0.178
36.47504447097548,10.651158598835844,2024-05-10,0,24.8,25.9,0.6,62.8,0.295,0.003
35.25879234875531,8.731622111681512,2024-10-17,0,29.1,14.6,0.9,56.35,0.079,-0.11
36.9640667163177,8.841929898452586,2021-06-22,0,25.6,11.8,0.0,61.6,0.376,-0.036
36.53339,10.82639,2017-10-30,1,24.2,18.4,0.0,63.7,0.43,0.029
37.18921652725006,10.110519854524489,2021-06-16,0,29.8,24.6,0.0,55.3,0.209,-0.105
36.38247426863713,10.166397829568604,2017-05-06,0,32.8,19.7,0.0,50.8,0.464,0.012
36.70315425174479,10.60682258774272,2018-10-02,0,21.1,19.4,9.4,68.35,0.25,0.05
31.409,9.85219,2018-12-26,1,15.5,28.0,0.0,76.75,0.081,-0.072
35.75309751094491,9.146243080473043,2023-05-20,0,16.5,35.7,4.2,75.25,0.122,-0.104
37.28737441653315,9.733369818980195,2025-10-26,0,25.5,26.2,0.0,61.75,0.25,0.05
36.47649771104255,10.459032388203084,2025-09-05,0,31.3,10.0,0.0,53.05,0.211,-0.075
35.35189161236804,8.540071394828832,2024-06-20,0,37.0,17.1,0.0,44.5,0.223,-0.015
37.05666565716897,9.36391318694561,2023-10-21,0,23.2,23.5,2.1,65.2,0.119,-0.153
36.72841347158292,8.732519526005289,2018-07-26,0,33.9,13.2,0.0,49.150000000000006,0.759,0.32
35.19348628365657,8.492943088035645,2021-06-24,0,35.3,20.6,0.0,47.05,0.193,-0.128
36.77655,10.20094,2023-03-08,1,23.0,18.2,0.0,65.5,0.058,-0.029
37.23707571555048,10.101376858796122,2025-05-10,0,21.4,21.6,1.3,67.9,0.195,0.062
36.45341581568984,8.968068150956757,2016-05-02,0,13.7,31.4,5.6,79.45,0.25,0.05
33.87382,9.99214,2025-11-24,1,16.2,29.6,0.0,75.7,0.064,-0.117
34.852640094555404,8.417905956668728,2018-05-02,0,15.7,48.4,5.3,76.45,0.142,-0.109
36.94861333330964,11.067779468723892,2017-08-03,0,37.5,10.0,0.0,43.75,0.241,-0.17
31.64867,9.17261,2024-05-14,1,39.0,30.2,0.0,41.5,0.066,-0.113
36.44129589240208,8.583970556345964,2022-07-10,0,34.3,18.4,0.0,48.55,0.105,-0.073
36.3728,8.44922,2016-08-02,1,30.2,15.8,0.0,54.7,0.397,-0.002
31.64895,9.17076,2022-03-04,1,19.3,16.2,0.0,71.05,0.25,0.05
37.01403,9.71578,2018-08-02,1,36.1,18.7,0.0,45.85,0.196,-0.139
36.89513047525904,10.746131461428996,2023-08-13,0,32.2,14.5,0.0,51.7,0.261,0.049
36.3770777030494,9.526604516769636,2021-07-25,0,43.3,22.4,0.0,35.05000000000001,0.136,-0.105
36.58926,10.31658,2023-08-18,1,39.6,17.4,0.0,40.6,0.066,-0.127
35.80712375000472,9.342754329418543,2019-06-25,0,38.6,14.8,0.0,42.1,0.379,0.004
36.52681,8.64308,2019-07-27,1,32.4,25.3,0.0,51.400000000000006,0.515,0.018
34.60653,10.58398,2018-04-17,1,20.6,30.5,3.8,69.1,0.135,-0.105
35.35451281276642,8.686119079472636,2022-05-07,0,17.4,28.8,0.5,73.9,0.224,-0.029
35.24269544680042,8.812949728518014,2021-07-02,0,42.8,21.6,0.0,35.80000000000001,0.114,-0.151
36.567584703863126,10.442984441663612,2023-06-21,0,29.4,17.9,0.0,55.900000000000006,0.25,0.05
36.87368151374493,11.108824245952258,2019-09-13,0,28.2,10.8,0.0,57.7,0.134,-0.062
34.93823,8.53096,2017-11-22,1,15.0,10.2,0.1,77.5,0.074,-0.008
34.64121,8.77187,2024-08-25,1,37.9,31.4,0.0,43.150000000000006,0.09,-0.079
35.066571716705575,8.950978906227915,2024-08-06,0,35.5,12.2,0.0,46.75,0.085,-0.131
35.41250846498265,8.534250019204961,2023-05-18,0,23.8,16.0,2.9,64.3,0.073,-0.079
35.84955330343759,9.364368073397069,2018-08-02,0,33.4,13.0,0.0,49.900000000000006,0.031,0.0
34.96067596828585,9.010735724605096,2017-05-15,0,25.7,15.0,0.1,61.45,0.168,-0.099
36.41857,9.14356,2025-09-04,1,33.6,14.1,0.0,49.6,0.097,-0.148
36.973857757263474,8.860494786214922,2019-10-07,0,21.5,37.2,29.9,67.75,0.676,0.143
31.65018,9.17014,2018-11-05,1,19.8,11.0,0.0,70.3,0.089,-0.126
35.271058338059134,8.94913154201885,2019-09-18,0,31.7,17.5,0.8,52.45,0.202,-0.101
36.0986351399969,10.08323008095674,2023-10-10,0,30.7,9.9,0.0,53.95,0.143,-0.077
35.878481481666746,9.178893286410872,2023-05-01,0,19.0,21.9,0.3,71.5,0.115,-0.089
31.70167,9.24314,2021-03-26,1,20.4,21.3,0.0,69.4,0.089,-0.079
37.0246336335814,9.956918546370604,2025-09-02,0,30.2,19.9,1.9,54.7,0.068,-0.088
31.39977,10.02313,2022-02-16,1,16.0,24.5,0.0,76.0,0.064,-0.042
35.92953789430417,9.175874676454075,2025-07-25,0,39.3,27.0,0.0,41.05,0.092,-0.094
36.67737,9.92172,2025-02-03,1,14.1,20.1,3.5,78.85,0.248,0.08
36.248885229545245,10.248613229040403,2018-07-13,0,40.9,15.6,0.0,38.650000000000006,0.151,-0.168
33.52924,9.68516,2021-10-15,1,21.6,22.2,0.0,67.6,0.064,-0.089
36.50725002482631,10.43358858942398,2022-06-19,0,28.0,15.0,0.0,58.0,0.119,-0.108
36.751608625083215,10.798690013764524,2019-06-11,0,30.0,19.7,0.0,55.0,0.201,-0.173
34.94949555791098,8.937414216223408,2017-09-07,0,28.3,13.7,0.2,57.55,0.1,-0.165
36.52776,8.28949,2020-08-08,1,26.9,16.3,0.0,59.650000000000006,0.817,0.323
36.63109030164952,10.81093515646462,2024-09-14,0,26.0,29.3,0.0,61.0,0.103,-0.173
36.538734364333166,8.50654962193873,2021-07-14,0,29.2,17.0,0.0,56.2,0.314,0.009
36.547308470726975,10.617779286644982,2016-10-05,0,25.7,14.4,0.0,61.45,0.128,-0.221
36.63067235602147,8.650632034174706,2024-07-26,0,37.8,16.9,0.0,43.3,0.209,-0.063
35.32016,8.83868,2017-08-06,1,36.3,12.6,0.1,45.55,0.334,-0.07
36.467532356249485,8.754941109404369,2020-05-24,0,34.2,17.7,0.0,48.7,0.238,-0.08
36.01221535985659,9.249582819720914,2019-06-09,0,34.6,25.4,0.0,48.1,0.25,-0.074
36.50163,10.02613,2023-12-28,1,17.2,16.5,0.0,74.2,0.065,-0.097
36.5334336257142,10.81693330075139,2021-05-17,0,28.4,20.5,0.0,57.400000000000006,0.404,-0.008
36.82544017438322,10.634130934646022,2020-10-23,0,27.5,20.5,0.0,58.75,0.299,-0.114
36.70544888013912,8.492551731515574,2025-06-25,0,36.3,13.0,0.0,45.55,0.477,0.147
35.52001936081848,9.302391112688072,2018-07-24,0,35.1,14.5,0.0,47.35,0.1,-0.145
36.18323189744316,9.136404388354311,2022-07-13,0,36.6,17.3,0.0,45.1,0.117,-0.073
34.941323712802145,8.844766955408021,2024-09-21,0,24.3,16.6,0.7,63.55,0.065,-0.123
34.719907982928206,8.380821680792147,2017-10-17,0,22.7,13.1,0.0,65.95,0.189,-0.093
36.87624,10.09264,2022-08-23,1,32.8,25.2,0.3,50.8,0.109,-0.003
35.519925117578005,8.383779347163085,2018-05-21,0,23.5,17.6,4.5,64.75,0.28,-0.04
36.55970127090802,9.06952261393868,2016-06-06,0,30.8,15.5,0.0,53.8,0.171,-0.079
35.18565234311048,8.626136355851877,2019-10-24,0,22.2,20.2,0.0,66.7,0.583,0.134
36.26214292472341,9.804997770656598,2019-05-04,0,18.7,28.6,1.1,71.95,0.523,-0.011
36.36108,8.44971,2016-07-08,1,35.9,13.6,0.0,46.150000000000006,0.268,-0.049
33.87289,9.99237,2019-04-13,1,23.5,31.0,0.2,64.75,0.063,-0.145
36.55155745237462,8.472498897956037,2023-06-16,0,24.9,16.4,0.0,62.650000000000006,0.25,-0.052
37.20988208813532,9.986341393643876,2019-08-22,0,31.6,19.8,0.0,52.6,0.53,0.118
35.179829545276654,8.765839458527209,2024-06-16,0,32.4,15.4,0.0,51.400000000000006,0.079,-0.117
36.93379,10.95439,2017-11-24,1,17.9,12.1,0.0,73.15,0.424,-0.003
36.00800227266339,9.62399602978827,2023-06-22,0,33.8,11.4,0.0,49.3,0.217,-0.078
36.63627131221936,8.896726765201501,2019-06-08,0,39.6,19.8,0.0,40.6,0.231,-0.104
34.99890918926569,8.689176014930831,2020-06-15,0,29.5,22.7,0.0,55.75,0.061,0.094
36.60690130487842,10.794005072016397,2024-10-16,0,26.7,22.4,0.3,59.95,0.216,-0.077
36.58897,10.31622,2020-07-08,1,31.3,15.4,0.0,53.05,0.155,-0.122
35.129193210334456,9.235672534683102,2023-10-20,0,31.6,22.2,0.0,52.6,0.144,-0.068
37.00702269602712,9.994783683547018,2022-09-07,0,38.5,14.1,1.8,42.25,0.074,-0.094
35.08310273250103,8.546443895471146,2023-07-16,0,37.8,13.8,0.0,43.3,0.106,-0.082
31.70417,9.24521,2021-07-13,1,41.7,22.6,0.0,37.45,0.069,-0.123
37.294523067786045,9.752415277109636,2025-06-12,0,25.2,18.0,0.0,62.2,0.272,-0.029
36.79121911841588,9.35645677257523,2017-10-17,0,27.2,11.5,0.0,59.2,0.168,-0.238
35.446317244368345,8.547779764546037,2025-06-02,0,28.0,20.5,0.0,58.0,0.19,-0.076
36.351512169066666,8.427826848429058,2019-06-08,0,35.4,17.2,0.0,46.900000000000006,0.482,0.022
35.10939458460402,8.59574809748698,2021-09-13,0,30.3,10.8,0.0,54.55,0.108,-0.145
34.728159320903025,8.64798224550883,2020-06-14,0,31.4,35.5,0.0,52.900000000000006,0.103,-0.09
36.68084244789401,8.843050453636524,2025-07-02,0,37.0,14.8,0.0,44.5,0.183,-0.069
31.64757,9.17132,2025-02-03,1,15.9,13.7,0.0,76.15,0.082,-0.096
32.51909,9.68807,2020-07-24,1,37.3,24.7,0.0,44.05,0.084,-0.119
36.62086877962838,10.652924000822509,2016-07-02,0,29.2,17.0,0.0,56.2,0.25,0.05
37.14354267809863,10.013543999681026,2020-10-13,0,20.1,23.7,0.5,69.85,0.433,-0.078
36.53225083571219,8.722894677608249,2019-06-23,0,44.3,19.7,0.0,33.55000000000001,0.174,-0.151
36.870592604637,11.039618245430043,2021-05-26,0,26.0,11.6,0.0,61.0,0.213,0.009
36.0608667511668,9.620149447156932,2016-08-21,0,32.1,13.1,1.6,51.85,0.448,0.013
35.521180748518155,9.04039009746826,2024-06-09,0,35.7,33.8,0.0,46.45,0.202,-0.038
36.6326446570222,10.714154348856336,2019-10-26,0,20.9,11.3,0.0,68.65,0.546,0.068
34.79223259548143,8.677593151956241,2021-10-14,0,20.3,35.6,0.0,69.55,0.11,-0.134
36.35326,8.35733,2021-07-25,1,41.4,20.1,0.0,37.900000000000006,0.508,0.059
34.85509298054503,8.434329276762831,2025-05-12,0,26.0,20.7,4.8,61.0,0.091,-0.068
31.49363,9.49311,2025-08-14,1,37.5,24.5,0.0,43.75,0.054,-0.1
37.16254456177468,9.402937674786813,2016-09-08,0,24.9,24.5,2.9,62.650000000000006,0.515,-0.004
35.23954698771777,8.973141569842657,2020-06-06,0,30.1,12.9,0.0,54.85,0.217,-0.14
34.88195323649352,8.993829817049276,2020-07-24,0,35.8,12.6,0.0,46.3,0.102,-0.149
35.75582610579696,9.387513680236474,2024-05-20,0,30.7,25.7,0.3,53.95,0.167,-0.07
36.40497740574886,9.828907257028936,2017-05-17,0,27.9,19.7,0.0,58.150000000000006,0.227,-0.074
31.64701,9.17121,2024-12-11,1,18.3,15.7,0.0,72.55,0.071,-0.113
37.11146051405364,9.121951532865737,2018-06-16,0,23.3,21.0,0.8,65.05,0.508,0.209
36.11697367509455,9.883085354818316,2022-06-27,0,43.3,18.7,0.0,35.05000000000001,0.205,-0.069
35.30935121535136,9.15341344813914,2021-08-13,0,40.0,15.3,0.0,40.0,0.22,-0.133
32.28969,10.97656,2019-03-25,1,21.9,10.2,0.0,67.15,0.087,-0.099
36.59685886407596,10.390417900522898,2022-07-19,0,36.0,18.5,0.0,46.0,0.219,-0.028
36.34760873332203,9.794149039663424,2022-10-11,0,29.4,15.4,7.0,55.900000000000006,0.052,-0.131
35.88390612735177,9.050312903030523,2025-10-20,0,20.7,13.3,0.0,68.95,0.25,0.05
32.51742,9.689,2020-07-15,1,39.9,31.7,0.0,40.150000000000006,0.076,-0.138
36.37539,9.54002,2022-07-08,1,32.5,21.9,0.0,51.25,0.071,-0.069
33.36648,8.54956,2023-11-26,1,18.4,21.8,0.0,72.4,0.071,-0.016
35.483931305280564,8.838997680995655,2020-07-11,0,33.6,15.8,0.2,49.6,0.115,-0.134
36.78452659375373,8.903156458156928,2025-08-15,0,30.4,13.5,0.0,54.400000000000006,0.16,-0.131
36.33202381517932,10.373129231272076,2016-07-26,0,33.1,18.9,0.0,50.35,0.08,-0.119
35.26153452313939,9.149579743027486,2025-05-08,0,24.0,19.7,0.2,64.0,0.119,-0.105
36.40482367723011,10.268797342005508,2019-07-07,0,39.9,14.7,0.0,40.150000000000006,0.219,-0.15
36.33452159899419,10.196663415636335,2021-05-11,0,25.3,25.3,0.0,62.05,0.309,-0.05
34.7999910637619,8.416753261966672,2025-06-11,0,36.0,19.2,0.0,46.0,0.095,-0.094
36.96202308247588,9.950087585750376,2020-09-15,0,30.3,16.4,0.3,54.55,0.11,-0.187
34.68786389932293,8.597866504285108,2018-08-05,0,30.3,20.1,0.1,54.55,0.085,-0.158
33.36703,8.54797,2017-11-09,1,26.6,27.4,0.1,60.1,0.06,0.023
36.426761476252366,10.229033605177184,2016-09-27,0,24.4,10.9,4.3,63.400000000000006,0.134,-0.217
36.56891380105508,8.443523884793464,2021-09-23,0,30.0,15.8,0.0,55.0,0.297,-0.031
37.11253479510976,9.78677624045453,2021-10-26,0,21.1,21.0,8.4,68.35,0.25,0.05
36.433138758215726,8.744499093077266,2025-08-15,0,35.6,17.3,0.0,46.6,0.115,-0.089
36.34164533037757,10.114691068364944,2020-05-09,0,23.8,20.5,0.0,64.3,0.442,0.103
36.24520355687747,9.117448197207846,2023-05-16,0,19.2,31.1,0.5,71.2,0.135,-0.151
35.20237,8.70132,2021-08-13,1,38.1,16.9,0.0,42.85,0.146,-0.184
36.41427367306212,8.47239855315245,2019-07-24,0,36.3,15.1,0.0,45.55,0.178,-0.113
36.17058122615296,9.06169480110514,2024-06-22,0,30.8,17.3,0.0,53.8,0.101,-0.132
31.65013,9.17189,2022-05-27,1,30.6,26.6,0.0,54.1,0.075,-0.106
34.86568466201785,8.51209612699329,2023-08-14,0,33.6,23.1,0.0,49.6,0.076,-0.118
36.67123654186574,10.40976847411201,2023-10-20,0,31.6,31.1,0.0,52.6,0.165,-0.098
36.7767,10.2021,2025-09-20,1,32.4,14.3,0.0,51.400000000000006,0.049,-0.105
36.471394331167,10.484972303307906,2023-07-27,0,34.2,22.2,0.0,48.7,0.132,-0.127
36.90152525770748,9.66816053469664,2017-05-15,0,26.7,16.2,0.0,59.95,0.447,0.083
36.37054413489632,9.33650913393546,2022-05-03,0,25.8,10.3,3.1,61.3,0.275,-0.012
35.772694785525246,9.185644681552114,2025-06-03,0,31.0,17.6,0.0,53.5,0.123,-0.11
33.36548,8.54638,2023-07-08,1,45.2,23.4,0.0,32.19999999999999,0.046,-0.023
34.94543337163935,8.940528870099717,2024-05-27,0,32.8,27.0,0.0,50.8,0.099,-0.082
36.41365074026386,10.090418377847008,2017-08-11,0,32.1,19.5,0.0,51.85,0.129,-0.177
37.24357123345,9.993378294233915,2016-10-27,0,23.6,32.5,0.2,64.6,0.531,0.262
34.07669,10.01421,2021-05-22,1,26.6,17.9,0.0,60.1,0.078,-0.127
35.13754801213762,8.670904095739743,2019-08-02,0,38.3,19.2,0.0,42.55,0.111,-0.17
36.78141063064796,10.756643219214286,2025-05-16,0,20.5,27.7,7.5,69.25,0.34,0.02
31.64723,9.17253,2023-10-07,1,29.9,18.2,0.0,55.150000000000006,0.059,-0.117
36.49141578702409,8.563336855021614,2025-10-18,0,24.9,9.9,4.0,62.650000000000006,0.25,0.05
33.36578,8.54927,2024-03-15,1,24.0,15.4,0.0,64.0,0.072,-0.001
34.80013578665533,8.792864031528794,2022-10-21,0,24.2,23.4,0.0,63.7,0.092,-0.094
35.63385079792645,8.949173867882203,2019-06-27,0,31.0,18.6,0.0,53.5,0.364,-0.009
36.6083394291799,9.056265042976843,2025-05-22,0,26.7,15.1,13.4,59.95,0.311,0.074
35.07802053862033,9.068323390671392,2016-06-09,0,33.5,15.8,0.0,49.75,0.106,-0.125
36.51484,8.84335,2022-07-20,1,41.4,16.3,0.0,37.900000000000006,0.152,-0.066
35.22489574645319,8.579664947684758,2024-06-22,0,34.8,16.2,0.0,47.8,0.087,-0.109
36.45607174585715,8.927248402450521,2017-05-24,0,31.2,17.2,0.0,53.2,0.237,-0.087
35.3086,8.82802,2017-08-01,1,32.6,13.2,0.0,51.1,0.319,-0.122
34.754738202575254,8.593992953197281,2016-10-10,0,26.7,21.5,0.5,59.95,0.119,-0.138
37.09515272459986,9.789813934876774,2019-05-15,0,24.0,21.2,0.0,64.0,0.75,0.393
36.16259,9.84821,2021-08-12,1,41.7,14.3,0.0,37.45,0.263,-0.057
36.44445869006167,8.49798562636816,2017-08-19,0,38.7,18.3,0.0,41.95,0.22,-0.125
31.64797,9.17083,2023-08-22,1,32.3,23.5,0.0,51.55,0.064,-0.123
36.51317205447312,8.453670066486353,2020-07-24,0,34.0,13.3,0.0,49.0,0.183,-0.128
36.563012997241,8.364948505143857,2021-10-07,0,17.6,29.2,4.4,73.6,0.507,0.092
36.32888997172212,9.299962981479252,2021-09-04,0,34.2,16.1,0.0,48.7,0.099,-0.184
36.36485828366023,8.994950414607239,2022-08-11,0,35.8,19.4,0.0,46.3,0.131,-0.089
37.14794230088144,9.325528614772107,2024-10-20,0,20.5,22.3,14.7,69.25,0.137,-0.158
35.77495,9.88814,2023-08-21,1,35.5,21.7,0.0,46.75,0.011,-0.131
36.45309483559786,9.912865976189025,2020-07-27,0,38.2,16.6,0.0,42.7,0.182,-0.178
36.53230314053178,10.48130592798481,2019-08-20,0,30.2,21.0,0.0,54.7,-0.197,-0.191
35.60896186332752,9.25638461464031,2017-09-09,0,31.8,20.9,0.0,52.3,0.159,-0.118
37.09747160291725,9.920949727858112,2019-06-06,0,28.6,17.6,0.0,57.1,0.293,-0.098
32.29018,10.97546,2017-02-14,1,24.7,20.0,0.0,62.95,0.086,-0.09
36.51908436591892,10.684275339653592,2023-06-05,0,24.1,21.6,2.0,63.85,0.25,0.05
36.922298501745885,11.080356282682166,2016-07-03,0,29.2,21.0,0.0,56.2,0.25,0.05
37.02143,9.416,2016-08-30,1,34.8,11.0,0.2,47.8,0.253,-0.125
36.4782944500237,9.851269010527272,2022-08-03,0,35.9,18.4,0.1,46.150000000000006,0.094,-0.091
36.59597960914739,8.496911113353042,2021-07-21,0,32.4,16.3,0.0,51.400000000000006,0.173,-0.144
36.27747360150516,9.556269191397938,2025-10-07,0,23.2,17.1,0.0,65.2,0.086,-0.136
36.31382767384735,9.23458762252683,2016-07-02,0,34.2,17.4,0.0,48.7,0.204,-0.136
36.69823045798232,8.725075270903051,2023-07-06,0,38.6,15.0,0.0,42.1,0.207,-0.028
35.27697186572449,8.928631006009649,2020-08-06,0,31.9,12.0,0.0,52.150000000000006,0.145,-0.178
35.20662,11.10554,2019-06-18,1,28.3,22.6,0.0,57.55,0.182,-0.023
35.02566675070802,8.940264424868488,2020-05-20,0,27.4,17.8,0.1,58.900000000000006,0.129,-0.139
36.92385769417691,9.624940730479551,2022-07-20,0,40.4,23.2,0.0,39.400000000000006,0.112,-0.111
34.87159319984948,8.815322747858575,2017-05-11,0,35.7,36.2,0.0,46.45,0.152,-0.107
36.71007251405936,10.730387007630942,2018-09-14,0,27.0,19.0,3.9,59.5,0.184,-0.163
31.70648,9.23972,2022-10-23,1,27.4,13.6,0.0,58.900000000000006,0.066,-0.081
36.31706936625864,9.062344698474025,2023-09-25,0,24.5,20.3,0.0,63.25,0.235,-0.056
36.170582691879126,9.98933760383774,2019-10-27,0,19.1,14.4,3.4,71.35,0.172,-0.171
37.245359376686295,9.953414211535964,2022-07-25,0,33.4,14.1,0.0,49.900000000000006,0.305,0.061
36.316981818081686,10.080147467690251,2020-08-09,0,32.9,19.5,0.0,50.650000000000006,0.377,-0.022
35.16188694632787,9.2010398621798,2019-06-16,0,34.3,13.3,0.0,48.55,0.155,-0.112
36.69577488689502,10.8470389892014,2019-09-01,0,27.1,9.2,25.4,59.35,0.149,-0.216
32.32245,10.43033,2025-10-06,1,27.6,25.5,0.0,58.6,0.053,-0.117
35.19799015180808,9.225637629175672,2025-10-27,0,23.0,19.2,0.0,65.5,0.127,-0.084
36.91491302257357,10.959755242134731,2025-08-22,0,29.1,18.3,0.0,56.35,0.09,-0.081
36.16706511388688,10.1829962861496,2023-10-07,0,26.6,14.4,0.0,60.1,0.09,-0.145
35.24162801778704,8.852592552726316,2019-10-22,0,26.5,20.2,0.1,60.25,0.139,-0.15
36.58864,10.32041,2020-10-29,1,23.0,19.3,0.0,65.5,0.124,-0.139
36.850111665566565,8.693918244929753,2021-09-09,0,29.9,22.0,0.3,55.150000000000006,0.527,0.139
31.40529,9.8527,2019-05-15,1,26.4,15.3,0.0,60.400000000000006,0.092,-0.125
36.68449250083624,10.934378195769137,2021-09-04,0,31.0,13.8,1.8,53.5,0.16,-0.189
35.61328734227889,8.998592521942555,2023-06-01,0,17.4,10.9,2.7,73.9,0.128,-0.097
36.42794470126535,9.487007064860366,2016-08-21,0,36.1,16.1,0.0,45.85,0.25,0.05
33.36626,8.54711,2023-11-13,1,24.8,12.6,0.0,62.8,0.059,-0.011
35.930511359299615,9.39109760541897,2021-10-23,0,23.7,12.8,3.2,64.45,0.229,-0.089
31.64942,9.17165,2024-10-01,1,31.1,16.8,0.0,53.35,0.065,-0.156
35.55848256023412,8.695887077468178,2024-10-18,0,19.7,18.5,11.1,70.45,0.08,-0.127
36.70248355767699,8.831541023900801,2021-05-13,0,21.5,15.4,0.0,67.75,0.596,0.196
31.40677,9.85368,2017-04-04,1,21.7,19.5,0.0,67.45,0.084,-0.074
36.72127,9.33752,2019-09-05,1,27.0,22.7,0.8,59.5,0.151,-0.164
35.52002590505231,9.331168973860708,2016-07-12,0,37.5,12.4,0.0,43.75,0.158,-0.144
36.07971652974529,9.923289540198033,2021-09-11,0,30.3,24.0,0.0,54.55,0.031,-0.013
35.30870721088293,8.46458056135149,2019-07-19,0,31.1,14.0,0.0,53.35,0.255,-0.079
35.55560329637558,8.990740698237643,2024-05-17,0,31.0,21.7,0.0,53.5,0.212,-0.056
36.686224669555855,10.398093944048716,2021-05-19,0,26.1,16.4,0.0,60.85,0.49,0.077
33.53048,9.68539,2022-02-23,1,17.4,24.4,0.0,73.9,0.075,-0.069
31.70136,9.2444,2018-11-12,1,22.6,22.3,0.0,66.1,0.068,-0.105
37.07799,9.04385,2025-08-09,1,31.7,22.2,0.0,52.45,0.416,0.127
36.16533055952315,10.22279005305172,2019-06-23,0,37.3,18.1,0.0,44.05,0.18,-0.134
36.94977120150454,10.846550112392034,2017-07-17,0,29.1,15.2,0.0,56.35,0.298,-0.077
37.16836129251901,9.406099828992469,2020-08-27,0,31.6,13.0,0.0,52.6,0.714,0.274
31.39656,10.02025,2016-06-26,1,37.4,16.6,0.0,43.900000000000006,0.065,-0.109
36.55574,9.09125,2021-08-22,1,36.8,17.4,0.0,44.8,0.22,-0.137
36.76129456536388,10.806805300826571,2017-09-04,0,30.7,15.0,0.0,53.95,0.295,-0.084
35.1163198170812,8.642202414168974,2024-07-01,0,40.6,29.8,0.0,39.1,0.101,-0.161
35.51249369372217,9.22058095485458,2022-06-13,0,33.1,10.8,0.0,50.35,0.115,-0.096
36.49178879088311,10.631011022152034,2017-09-10,0,31.0,30.1,11.0,53.5,0.1,-0.156
36.40956612372584,10.18274803386408,2025-05-03,0,27.4,18.6,0.0,58.900000000000006,0.259,-0.021
36.025770061648544,9.430306310296103,2020-06-19,0,39.4,27.2,0.0,40.900000000000006,0.215,-0.124
31.48557,9.54147,2017-10-31,1,26.1,17.6,0.0,60.85,0.075,-0.107
36.15957,9.70838,2017-08-08,1,40.1,17.0,0.0,39.85,0.447,0.05
35.77560526101901,8.69739416784061,2025-07-15,0,38.0,20.7,0.0,43.0,0.066,-0.144
31.40738,9.85249,2018-06-16,1,33.1,22.9,0.0,50.35,0.08,-0.115
35.48143555472839,8.794768500831465,2019-06-23,0,36.2,21.6,0.0,45.7,0.167,-0.104
36.975527027508896,11.057755507071889,2022-09-03,0,33.9,22.2,0.0,49.150000000000006,0.172,-0.085
37.125879289619256,10.026795417935874,2018-09-04,0,32.0,16.3,0.0,52.0,0.286,-0.165
36.5998581039424,8.579004935097704,2017-10-22,0,21.5,17.9,0.6,67.75,0.783,0.319
32.28876,10.97385,2024-02-14,1,17.6,22.0,0.0,73.6,0.066,-0.072
37.270055767176245,9.49472308620273,2023-07-07,0,43.9,19.3,0.0,34.150000000000006,0.337,0.024
36.83419311865399,10.658999680335144,2021-05-06,0,19.9,10.9,2.2,70.15,0.595,0.209
35.048102376927154,9.173976518098266,2023-05-03,0,25.5,18.6,0.0,61.75,0.118,-0.078
36.22302039255894,9.468598095272135,2023-07-26,0,32.5,20.5,0.0,51.25,0.093,-0.197
35.22033,8.71286,2019-07-04,1,34.3,17.9,0.2,48.55,0.313,-0.066
36.17831618852365,9.542211544805356,2023-10-13,0,29.1,12.1,0.0,56.35,0.145,-0.072
35.23414773356455,8.896847124217464,2023-07-06,0,38.3,16.3,0.0,42.55,0.111,-0.082
37.11417001865431,10.022522140203746,2021-05-03,0,18.7,14.0,14.0,71.95,0.404,0.282
31.64738,9.17152,2022-07-18,1,37.2,26.7,0.0,44.2,0.065,-0.119
31.40489,9.8516,2017-05-18,1,29.3,20.7,0.0,56.05,0.25,0.05
36.29615292925287,9.83288879043676,2020-06-18,0,33.3,19.6,0.0,50.05,0.184,-0.115
35.586790724018165,8.40238714751765,2016-10-12,0,25.3,14.4,0.0,62.05,0.25,0.05
36.3283,8.42822,2021-07-26,1,39.3,18.4,0.0,41.05,0.277,-0.105
35.21538739637513,9.218115960195965,2020-05-01,0,29.5,14.3,0.0,55.75,0.191,-0.1
33.36497,8.55151,2024-03-20,1,28.3,26.1,0.0,57.55,0.116,0.013
35.46151963071573,8.61150182591878,2019-08-12,0,34.1,16.5,0.0,48.85,0.429,0.051
35.79818442512908,9.275285612617097,2018-09-03,0,32.4,9.3,0.0,51.400000000000006,0.129,-0.183
35.85029,8.59222,2020-09-22,1,29.6,17.3,0.1,55.6,0.05,-0.169
37.06731232528725,10.078297491401267,2021-10-16,0,23.9,12.5,0.0,64.15,0.079,-0.046
35.565321104909444,8.886977413209516,2021-10-14,0,13.7,27.3,0.8,79.45,0.281,-0.107
36.33520969473394,9.496598401734472,2019-09-11,0,28.2,16.2,0.0,57.7,0.171,-0.167
37.23133,9.50287,2024-09-08,1,38.2,23.5,2.2,42.7,0.365,0.131
35.15743708258826,8.796998991621523,2023-09-11,0,34.8,13.8,0.0,47.8,0.061,-0.119
37.07827046877745,9.191274370431588,2022-09-11,0,31.6,12.3,0.0,52.6,0.172,-0.15
35.993768510743344,9.360878389631578,2017-05-18,0,30.7,23.7,0.0,53.95,0.2,-0.085
35.50266059923624,8.716408466002841,2023-07-17,0,39.8,19.2,0.0,40.3,0.113,-0.112
35.31596,8.8665,2021-06-25,1,34.3,22.1,0.0,48.55,0.231,-0.132
31.40245,9.85652,2019-07-28,1,42.8,23.1,0.0,35.80000000000001,0.085,-0.109
35.77539,9.89041,2016-09-03,1,34.4,13.3,0.0,48.400000000000006,0.05,-0.165
36.57652,9.28749,2023-10-13,1,31.2,11.7,0.0,53.2,0.121,-0.135
33.52884,9.68593,2018-10-24,1,23.2,20.2,0.0,65.2,0.084,-0.07
36.58897,10.3186,2024-06-07,1,33.4,10.1,0.0,49.900000000000006,0.064,-0.119
36.51498106885017,8.522050270706915,2018-07-07,0,35.0,15.2,0.0,47.5,0.213,-0.119
37.15457970378982,9.65718863722772,2023-09-27,0,27.0,18.1,0.5,59.5,-0.187,0.077
36.84023101435558,10.72860429600312,2019-09-23,0,27.2,18.6,0.0,59.2,0.545,0.03
36.12252299787248,10.018923014102286,2022-08-25,0,35.2,15.0,0.0,47.2,0.137,-0.116
33.87208,9.99199,2021-08-03,1,37.9,22.1,0.0,43.150000000000006,0.052,-0.152
36.16198850288668,9.308481443754344,2018-05-07,0,22.0,13.4,3.0,67.0,0.25,-0.067
36.07761977338072,9.540302019957872,2017-06-19,0,28.2,15.5,0.1,57.7,0.237,-0.157
37.204309791259504,9.19254365684252,2023-07-24,0,45.4,27.1,0.0,31.90000000000001,0.285,-0.033
36.9189,9.04407,2022-08-17,1,43.1,22.5,0.0,35.349999999999994,0.456,0.159
36.12811170866599,9.937819062124378,2024-10-15,0,31.8,14.4,0.0,52.3,0.119,-0.11
31.6496,9.171,2025-01-12,1,17.5,28.8,0.0,73.75,0.078,-0.11
36.63224958998761,8.491537766773297,2020-05-18,0,17.7,20.9,19.1,73.45,0.611,0.194
36.71658,9.32969,2019-09-05,1,27.9,22.7,0.8,58.150000000000006,0.227,-0.153
35.36589324710196,8.684811211611272,2024-06-16,0,32.0,17.3,5.2,52.0,0.097,-0.117
35.20547669503303,8.655112640597272,2016-06-08,0,29.0,13.8,0.0,56.5,0.284,-0.103
37.001219954949846,10.007820291703714,2021-08-09,0,47.6,17.5,0.0,28.599999999999994,0.078,-0.154
35.52591030290603,8.48710180258566,2018-07-22,0,39.8,25.6,0.0,40.3,0.072,-0.165
36.79656,10.28269,2020-07-05,1,30.9,20.4,0.0,53.650000000000006,0.09,-0.074
36.50039,10.02784,2020-05-03,1,26.5,24.1,0.0,60.25,0.125,-0.114
35.88788,10.57625,2016-06-29,1,31.7,16.4,0.0,52.45,0.25,0.05
35.278202131736464,8.76221543289069,2016-07-25,0,31.6,15.9,0.1,52.6,0.213,-0.127
35.49681337038879,8.718200380655222,2023-09-08,0,27.1,15.3,0.0,59.35,0.12,-0.136
35.20776,8.84542,2020-02-03,1,22.5,15.5,0.0,66.25,0.151,-0.112
36.72116380317933,8.558598085802386,2021-06-27,0,30.5,25.0,0.0,54.25,0.232,-0.112
35.22728334857997,9.082348936577969,2022-10-21,0,27.3,11.4,0.0,59.05,0.188,-0.066
36.96812,9.33134,2020-10-22,1,28.3,22.1,0.0,57.55,0.408,-0.153
36.49269,9.05938,2019-08-19,1,38.0,20.5,0.0,43.0,0.148,-0.116
36.464688167138334,8.389025268992798,2021-06-22,0,33.4,10.9,0.0,49.900000000000006,0.289,-0.069
35.866484101971736,9.110142669494843,2017-09-20,0,18.8,19.9,2.4,71.8,-0.02,0.155
36.0274196714045,9.4983120506658,2016-06-12,0,32.0,17.5,0.1,52.0,0.141,-0.186
36.18179010198489,10.259246875467303,2025-09-16,0,32.1,13.7,0.0,51.85,0.16,-0.112
35.98388339536109,9.392059318805064,2023-10-25,0,22.2,14.1,0.9,66.7,0.103,-0.104
34.873818420134924,9.001714983529064,2016-06-17,0,32.4,27.8,0.0,51.400000000000006,0.25,0.05
36.41281290513308,9.446368599658443,2019-10-01,0,31.8,10.5,0.0,52.3,0.144,-0.216
31.48474,9.53871,2018-08-10,1,39.8,28.9,0.0,40.3,0.062,-0.128
36.51340420373404,8.952051437054992,2020-07-06,0,30.4,22.2,0.0,54.400000000000006,0.163,-0.127
36.75023877791551,10.98990259386836,2021-06-07,0,24.8,29.6,0.0,62.8,0.184,-0.131
36.63754602145049,10.547850906801832,2023-10-25,0,25.5,13.6,0.4,61.75,0.252,-0.029
35.27676,8.77605,2021-07-19,1,29.2,14.3,0.0,56.2,0.265,-0.15
35.15166802386484,8.88885207030091,2021-10-24,0,20.2,18.4,1.1,69.7,0.114,-0.142
35.501431659585016,8.527140430594985,2025-06-02,0,29.0,20.5,0.0,56.5,0.167,-0.048
35.42206984595187,8.669530314982563,2022-10-06,0,24.3,10.5,2.7,63.55,0.127,-0.082
36.64351,10.0833,2019-05-17,1,30.1,27.3,0.0,54.85,0.378,-0.013
36.50117,10.02444,2018-11-06,1,21.7,12.6,1.9,67.45,0.206,-0.113
37.11306550255421,9.739301261203105,2021-06-02,0,28.8,28.8,0.3,56.8,0.384,0.014
36.51721,9.97894,2021-06-17,1,34.7,24.9,0.0,47.95,0.2,-0.176
36.5891,10.31594,2016-10-07,1,26.7,15.1,0.0,59.95,0.131,-0.133
37.06277452469931,9.868137952790162,2023-05-26,0,23.2,17.9,0.1,65.2,0.23,-0.038
36.136767658920775,9.792660933767776,2018-09-19,0,32.3,11.0,1.6,51.55,0.295,-0.037
34.95824105475922,8.662876493500288,2023-06-23,0,35.7,22.6,0.0,46.45,0.12,-0.087
35.36313273249409,8.950952126232423,2019-10-24,0,24.0,21.4,0.6,64.0,0.358,-0.095
36.48365057528639,8.390042029975454,2018-10-25,0,22.7,12.4,0.0,65.95,0.236,-0.177
35.505417802583295,9.176746271281218,2019-07-20,0,34.7,13.1,0.0,47.95,0.183,-0.099
36.54844776266621,10.830067279299112,2017-08-11,0,31.0,22.7,0.0,53.5,0.013,-0.009
36.470067435559706,8.658286835244871,2018-08-04,0,31.9,15.5,17.0,52.150000000000006,0.155,-0.203
35.31578,8.85198,2017-08-06,1,36.6,12.6,0.1,45.1,0.283,-0.125
36.4999039756837,10.558081795665682,2025-06-03,0,25.9,22.5,0.0,61.150000000000006,0.168,-0.085
36.697056657112704,8.660303178931418,2019-06-26,0,34.6,16.8,0.0,48.1,0.696,0.275
35.78985268417128,9.129537403072808,2020-05-08,0,22.6,23.4,0.0,66.1,0.41,0.063
37.098093964122064,9.344019004649892,2019-08-26,0,33.5,14.3,0.4,49.75,0.505,0.009
36.68275097946351,10.939712299208171,2017-06-19,0,27.9,18.8,0.0,58.150000000000006,0.01,-0.082
36.29790436815518,9.004467123085943,2019-09-03,0,25.9,20.4,0.6,61.150000000000006,0.241,-0.158
36.54673847079952,10.78164279941902,2024-06-06,0,28.4,15.8,0.0,57.400000000000006,0.204,0.009
33.87455,9.99112,2017-08-04,1,39.2,18.0,0.0,41.2,0.062,-0.145
35.05535562877388,8.53690906201824,2019-09-14,0,29.3,11.5,0.0,56.05,0.051,-0.002
36.805989746737424,11.002364977263554,2017-06-18,0,29.9,21.7,0.0,55.150000000000006,0.19,-0.205
